accepted_name,sources,synonym_count,synonyms,synonyms_detailed,accepted_name_full,accepted_authority,family,genus,species,taxon_rank,cites_appendix,cites_full_note,wcvp_plant_name_id,wcvp_ipni_id,wfo_taxon_id,basionym,first_published,place_of_publication,geographic_area,classification,unique_to_source,raw_extras
Aa figueroae,wcvp,0,,,Aa figueroae Szlach. & S.Nowak,Szlach. & S.Nowak,Orchidaceae,Aa,figueroae,Species,,,488946,77142651-1,,<NA>,(2014),Pl. Syst. Evol.,Colombia,unambiguous_accepted,wcvp,"{""climate_description"": ""montane tropical"", ""lifeform_description"": ""tuberous geophyte"", ""volume_and_page"": ""300: 1837""}"
Aa olivacea,wcvp,0,,,"Aa olivacea D.Trujillo, Rob.Fern. & Edquén","D.Trujillo, Rob.Fern. & Edquén",Orchidaceae,Aa,olivacea,Species,,,3311815,77352948-1,,<NA>,(2024),Lankesteriana,Peru,unambiguous_accepted,wcvp,"{""climate_description"": ""montane tropical"", ""lifeform_description"": ""perennial"", ""volume_and_page"": ""24: 246""}"
Aa tenebrosa,wcvp,0,,,Aa tenebrosa C.M.Martín & Scrocchi,C.M.Martín & Scrocchi,Orchidaceae,Aa,tenebrosa,Species,,,3322249,<NA>,,<NA>,(2020),Syst. Bot.,Argentina (Salta),unambiguous_accepted,wcvp,"{""climate_description"": ""subalpine or subarctic"", ""lifeform_description"": ""tuberous geophyte"", ""volume_and_page"": ""45: 762""}"
Acianthera adiri,wfo,0,,,Acianthera adiri (Brade) Pridgeon & M.W.Chase,(Brade) Pridgeon & M.W.Chase,Orchidaceae,Pleurothallis,adirii,species,,,,,wfo-0000276594,,Orquídea (Rio de Janeiro) 9: 21 (1946),,,unambiguous_accepted,wfo,"{""majorGroup"": ""A"", ""references"": ""https://powo.science.kew.org/taxon/urn:lsid:ipni.org:names:202336-2"", ""source"": ""World Checklist of Vascular Plants. Facilitated by the Royal Botanic Gardens, Kew."", ""taxonRemarks"": ""Source in seed data: wcs Update namepublishedIn from Orquídea (Rio de Janeiro) 9: 21 1946 to Orquídea (Rio de Janeiro) 9: 21 (1946), information provided by Alan E. on email Jun. 07 2021 More details could be found in <a href=http://www.theplantlist.or"", ""tplId"": ""kew-159248"", ""wfo_nomenclatural_status"": ""Valid""}"
Acianthera brachyloba,wfo,0,,,Acianthera brachyloba (Hoehne) Pridgeon,(Hoehne) Pridgeon,Orchidaceae,Acianthera,brachyloba,species,,,,,wfo-0001263741,,Lindleyana 16(4): 242 2001,,,unambiguous_accepted,wfo,"{""majorGroup"": ""A"", ""source"": ""World Checklist of Vascular Plants. Facilitated by the Royal Botanic Gardens, Kew."", ""taxonRemarks"": ""Source in seed data: tro More details could be found in <a href=http://www.theplantlist.org/tpl1.1/record/tro-50210021 >The Plant List v.1.1.</a> Originally in <a href=http://www.theplantlist.org/tpl/record/tro-50210021 >The Plant List v.1.0</a>"", ""tplId"": ""tro-50210021"", ""wfo_nomenclatural_status"": ""Valid""}"
Acianthera caucanensis,wcvp,0,,,"Acianthera caucanensis Uribe Vélez, Sauleda & Szlach.","Uribe Vélez, Sauleda & Szlach.",Orchidaceae,Acianthera,caucanensis,Species,,,3301208,77325268-1,,<NA>,(2022),New World Orchid. Nomencl. Notes,Colombia,unambiguous_accepted,wcvp,"{""climate_description"": ""wet tropical"", ""lifeform_description"": ""epiphyte"", ""volume_and_page"": ""111: 1""}"
Acianthera hatakeyamae,wcvp,0,,,Acianthera hatakeyamae Campacci & C.R.M.Silva,Campacci & C.R.M.Silva,Orchidaceae,Acianthera,hatakeyamae,Species,,,3312077,77334529-1,,<NA>,(2023),Colet. Orquídeas Brasil.,Brazil (São Paulo),unambiguous_accepted,wcvp,"{""climate_description"": ""wet tropical"", ""lifeform_description"": ""epiphyte"", ""volume_and_page"": ""19: 766""}"
Acianthera kautskyi,wcvp,0,,,Acianthera kautskyi (Pabst) Toscano & E.C.Smidt,(Pabst) Toscano & E.C.Smidt,Orchidaceae,Acianthera,kautskyi,Species,,,3301347,77328816-1,,52112,(2023),Phytotaxa,"Brazil (Espírito Santo, Rio de Janeiro)",unambiguous_accepted,wcvp,"{""climate_description"": ""wet tropical"", ""lifeform_description"": ""epiphyte"", ""volume_and_page"": ""620: 176""}"
Acianthera ortizii,wcvp,0,,,"Acianthera ortizii Uribe Vélez, Sauleda & Szlach.","Uribe Vélez, Sauleda & Szlach.",Orchidaceae,Acianthera,ortizii,Species,,,3301209,77325267-1,,<NA>,(2022),New World Orchid. Nomencl. Notes,Colombia,unambiguous_accepted,wcvp,"{""climate_description"": ""wet tropical"", ""lifeform_description"": ""epiphyte"", ""volume_and_page"": ""110: 1""}"
Acianthera rzedowskiorum,wcvp,0,,,Acianthera rzedowskiorum Solano & Karremans,Solano & Karremans,Orchidaceae,Acianthera,rzedowskiorum,Species,,,3301435,77327927-1,,<NA>,(2023),Acta Bot. Mex.,Mexico (Chiapas),unambiguous_accepted,wcvp,"{""climate_description"": ""wet tropical"", ""lifeform_description"": ""perennial or lithophyte"", ""volume_and_page"": ""130(2225): 15""}"
Adenoncos macranthus,wfo,0,,,Adenoncos macranthus Schltr.,Schltr.,Orchidaceae,Adenoncos,macranthus,species,,,,,wfo-0000772453,,Repert. Spec. Nov. Regni Veg. 21: 203 (1925),,,unambiguous_accepted,wfo,"{""majorGroup"": ""A"", ""references"": ""https://powo.science.kew.org/taxon/urn:lsid:ipni.org:names:614918-1"", ""source"": ""World Checklist of Vascular Plants. Facilitated by the Royal Botanic Gardens, Kew."", ""taxonRemarks"": ""Source in seed data: wcs Update namepublishedIn from Repert. Spec. Nov. Regni Veg. 21: 203. 1925 to Repert. Spec. Nov. Regni Veg. 21: 203 (1925), information provided by Alan E. on email Jun. 07 2021 More details could be found in <a href=http://www.thep"", ""tplId"": ""kew-3111"", ""wfo_nomenclatural_status"": ""Valid""}"
Aerangis bursiculata,wcvp,0,,,Aerangis bursiculata Hermans,Hermans,Orchidaceae,Aerangis,bursiculata,Species,,,3312048,77340869-1,,<NA>,(2024),Kew Bull.,Comoros,unambiguous_accepted,wcvp,"{""climate_description"": ""wet tropical"", ""lifeform_description"": ""epiphytic subshrub"", ""volume_and_page"": ""79: 718""}"
Aerangis divitiﬂora (Schltr.) P.J.Cribb & Carlsward,cites_pdf,3,"Angraecum divitiﬂorum Schltr., Chamaeangis divitiﬂora (Schltr.) Schltr., Microterangis divitiﬂora (Schltr.) Senghas","Angraecum divitiﬂorum Schltr. [Unknown; cites_pdf], Chamaeangis divitiﬂora (Schltr.) Schltr. [Unknown; cites_pdf], Microterangis divitiﬂora (Schltr.) Senghas [Unknown; cites_pdf]",Aerangis divitiﬂora (Schltr.) P.J.Cribb & Carlsward,,Orchidaceae,Angraecum,divitiﬂorum,,,,,,,,,,,unambiguous_accepted,cites_pdf,"{""accepted_genus"": ""Aerangis"", ""page"": 34, ""y"": 180.1}"
Aerangis luteoalba var. rhodosticta,cites_pdf,0,,,Aerangis luteoalba var. rhodosticta (Kraenzl.) J.Stewart,(Kraenzl.) J.Stewart,Orchidaceae,Aerangis,albidorubra,,,,,,,,,,,unambiguous_accepted,cites_pdf,"{""page"": 12, ""y"": 204.0}"
Aerangis pallidiﬂora H.Perrier,cites_pdf,1,Angraecum ramulicolum,Angraecum ramulicolum [Unknown; cites_pdf],Aerangis pallidiﬂora H.Perrier,,Orchidaceae,Angraecum,ramulicola,,,,,,,,,,,unambiguous_accepted,cites_pdf,"{""accepted_genus"": ""Aerangis"", ""page"": 42, ""y"": 323.6}"
Aerangis polyura,wcvp,1,Angraecum polyurum,Angraecum polyurum [Homotypic; wcvp],Aerangis polyura (Sander ex Mast.) Hermans,(Sander ex Mast.) Hermans,Orchidaceae,Aerangis,polyura,Species,,,3312052,77341301-1,,3311975,(2024),Kew Bull.,Comoros,unambiguous_accepted,wcvp,"{""climate_description"": ""seasonally dry tropical"", ""lifeform_description"": ""epiphytic subshrub"", ""volume_and_page"": ""79: 777""}"
Aerangis verdickii var. rusituensis,cites_pdf,0,,,Aerangis verdickii var. rusituensis (Fibeck & Dare) la Croix & P.J.Cribb,(Fibeck & Dare) la Croix & P.J.Cribb,Orchidaceae,Aerangis,rusituensis,,,,,,,,,,,unambiguous_accepted,cites_pdf,"{""page"": 14, ""y"": 682.2}"
Aerangis verdickii var. verdickii,cites_pdf,0,,,Aerangis verdickii var. verdickii,,Orchidaceae,Aerangis,erythrura,,,,,,,,,,,unambiguous_accepted,cites_pdf,"{""page"": 13, ""y"": 227.9}"
Aerangis x,cites_pdf,1,Angraecum x,Angraecum x [Unknown; cites_pdf],Aerangis x primulina (Rolfe) H.Perrier,primulina (Rolfe) H.Perrier,Orchidaceae,Angraecum,x,,,,,,,,,,,unambiguous_accepted,cites_pdf,"{""accepted_genus"": ""Aerangis"", ""page"": 41, ""y"": 646.4}"
Aerangis ﬂexuosa (Ridl.) Schltr.,cites_pdf,2,"Angraecum ﬂexuosum (Ridl.) Rolfe, Radinocion ﬂexuosum Ridl.","Angraecum ﬂexuosum (Ridl.) Rolfe [Unknown; cites_pdf], Radinocion ﬂexuosum Ridl. [Unknown; cites_pdf]",Aerangis ﬂexuosa (Ridl.) Schltr.,,Orchidaceae,Aerangis,elegans,,,,,,,,,,,unambiguous_accepted,cites_pdf,"{""page"": 13, ""y"": 192.1}"
Aeranthes antennifera,cites_csv,0,,,Aeranthes antennifera,,Orchidaceae,Aeranthes,antennifera,SPECIES,II,,,,,,,,,unambiguous_accepted,cites_csv,
Aeranthes arachnitis,wfo,0,,,Aeranthes arachnitis (Thouars) Lindl.,(Thouars) Lindl.,Orchidaceae,Aeranthes,arachnitis,species,,,,,wfo-0000844505,,Bot. Reg. 10: t. 817 (1824),,,unambiguous_accepted,wfo,"{""majorGroup"": ""A"", ""originalNameUsageID"": ""wfo-0000938440"", ""references"": ""https://powo.science.kew.org/taxon/urn:lsid:ipni.org:names:615075-1"", ""source"": ""World Checklist of Vascular Plants. Facilitated by the Royal Botanic Gardens, Kew."", ""taxonRemarks"": ""Source in seed data: wcs Updated scientificnameAuthorship from (Thouars) Lindl. to Lindl., information provided by Alan E. on email Oct. 12 2020 More details could be found in <a href=http://www.theplantlist.org/tpl1.1/record/kew-3904 >The Plant List v.1"", ""tplId"": ""kew-3904"", ""wfo_nomenclatural_status"": ""Valid""}"
Aeranthes bigibba,wcvp,0,,,Aeranthes bigibba Hermans & Rajaov.,Hermans & Rajaov.,Orchidaceae,Aeranthes,bigibba,Species,,,3305514,77331202-1,,<NA>,(2023),Orchids (West Palm Beach),Madagascar,unambiguous_accepted,wcvp,"{""climate_description"": ""seasonally dry tropical"", ""lifeform_description"": ""epiphytic perennial or subshrub"", ""volume_and_page"": ""92: 839""}"
Aeranthes grandiﬂora Lindl.,cites_pdf,1,Angraecum grandiﬂorum (Lindl.) auct.,Angraecum grandiﬂorum (Lindl.) auct. [Unknown; cites_pdf],Aeranthes grandiﬂora Lindl.,,Orchidaceae,Angraecum,grandiﬂorum,,,,,,,,,,,unambiguous_accepted,cites_pdf,"{""accepted_genus"": ""Aeranthes"", ""page"": 36, ""y"": 514.9}"
Aeranthes polyanthema,wfo,0,,,Aeranthes polyanthema Ridl.,Ridl.,Orchidaceae,Aeranthes,polyanthema,species,,,,,wfo-0000852581,,"J. Linn. Soc., Bot. 22: 121 (1886)",,,unambiguous_accepted,wfo,"{""majorGroup"": ""A"", ""references"": ""https://powo.science.kew.org/taxon/urn:lsid:ipni.org:names:615172-1"", ""source"": ""World Checklist of Vascular Plants. Facilitated by the Royal Botanic Gardens, Kew."", ""taxonRemarks"": ""Source in seed data: wcs Update namepublishedIn from J. Linn. Soc., Bot. 22: 121. 1886 [1887 publ. 1886] to J. Linn. Soc., Bot. 22: 121 (1886), information provided by Alan E. on email Jun. 07 2021 More details could be found in <a href=http://www.thepla"", ""tplId"": ""kew-3982"", ""wfo_nomenclatural_status"": ""Valid""}"
Aeranthes strangulatus,wfo,0,,,Aeranthes strangulatus Frapp. ex Cordem.,Frapp. ex Cordem.,Orchidaceae,Aeranthes,strangulatus,species,,,,,wfo-0001222963,,Fl. Réunion : 192 (1895),,,unambiguous_accepted,wfo,"{""majorGroup"": ""A"", ""source"": ""World Checklist of Vascular Plants. Facilitated by the Royal Botanic Gardens, Kew."", ""taxonRemarks"": ""Source in seed data: tro Update namepublishedIn from Fl. Réunion 192 1895 to Fl. Réunion : 192 (1895), information provided by Alan E. on email Jun. 07 2021 More details could be found in <a href=http://www.theplantlist.org/tpl1.1/record/tro-50025537 >"", ""tplId"": ""tro-50025537"", ""wfo_nomenclatural_status"": ""Valid""}"
Aerides augustianum,wfo,0,,,Aerides augustianum Rolfe,Rolfe,Orchidaceae,Aerides,augustianum,species,,,,,wfo-0001223004,,Lindenia 5: 39 (1889),,,unambiguous_accepted,wfo,"{""majorGroup"": ""A"", ""references"": ""https://powo.science.kew.org/taxon/urn:lsid:ipni.org:names:615200-1"", ""source"": ""World Checklist of Vascular Plants. Facilitated by the Royal Botanic Gardens, Kew."", ""taxonRemarks"": ""Source in seed data: tro Update namepublishedIn from Lindenia 5: 39 t. 210 1889 to Lindenia 5: 39 (1889), information provided by Alan E. on email Jun. 07 2021 More details could be found in <a href=http://www.theplantlist.org/tpl1.1/record/tro-50026256"", ""tplId"": ""tro-50026256"", ""wfo_nomenclatural_status"": ""Valid""}"
Aerides crassifolium,wfo,0,,,Aerides crassifolium Parish & Rchb.f.,Parish & Rchb.f.,Orchidaceae,Aerides,crassifolium,species,,,,,wfo-0001088095,,Trans. Linn. Soc. London 30(1): 145. 1874 [4 Jul 1874],,,unambiguous_accepted,wfo,"{""majorGroup"": ""A"", ""source"": ""World Checklist of Vascular Plants. Facilitated by the Royal Botanic Gardens, Kew."", ""taxonRemarks"": ""Source in seed data: tro Updated namepublishedIn from Trans. Linn. Soc. London 30: 145 1874 to Trans. Linn. Soc. London 30(1): 145. 1874 [4 Jul 1874] , information provided by Alan E. on email Oct. 12 2020 More details could be found in <a href=http://ww"", ""tplId"": ""tro-23500017"", ""wfo_nomenclatural_status"": ""Valid""}"
Aerides crispum,wfo,0,,,Aerides crispum Lindl.,Lindl.,Orchidaceae,Aerides,crispum,species,,,,,wfo-0001088096,,Numer. List [Wallich] n. 7319. 1832,,,unambiguous_accepted,wfo,"{""majorGroup"": ""A"", ""source"": ""World Checklist of Vascular Plants. Facilitated by the Royal Botanic Gardens, Kew."", ""taxonRemarks"": ""Source in seed data: tro Updated namepublishedIn from Numer. List n. 7319 1832 to Numer. List [Wallich] n. 7319. 1832 , information provided by Alan E. on email Oct. 12 2020 More details could be found in <a href=http://www.theplantlist.org/tpl1.1/record"", ""tplId"": ""tro-23500018"", ""wfo_nomenclatural_status"": ""Valid""}"
Aerides inﬂexa Teijsm. & Binn.,cites_pdf,0,,,Aerides inﬂexa Teijsm. & Binn.,,Orchidaceae,Aerides,bernhardiana,,,,,,,,,,,unambiguous_accepted,cites_pdf,"{""page"": 16, ""y"": 132.3}"
Aerides jansoni,wfo,0,,,Aerides × jansoni Rolfe,Rolfe,Orchidaceae,Aerides,jansoni,species,,,,,wfo-0000863552,,"Gard. Chron., ser. 3, 7: 66 (1890)",,,unambiguous_accepted,wfo,"{""majorGroup"": ""A"", ""references"": ""https://powo.science.kew.org/taxon/urn:lsid:ipni.org:names:615253-1"", ""source"": ""World Checklist of Vascular Plants. Facilitated by the Royal Botanic Gardens, Kew."", ""taxonRemarks"": ""Source in seed data: wcs Update namepublishedIn from Gard. Chron. ser. 3, 7: 66. 1890 to Gard. Chron. , ser. 3, 7: 66 (1890), information provided by Alan E. on email Jun. 07 2021 More details could be found in <a href=http://www.theplantlist.org/tpl1.1/"", ""tplId"": ""kew-4086"", ""wfo_nomenclatural_status"": ""Valid""}"
Aerides macmorlandii,cites_csv,0,,,Aerides macmorlandii B.S.Williams,B.S.Williams,Orchidaceae,Aerides,macmorlandii,SPECIES,II,,,,,,,,India,unambiguous_accepted,cites_csv,"{""All_DistributionISOCodes"": ""IN"", ""NativeDistributionFullNames"": ""India""}"
Aerides multiflorum,wfo,0,,,Aerides multiflorum Roxb.,Roxb.,Orchidaceae,Aerides,multiflorum,species,,,,,wfo-0001088121,,Fl. Ind. iii. 475.,,,unambiguous_accepted,wfo,"{""majorGroup"": ""A"", ""source"": ""World Checklist of Vascular Plants. Facilitated by the Royal Botanic Gardens, Kew."", ""taxonRemarks"": ""Source in seed data: tro Updated namePublishedIn from Fl. Ind., ed. 1820 3: 345 1823 to Fl. Ind. iii. 475. , according to IPNI. Information provided by Alan E. on email Jul. 15 2020. More details could be found in <a href=http://www.theplantlist.org/tpl1"", ""tplId"": ""tro-23500561"", ""wfo_nomenclatural_status"": ""Valid""}"
Aerides multiﬂora Roxb.,cites_pdf,5,"Aerides aﬃnis Wall. ex J.Lindl., Aerides multiﬂora var. dactyloides M.Ahmed, Moyeen, Pasha & Aziz Khan., Aerides multiﬂora var. godefroyana (Rchb.f.) A.H.Kent, Aerides multiﬂora var. lobbii A.H.Kent, Aerides multiﬂora var. veitchii (B.S.Williams) A.H.Kent.","Aerides aﬃnis Wall. ex J.Lindl. [Unknown; cites_pdf], Aerides multiﬂora var. dactyloides M.Ahmed, Moyeen, Pasha & Aziz Khan. [Unknown; cites_pdf], Aerides multiﬂora var. godefroyana (Rchb.f.) A.H.Kent [Unknown; cites_pdf], Aerides multiﬂora var. lobbii A.H.Kent [Unknown; cites_pdf], Aerides multiﬂora var. veitchii (B.S.Williams) A.H.Kent. [Unknown; cites_pdf]",Aerides multiﬂora Roxb.,,Orchidaceae,Aerides,aﬃnis,,,,,,,,,,,unambiguous_accepted,cites_pdf,"{""page"": 15, ""y"": 598.5}"
Aerides obyrneana,wcvp,0,,,Aerides obyrneana Metusala,Metusala,Orchidaceae,Aerides,obyrneana,Species,,,3318008,77347488-1,,<NA>,(2024),Edinburgh J. Bot.,Sulawesi,unambiguous_accepted,wcvp,"{""climate_description"": ""wet tropical"", ""lifeform_description"": ""epiphytic subshrub"", ""volume_and_page"": ""81-2001: 2""}"
Aerides odoratum,wfo,0,,,Aerides odoratum Reinw. ex Blume,Reinw. ex Blume,Orchidaceae,Aerides,odoratum,species,,,,,wfo-0001088097,,Rumphia 4: 53 1848,,,unambiguous_accepted,wfo,"{""majorGroup"": ""A"", ""source"": ""World Checklist of Vascular Plants. Facilitated by the Royal Botanic Gardens, Kew."", ""taxonRemarks"": ""Source in seed data: tro More details could be found in <a href=http://www.theplantlist.org/tpl1.1/record/tro-23500021 >The Plant List v.1.1.</a> Originally in <a href=http://www.theplantlist.org/tpl/record/tro-23500021 >The Plant List v.1.0</a>"", ""tplId"": ""tro-23500021"", ""wfo_nomenclatural_status"": ""Valid""}"
Aerides roseum,wfo,0,,,Aerides roseum Lodd. ex J.Paxton,Lodd. ex J.Paxton,Orchidaceae,Aerides,roseum,species,,,,,wfo-0001223290,,"Paxt. Fl. Gard. 2: 109, pl. 60 1853",,,unambiguous_accepted,wfo,"{""majorGroup"": ""A"", ""source"": ""World Checklist of Vascular Plants. Facilitated by the Royal Botanic Gardens, Kew."", ""taxonRemarks"": ""Source in seed data: tro More details could be found in <a href=http://www.theplantlist.org/tpl1.1/record/tro-50032231 >The Plant List v.1.1.</a> Originally in <a href=http://www.theplantlist.org/tpl/record/tro-50032231 >The Plant List v.1.0</a>"", ""tplId"": ""tro-50032231"", ""wfo_nomenclatural_status"": ""Valid""}"
Aeridostachya junghunii,wfo,0,,,Aeridostachya junghunii (J.J.Sm.) Brieger,(J.J.Sm.) Brieger,Orchidaceae,Aeridostachya,junghunii,species,,,,,wfo-0000878189,,"Orchideen Beschreib. Kult. Zücht., ed. 3, 1(11-12): 714 (1981)",,,unambiguous_accepted,wfo,"{""majorGroup"": ""A"", ""originalNameUsageID"": ""wfo-0000953120"", ""references"": ""https://powo.science.kew.org/taxon/urn:lsid:ipni.org:names:908246-1"", ""source"": ""World Checklist of Vascular Plants. Facilitated by the Royal Botanic Gardens, Kew."", ""taxonRemarks"": ""Source in seed data: wcs Update namepublishedIn from Orchideen (Schlechter) 1(11-12): 714. 1981 to Orchideen Beschreib. Kult. Zücht. , ed. 3, 1(11-12): 714 (1981), information provided by Alan E. on email Jun. 07 2021 More details could be found in <a h"", ""tplId"": ""kew-4226"", ""wfo_nomenclatural_status"": ""Valid""}"
Agrostophyllum dewildeorum,wcvp,0,,,Agrostophyllum dewildeorum Ormerod,Ormerod,Orchidaceae,Agrostophyllum,dewildeorum,Species,,,496119,77144901-1,,<NA>,(2014),Taiwania,Sumatera,unambiguous_accepted,wcvp,"{""climate_description"": ""wet tropical"", ""lifeform_description"": ""epiphytic rhizomatous subshrub"", ""volume_and_page"": ""59: 333""}"
Agrostophyllum djaratense,wcvp,0,,,Agrostophyllum djaratense Schltr.,Schltr.,Orchidaceae,Agrostophyllum,djaratense,Species,,,4870,615439-1,,<NA>,(1911),Beibl. Bot. Jahrb. Syst.,Pen. Malaysia (Perak) to Sumatera,unambiguous_accepted,wcvp,"{""climate_description"": ""wet tropical"", ""lifeform_description"": ""epiphytic rhizomatous subshrub"", ""volume_and_page"": ""104: 23""}"
Agrostophyllum potamophilum,wcvp,0,,,Agrostophyllum potamophilum Schltr.,Schltr.,Orchidaceae,Agrostophyllum,potamophilum,Species,,,4930,615493-1,,<NA>,(1912),Repert. Spec. Nov. Regni Veg. Beih.,Papua New Guinea,unambiguous_accepted,wcvp,"{""climate_description"": ""wet tropical"", ""lifeform_description"": ""epiphytic rhizomatous subshrub"", ""volume_and_page"": ""1: 271""}"
Anacamptis barlae,wcvp,0,,,"Anacamptis × barlae (E.G.Camus) Biagioli, Licheri & Medau","(E.G.Camus) Biagioli, Licheri & Medau",Orchidaceae,Anacamptis,barlae,Species,,,3317986,77348202-1,,142253,(2024),GIROS Orch. Spont. Eur.,S. Europe,unambiguous_accepted,wcvp,"{""climate_description"": ""subtropical"", ""hybrid"": true, ""lifeform_description"": ""tuberous geophyte"", ""volume_and_page"": ""67: 10""}"
Anacamptis kallithea,wcvp,0,,,Anacamptis × kallithea E.Klein & Güler,E.Klein & Güler,Orchidaceae,Anacamptis,kallithea,Species,,,3302093,77313935-1,,<NA>,(2022),Res. Türkiye Fl.,Türkiye,unambiguous_accepted,wcvp,"{""climate_description"": ""temperate"", ""hybrid"": true, ""lifeform_description"": ""tuberous geophyte"", ""volume_and_page"": ""3a: 310""}"
Anacamptis pauliana,wcvp,0,,,Anacamptis × pauliana (Malinv.) Biagioli,(Malinv.) Biagioli,Orchidaceae,Anterioherorchis,pauliana,Species,,,456389,77103191-1,,143058,(2009),Naturalistes Belges,S. Europe,unambiguous_accepted,wcvp,"{""hybrid"": true, ""volume_and_page"": ""90: 31""}"
Anacamptis timbali,wfo,3,"Anteriopaludorchis timbali, Orchis timbali, Paludomeulenia timbali","Anteriopaludorchis timbali [Unknown; wfo], Orchis timbali [Unknown; wfo], Paludomeulenia timbali [Unknown; wfo]",Anacamptis × timbali nothosubsp. × timbali,"(Velen.) H.Kretzschmar, Eccarius & H.Dietr.",Orchidaceae,Orchis,barlae,species,,,,,wfo-0000258953,,J. Bot. (Morot) 6: 406 (1892),,,unambiguous_accepted,wfo,"{""majorGroup"": ""A"", ""references"": ""https://powo.science.kew.org/taxon/urn:lsid:ipni.org:names:77078886-1"", ""source"": ""World Checklist of Vascular Plants. Facilitated by the Royal Botanic Gardens, Kew."", ""taxonRemarks"": ""Source in seed data: wcs Updated taxonomicstatus from synonym to Synonym, acceptedNameId from Null to wfo-0001426649, information provided by Alan E. on email Nov. 16 2021 More details could be found in <a href=http://www.theplantlist.org/tpl1.1/record/k"", ""tplId"": ""kew-142253"", ""wfo_nomenclatural_status"": ""Valid""}"
Anacamptorchis bonnieriana,wcvp,1,Orchis bonnieriana,Orchis bonnieriana [Homotypic; wcvp],× Anacamptorchis bonnieriana (E.G.Camus) B.Bock,(E.G.Camus) B.Bock,Orchidaceae,Orchis,bonnieriana,Species,,,142281,648409-1,,<NA>,(1892),J. Bot. (Morot),,unambiguous_accepted,wcvp,"{""hybrid"": true, ""volume_and_page"": ""6: 416""}"
Anamantoglossum almeriense,wcvp,1,Barlorchis almeriensis,Barlorchis almeriensis [Nomenclatural; wcvp],× Anamantoglossum almeriense (Pallarés) J.M.H.Shaw,(Pallarés) J.M.H.Shaw,Orchidaceae,Barlorchis,almeriensis,Species,,,488301,77137513-1,,<NA>,(1999),Orquíd. Almería,,unambiguous_accepted,wcvp,"{""hybrid"": true, ""nomenclatural_remarks"": "", type not specified."", ""volume_and_page"": "": 165""}"
Anathallis ochracea,wcvp,0,,,Anathallis ochracea Sambin & Aucourd,Sambin & Aucourd,Orchidaceae,Anathallis,ochracea,Species,,,3301667,77313415-1,,<NA>,(2023),"Richardiana, N.S.",French Guiana,unambiguous_accepted,wcvp,"{""climate_description"": ""wet tropical"", ""lifeform_description"": ""epiphyte"", ""volume_and_page"": ""7: 54""}"
Anathallis subulata,wcvp,0,,,Anathallis subulata Sambin & Aucourd,Sambin & Aucourd,Orchidaceae,Anathallis,subulata,Species,,,3301670,77313416-1,,<NA>,(2023),"Richardiana, N.S.",French Guiana,unambiguous_accepted,wcvp,"{""climate_description"": ""wet tropical"", ""lifeform_description"": ""epiphyte"", ""volume_and_page"": ""7: 62""}"
Andinia barba-caprina,wcvp,0,,,Andinia barba-caprina Ocupa & S.Vieira-Uribe,Ocupa & S.Vieira-Uribe,Orchidaceae,Andinia,barba-caprina,Species,,,3290397,77297707-1,,<NA>,(2021),Lankesteriana,Peru,unambiguous_accepted,wcvp,"{""climate_description"": ""wet tropical"", ""lifeform_description"": ""epiphyte"", ""volume_and_page"": ""21: 298""}"
Andinia barbacaprina,wfo,0,,,Andinia barbacaprina Ocupa & S.Vieira-Uribe,Ocupa & S.Vieira-Uribe,Orchidaceae,Andinia,barbacaprina,species,,,,,wfo-1000025462,,Lankesteriana 21: 298 (2021),,,unambiguous_accepted,wfo,"{""majorGroup"": ""A"", ""references"": ""https://powo.science.kew.org/taxon/urn:lsid:ipni.org:names:77297707-1"", ""source"": ""World Checklist of Vascular Plants. Facilitated by the Royal Botanic Gardens, Kew."", ""wfo_nomenclatural_status"": ""Valid""}"
Andreettaea barberiana,wcvp,0,,,Andreettaea barberiana (Rchb.f.) Karremans,(Rchb.f.) Karremans,Orchidaceae,Verapazia,barbaeriana,Species,,,531885,77193045-1,,159396,(2018),"Richardiana, N.S.",Colombia to Ecuador,unambiguous_accepted,wcvp,"{""volume_and_page"": ""2: 167""}"
Andreettaea bota-caucanensis,wcvp,1,Muscarella bota-caucanensis,Muscarella bota-caucanensis [Homotypic; wcvp],Andreettaea bota-caucanensis (Uribe Vélez & Sauleda) Karremans,(Uribe Vélez & Sauleda) Karremans,Orchidaceae,Andreettaea,bota-caucanensis,Species,,,3302020,77332603-1,,548499,(2023),Lankesteriana,Colombia,unambiguous_accepted,wcvp,"{""climate_description"": ""wet tropical"", ""lifeform_description"": ""epiphyte"", ""volume_and_page"": ""23(2): 203""}"
Andreettaea fimbriata,wcvp,0,,,Andreettaea fimbriata (Ames & C.Schweinf.) Pupulin,(Ames & C.Schweinf.) Pupulin,Orchidaceae,Muscarella,fimbriata,Species,,,347455,77079490-1,,121373,(2006),Monogr. Syst. Bot. Missouri Bot. Gard.,S. Mexico to C. America,unambiguous_accepted,wcvp,"{""climate_description"": ""wet tropical"", ""lifeform_description"": ""epiphyte"", ""volume_and_page"": ""105: 103""}"
Angraecopsis parviﬂora (Thouars) Schltr.,cites_pdf,1,Angraecum parviﬂorum Thouars,Angraecum parviﬂorum Thouars [Unknown; cites_pdf],Angraecopsis parviﬂora (Thouars) Schltr.,,Orchidaceae,Angraecum,parviﬂorum,,,,,,,,,,,unambiguous_accepted,cites_pdf,"{""accepted_genus"": ""Angraecopsis"", ""page"": 41, ""y"": 96.4}"
Angraecum archangelicum,wcvp,0,,,Angraecum archangelicum Hermans & Sieder,Hermans & Sieder,Orchidaceae,Angraecum,archangelicum,Species,,,3300974,<NA>,,<NA>,(2020),Kew Bull.,Madagascar,unambiguous_accepted,wcvp,"{""climate_description"": ""wet tropical"", ""volume_and_page"": ""75(4)-49: 1""}"
Angraecum aﬃne Schltr.,cites_pdf,0,,,Angraecum aﬃne Schltr.,,Orchidaceae,Angraecum,ligulatum,,,,,,,,,,,unambiguous_accepted,cites_pdf,"{""page"": 38, ""y"": 263.8}"
Angraecum eburneum subsp. eburneum,cites_pdf,1,Angraecum eburneum var. virens,Angraecum eburneum var. virens [Unknown; cites_pdf],Angraecum eburneum subsp. eburneum,,Orchidaceae,Angraecum,eburneum,,,,,,,,,,,unambiguous_accepted,cites_pdf,"{""page"": 34, ""y"": 479.0}"
Angraecum eburneum subsp. giryamae,cites_pdf,0,,,Angraecum eburneum subsp. giryamae (Rendle) Senghas & P.J.Cribb,(Rendle) Senghas & P.J.Cribb,Orchidaceae,Angraecum,giryamae,,,,,,,,,,,unambiguous_accepted,cites_pdf,"{""page"": 36, ""y"": 216.0}"
Angraecum edmundi,wcvp,1,Pectinariella edmundi,Pectinariella edmundi [Homotypic; wcvp],Angraecum edmundi (Bosser ex Verlynde & Ramand.) Hermans & Verlynde,(Bosser ex Verlynde & Ramand.) Hermans & Verlynde,Orchidaceae,Angraecum,edmundi,Species,,,3300975,<NA>,,526357,(2020),Kew Bull.,Madagascar,unambiguous_accepted,wcvp,"{""climate_description"": ""wet tropical"", ""volume_and_page"": ""75(4)-49: 12""}"
Angraecum eichlerianum var. curvicalcaratum,cites_pdf,1,Eichlerangraecum eichlerianum var. curvicalcaratum,Eichlerangraecum eichlerianum var. curvicalcaratum [Unknown; cites_pdf],Angraecum eichlerianum var. curvicalcaratum Szlach. & Olszewski,Szlach. & Olszewski,Orchidaceae,Eichlerangraecum,eichlerianum,,,,,,,,,,,unambiguous_accepted,cites_pdf,"{""accepted_genus"": ""Angraecum"", ""page"": 330, ""y"": 311.6}"
Angraecum eichlerianum var. eichlerianum,cites_pdf,0,,,Angraecum eichlerianum var. eichlerianum,,Orchidaceae,Angraecum,arnoldianum,,,,,,,,,,,unambiguous_accepted,cites_pdf,"{""page"": 30, ""y"": 502.9}"
Angraecum hermanni,wcvp,2,"Mystacidium hermanni, Pectinariella hermanni","Mystacidium hermanni [Homotypic; wcvp], Pectinariella hermanni [Homotypic; wcvp]",Angraecum hermanni (Cordem.) Schltr.,(Cordem.) Schltr.,Orchidaceae,Mystacidium,hermanni,Species,,,132937,645120-1,,<NA>,(1899),Rev. Gén. Bot.,Réunion,unambiguous_accepted,wcvp,"{""volume_and_page"": ""11: 421""}"
Angraecum macilentum,cites_csv,0,,,Angraecum macilentum Frapp.,Frapp.,Orchidaceae,Angraecum,macilentum,SPECIES,II,,,,,,,,Réunion,unambiguous_accepted,cites_csv,"{""All_DistributionISOCodes"": ""RE"", ""NativeDistributionFullNames"": ""Réunion""}"
Angraecum mahajangense,wcvp,0,,,Angraecum mahajangense Junginger,Junginger,Orchidaceae,Angraecum,mahajangense,Species,,,3317938,77351579-1,,<NA>,(2024),OrchideenJ.,Madagascar,unambiguous_accepted,wcvp,"{""climate_description"": ""wet tropical"", ""volume_and_page"": ""11(1)-e: 21""}"
Angraecum multiﬂorum Thouars,cites_pdf,7,"Aerobion multiﬂorum (Thouars) Spreng., Angraecum caulescens var. multiﬂorum, Epidorkis multiﬂora (Thouars) Kuntze, Gomphocentrum multiﬂorum (Thouars) Szlach., Mytnik & Grochocka., Monixus multiﬂorus (Thouars) Finet., Mystacidium caulescens var. multiﬂorum, Mystacidium multiﬂorum (Thouars) Cordem.","Aerobion multiﬂorum (Thouars) Spreng. [Unknown; cites_pdf], Angraecum caulescens var. multiﬂorum [Unknown; cites_pdf], Epidorkis multiﬂora (Thouars) Kuntze [Unknown; cites_pdf], Gomphocentrum multiﬂorum (Thouars) Szlach., Mytnik & Grochocka. [Unknown; cites_pdf], Monixus multiﬂorus (Thouars) Finet. [Unknown; cites_pdf], Mystacidium caulescens var. multiﬂorum [Unknown; cites_pdf], Mystacidium multiﬂorum (Thouars) Cordem. [Unknown; cites_pdf]",Angraecum multiﬂorum Thouars,,Orchidaceae,Aerobion,multiﬂorum,,,,,,,,,,,unambiguous_accepted,cites_pdf,"{""accepted_genus"": ""Angraecum"", ""page"": 21, ""y"": 227.9}"
Angraecum polyphemus,wcvp,0,,,Angraecum polyphemus Hermans & Verlynde,Hermans & Verlynde,Orchidaceae,Angraecum,polyphemus,Species,,,3300976,<NA>,,<NA>,(2020),Kew Bull.,Madagascar,unambiguous_accepted,wcvp,"{""climate_description"": ""wet tropical"", ""volume_and_page"": ""75(4)-49: 2""}"
Angraecum pseudoﬁlicornu H.Perrier,cites_pdf,1,"Arachnangraecum pseudoﬁlicornu (H.Perrier) Szlach., Mytnik & Grochocka.","Arachnangraecum pseudoﬁlicornu (H.Perrier) Szlach., Mytnik & Grochocka. [Unknown; cites_pdf]",Angraecum pseudoﬁlicornu H.Perrier,,Orchidaceae,Arachnangraecum,pseudoﬁlicornu,,,,,,,,,,,unambiguous_accepted,cites_pdf,"{""accepted_genus"": ""Angraecum"", ""page"": 51, ""y"": 287.7}"
Angraecum pygmaeum,cites_csv,0,,,Angraecum pygmaeum Linden,Linden,Orchidaceae,Angraecum,pygmaeum,SPECIES,II,,,,,,,,Japan,unambiguous_accepted,cites_csv,"{""All_DistributionISOCodes"": ""JP"", ""NativeDistributionFullNames"": ""Japan""}"
Angraecum rotundifolium,wcvp,0,,,Angraecum rotundifolium Hermans,Hermans,Orchidaceae,Angraecum,rotundifolium,Species,,,3300977,<NA>,,<NA>,(2020),Kew Bull.,Madagascar,unambiguous_accepted,wcvp,"{""climate_description"": ""wet tropical"", ""volume_and_page"": ""75(4)-49: 8""}"
Angraecum scroticalcar,wcvp,1,Pectinariella scroticalcar,Pectinariella scroticalcar [Homotypic; wcvp],Angraecum scroticalcar (Verlynde & Ramand.) Hermans & Verlynde,(Verlynde & Ramand.) Hermans & Verlynde,Orchidaceae,Angraecum,scroticalcar,Species,,,3300978,<NA>,,526364,(2020),Kew Bull.,Madagascar,unambiguous_accepted,wcvp,"{""climate_description"": ""wet tropical"", ""volume_and_page"": ""75(4)-49: 12""}"
Angraecum sesquipedale var. angustifolium,cites_pdf,0,,,Angraecum sesquipedale var. angustifolium Bosser & Morat,Bosser & Morat,Orchidaceae,Angraecum,bosseri,,,,,,,,,,,unambiguous_accepted,cites_pdf,"{""page"": 31, ""y"": 395.3}"
Angraecum sinuatiﬂorum H.Perrier,cites_pdf,1,"Boryangraecum sinuatiﬂorum (H.Perrier) Szlach., Mytnik & Grochocka.","Boryangraecum sinuatiﬂorum (H.Perrier) Szlach., Mytnik & Grochocka. [Unknown; cites_pdf]",Angraecum sinuatiﬂorum H.Perrier,,Orchidaceae,Boryangraecum,sinuatiﬂorum,,,,,,,,,,,unambiguous_accepted,cites_pdf,"{""accepted_genus"": ""Angraecum"", ""page"": 56, ""y"": 455.1}"
Angraecum veitchii,wcvp,0,,,Angraecum × veitchii Mast.,Mast.,Orchidaceae,Angraecum,veitchii,Species,,,536965,77213100-1,,<NA>,(1899),Gard. Chron.,,unambiguous_accepted,wcvp,"{""hybrid"": true, ""volume_and_page"": "", ser. 3, 25: 31""}"
Angraecum viridiﬂorum Cordem.,cites_pdf,1,"Lesliegraecum viridiﬂorum (Cordem.) Szlach., Mytnik & Grochocka.","Lesliegraecum viridiﬂorum (Cordem.) Szlach., Mytnik & Grochocka. [Unknown; cites_pdf]",Angraecum viridiﬂorum Cordem.,,Orchidaceae,Lesliegraecum,viridiﬂorum,,,,,,,,,,,unambiguous_accepted,cites_pdf,"{""accepted_genus"": ""Angraecum"", ""page"": 396, ""y"": 538.8}"
Angraecum yuccifolium,cites_csv,0,,,Angraecum yuccifolium Bojer,Bojer,Orchidaceae,Angraecum,yuccifolium,SPECIES,II,,,,,,,,Mauritius,unambiguous_accepted,cites_csv,"{""All_DistributionISOCodes"": ""MU"", ""NativeDistributionFullNames"": ""Mauritius""}"
Angraecum ﬁlicornu Thouars,cites_pdf,2,"Aerobion ﬁlicornu (Thouars) Spreng., Pseudojumellea ﬁlicornu (Thouars) Szlach., Mytnik & Grochocka","Aerobion ﬁlicornu (Thouars) Spreng. [Unknown; cites_pdf], Pseudojumellea ﬁlicornu (Thouars) Szlach., Mytnik & Grochocka [Unknown; cites_pdf]",Angraecum ﬁlicornu Thouars,,Orchidaceae,Aeranthes,thouarsii,,,,,,,,,,,unambiguous_accepted,cites_pdf,"{""accepted_genus"": ""Angraecum"", ""page"": 15, ""y"": 526.8}"
Angraecum ﬂavidum Bosser,cites_pdf,1,"Boryangraecum ﬂavidum (Bosser) Szlach., Mytnik & Grochocka. .","Boryangraecum ﬂavidum (Bosser) Szlach., Mytnik & Grochocka. . [Unknown; cites_pdf]",Angraecum ﬂavidum Bosser,,Orchidaceae,Boryangraecum,ﬂavidum,,,,,,,,,,,unambiguous_accepted,cites_pdf,"{""accepted_genus"": ""Angraecum"", ""page"": 56, ""y"": 335.5}"
Angraecum ﬂoribundum Bosser,cites_pdf,1,"Lemurangis ﬂoribunda (Bosser) Szlach., Mytnik & Grochocka","Lemurangis ﬂoribunda (Bosser) Szlach., Mytnik & Grochocka [Unknown; cites_pdf]",Angraecum ﬂoribundum Bosser,,Orchidaceae,Lemurangis,ﬂoribunda,,,,,,,,,,,unambiguous_accepted,cites_pdf,"{""accepted_genus"": ""Angraecum"", ""page"": 395, ""y"": 419.2}"
Angraecum ﬂorulentum Rchb.f.,cites_pdf,1,"Pseudojumellea ﬂorulenta (Rchb.f.) Szlach., Mytnik & Grochocka","Pseudojumellea ﬂorulenta (Rchb.f.) Szlach., Mytnik & Grochocka [Unknown; cites_pdf]",Angraecum ﬂorulentum Rchb.f.,,Orchidaceae,Pseudojumellea,ﬂorulenta,,,,,,,,,,,unambiguous_accepted,cites_pdf,"{""accepted_genus"": ""Angraecum"", ""page"": 475, ""y"": 383.3}"
Anguloa intermedia,wcvp,0,,,Anguloa × intermedia Rolfe,Rolfe,Orchidaceae,Anguloa,intermedia,Species,,,9790,616509-1,,<NA>,(1888),Gard. Chron.,,unambiguous_accepted,wcvp,"{""hybrid"": true, ""volume_and_page"": "", ser. 3, 3: 798""}"
Anguloa madouxiana,wcvp,0,,,Anguloa × madouxiana Lindl.,Lindl.,Orchidaceae,Anguloa,madouxiana,Species,,,9793,616512-1,,<NA>,(1894),J. Orchidées,,unambiguous_accepted,wcvp,"{""hybrid"": true, ""volume_and_page"": ""5: 124""}"
Anoectochilus argyroneurus,wcvp,1,Anoectochilus lobbii,Anoectochilus lobbii [Heterotypic; wcvp],Anoectochilus argyroneurus K.Koch & Lauche,K.Koch & Lauche,Orchidaceae,Anoectochilus,lobbii,Species,,,470824,77236640-1,,<NA>,(1862),Orch.-Grow. Man.,,unambiguous_accepted,wcvp,"{""volume_and_page"": "", ed. 2: 49""}"
Anoectochilus buqunhuensis,wcvp,0,,,Anoectochilus × buqunhuensis H.Z.Tian & C.Xing Li,H.Z.Tian & C.Xing Li,Orchidaceae,Anoectochilus,buqunhuensis,Species,,,3312065,77354463-1,,<NA>,(2024),Phytotaxa,Tibet,unambiguous_accepted,wcvp,"{""climate_description"": ""subtropical"", ""hybrid"": true, ""lifeform_description"": ""rhizomatous geophyte"", ""volume_and_page"": ""678: 50""}"
Anoectochilus geniculata,wfo,0,,,Anoectochilus geniculata Ridl.,Ridl.,Orchidaceae,Anoectochilus,geniculata,species,,,,,wfo-0000216692,,"J. Linn. Soc., Bot. 32: 406 (1896)",,,unambiguous_accepted,wfo,"{""majorGroup"": ""A"", ""references"": ""https://powo.science.kew.org/taxon/urn:lsid:ipni.org:names:616576-1"", ""source"": ""World Checklist of Vascular Plants. Facilitated by the Royal Botanic Gardens, Kew."", ""taxonRemarks"": ""Source in seed data: wcs Update namepublishedIn from J. Linn. Soc., Bot. 32: 406. 1896 to J. Linn. Soc., Bot. 32: 406 (1896), information provided by Alan E. on email Jun. 07 2021 More details could be found in <a href=http://www.theplantlist.org/tpl1.1/"", ""tplId"": ""kew-10180"", ""wfo_nomenclatural_status"": ""Valid""}"
Anoectochilus lalashanensis,wcvp,0,,,Anoectochilus lalashanensis S.S.Ying,S.S.Ying,Orchidaceae,Anoectochilus,lalashanensis,Species,,,3302038,77331978-1,,<NA>,(2023),New Taxa New Names,Taiwan,unambiguous_accepted,wcvp,"{""climate_description"": ""subtropical"", ""lifeform_description"": ""perennial or rhizomatous geophyte"", ""volume_and_page"": ""6: 537""}"
Anoectochilus semiresupinatus,wcvp,0,,,Anoectochilus semiresupinatus T.C.Hsu & S.W.Chung,T.C.Hsu & S.W.Chung,Orchidaceae,Anoectochilus,semiresupinatus,Species,,,3302008,77314617-1,,<NA>,(2017),Ill. Fl. Taiwan,Taiwan,unambiguous_accepted,wcvp,"{""climate_description"": ""subtropical"", ""lifeform_description"": ""perennial"", ""volume_and_page"": ""1: 294""}"
Anoectochilus yatesae,wfo,0,,,Anoectochilus yatesae F.M.Bailey,F.M.Bailey,Orchidaceae,Anoectochilus,yatesae,species,,,,,wfo-0000217531,,Queensland Agric. J. xix. 148 (1907).,,,unambiguous_accepted,wfo,"{""majorGroup"": ""A"", ""source"": ""World Checklist of Vascular Plants. Facilitated by the Royal Botanic Gardens, Kew."", ""taxonRemarks"": ""Source in seed data: wcs Updated scientificName from Anoectochilus yatesiae to Anoectochilus yatesae, according to IPNI. Information provided by Alan E. on email Jul. 15 2020. More details could be found in <a href=http://www.theplantlist.org/tpl1.1/reco"", ""tplId"": ""kew-10260"", ""wfo_nomenclatural_status"": ""Valid""}"
Anoectochilus zhongshanensis,wcvp,0,,,Anoectochilus zhongshanensis C.Jian Zheng & Yan B.Wu,C.Jian Zheng & Yan B.Wu,Orchidaceae,Anoectochilus,zhongshanensis,Species,,,3301408,77329347-1,,<NA>,(2023),PhytoKeys,China (Guangxi),unambiguous_accepted,wcvp,"{""climate_description"": ""subtropical"", ""lifeform_description"": ""rhizomatous geophyte"", ""volume_and_page"": ""234: 208""}"
Apostasia fujianica,wcvp,0,,,Apostasia fujianica Yuan Y.Li & S.R.Lan,Yuan Y.Li & S.R.Lan,Orchidaceae,Apostasia,fujianica,Species,,,3301989,77313878-1,,<NA>,(2023),Phytotaxa,China (Fujian),unambiguous_accepted,wcvp,"{""climate_description"": ""subtropical"", ""lifeform_description"": ""perennial or rhizomatous geophyte"", ""volume_and_page"": ""583: 281""}"
Appendicula sepikana,wfo,0,,,Appendicula sepikana Schltr.,Schltr.,Orchidaceae,Appendicula,sepikana,species,,,,,wfo-0000252112,,Bot. Jahrb. Syst. 58: 90 (1922),,,unambiguous_accepted,wfo,"{""majorGroup"": ""A"", ""references"": ""https://powo.science.kew.org/taxon/urn:lsid:ipni.org:names:616959-1"", ""source"": ""World Checklist of Vascular Plants. Facilitated by the Royal Botanic Gardens, Kew."", ""taxonRemarks"": ""Source in seed data: wcs Update namepublishedIn from Bot. Jahrb. Syst. 58(1): 90. 1922 [1 Dec 1922] to Bot. Jahrb. Syst. 58: 90 (1922), information provided by Alan E. on email Jun. 07 2021 More details could be found in <a href=http://www.theplantlist.o"", ""tplId"": ""kew-13575"", ""wfo_nomenclatural_status"": ""Valid""}"
Appendicula spicata,wcvp,0,,,Appendicula spicata Aver. & Vuong,Aver. & Vuong,Orchidaceae,Appendicula,spicata,Species,,,3313479,77344702-1,,<NA>,(2024),Phytotaxa,Vietnam,unambiguous_accepted,wcvp,"{""climate_description"": ""wet tropical"", ""lifeform_description"": ""epiphyte"", ""volume_and_page"": ""658: 32""}"
Appendicula tubilaria,wfo,0,,,Appendicula tubilaria J.J.Wood,J.J.Wood,Orchidaceae,Appendicula,tubilaria,species,,,,,wfo-0000922912,,Orchids Mount Kinabalu 2: 39 (2011),,,unambiguous_accepted,wfo,"{""majorGroup"": ""A"", ""references"": ""https://powo.science.kew.org/taxon/urn:lsid:ipni.org:names:77113742-1"", ""source"": ""World Checklist of Vascular Plants. Facilitated by the Royal Botanic Gardens, Kew."", ""taxonRemarks"": ""Source in seed data: wcs Update namepublishedIn from Orchids Mount Kinabalu 2: 39 (-42; fig. 2.19, pl. 3E). 2011 [11 Jan 2011] to Orchids Mount Kinabalu 2: 39 (2011), information provided by Alan E. on email Jun. 07 2021 More details could be found in <a"", ""tplId"": ""kew-468587"", ""wfo_nomenclatural_status"": ""Valid""}"
Arachnis cathcarthii,wfo,0,,,Arachnis cathcarthii (Lindl.) J.J.Sm.,(Lindl.) J.J.Sm.,Orchidaceae,Arachnanthe,cathcartii,species,,,,,wfo-0000252931,,Gen. Pl. 3: 573 (1883),,,unambiguous_accepted,wfo,"{""majorGroup"": ""A"", ""originalNameUsageID"": ""wfo-0000330995"", ""references"": ""https://powo.science.kew.org/taxon/urn:lsid:ipni.org:names:616990-1"", ""source"": ""World Checklist of Vascular Plants. Facilitated by the Royal Botanic Gardens, Kew."", ""taxonRemarks"": ""Source in seed data: wcs Update namepublishedIn from Gen. Pl. [Bentham & Hooker f.] 3(2): 573. 1883 [14 Apr 1883] to Gen. Pl. 3: 573 (1883), information provided by Alan E. on email Jun. 07 2021 More details could be found in <a href=http://www.theplantl"", ""tplId"": ""kew-13653"", ""wfo_nomenclatural_status"": ""Valid""}"
Arachnis labrosa var. labrosa,cites_pdf,0,,,Arachnis labrosa var. labrosa,,Orchidaceae,Renanthera,bilinguis,,,,,,,,,,,unambiguous_accepted,cites_pdf,"{""accepted_genus"": ""Arachnis"", ""page"": 476, ""y"": 526.8}"
Arachnis x,cites_pdf,1,Renanthera x,Renanthera x [Unknown; cites_pdf],Arachnis x maingayi (Hook.f.) Schltr.,maingayi (Hook.f.) Schltr.,Orchidaceae,Renanthera,x,,,,,,,,,,,unambiguous_accepted,cites_pdf,"{""accepted_genus"": ""Arachnis"", ""page"": 477, ""y"": 156.2}"
Arachnis ﬂos-aeris (L.) Rchb.f.,cites_pdf,1,Renanthera ﬂos-aeris (L.) Rchb.f.,Renanthera ﬂos-aeris (L.) Rchb.f. [Unknown; cites_pdf],Arachnis ﬂos-aeris (L.) Rchb.f.,,Orchidaceae,Aerides,arachnites,,,,,,,,,,,unambiguous_accepted,cites_pdf,"{""accepted_genus"": ""Arachnis"", ""page"": 15, ""y"": 765.9}"
Arundina graminifolia subsp. graminifolia,cites_pdf,0,,,Arundina graminifolia subsp. graminifolia,,Orchidaceae,Cymbidium,meyenii,,,,,,,,,,,unambiguous_accepted,cites_pdf,"{""accepted_genus"": ""Arundina"", ""page"": 224, ""y"": 132.3}"
Barkeria wixarika,wcvp,0,,,Barkeria wixarika León-Peralta & Pérez-García,León-Peralta & Pérez-García,Orchidaceae,Barkeria,wixarika,Species,,,3312665,77352574-1,,<NA>,(2024),Phytotaxa,Mexico (Nayarit),unambiguous_accepted,wcvp,"{""climate_description"": ""seasonally dry tropical"", ""lifeform_description"": ""epiphyte"", ""volume_and_page"": ""674: 266""}"
Beclardia macrostachys,wfo,9,"Aeranthes brachystachya, Aeranthes macrostachys, Beclardia brachystachya, Epidendrum brachystachyum, Epidendrum macrostachys, Epidorkis brachystachya, Epidorkis macrostachys, Oeonia brachystachya, Oeonia macrostachys","Aeranthes brachystachya [Unknown; wfo], Aeranthes macrostachys [Unknown; wfo], Beclardia brachystachya [Unknown; wfo], Epidendrum brachystachyum [Unknown; wfo], Epidendrum macrostachys [Unknown; wfo], Epidorkis brachystachya [Unknown; wfo], Epidorkis macrostachys [Unknown; wfo], Oeonia brachystachya [Unknown; wfo], Oeonia macrostachys [Unknown; wfo]",Beclardia macrostachys (Thouars) A.Rich.,(Thouars) A.Rich.,Orchidaceae,Oeonia,brachystachya,species,,,,,wfo-0000254582,,Gen. Sp. Orchid. Pl. : 245 (1833),,,unambiguous_accepted,wfo,"{""majorGroup"": ""A"", ""originalNameUsageID"": ""wfo-0000949626"", ""references"": ""https://powo.science.kew.org/taxon/urn:lsid:ipni.org:names:614962-1"", ""source"": ""World Checklist of Vascular Plants. Facilitated by the Royal Botanic Gardens, Kew."", ""taxonRemarks"": ""Source in seed data: wcs Updated scientificnameAuthorship from (Thouars) Lindl. to Lindl., information provided by Alan E. on email Oct. 12 2020 More details could be found in <a href=http://www.theplantlist.org/tpl1.1/record/kew-138092 >The Plant List v"", ""tplId"": ""kew-138092"", ""wfo_nomenclatural_status"": ""Valid""}"
Bensteinia dodsonii,wcvp,1,Ackersteinia dodsonii,Ackersteinia dodsonii [Nomenclatural; wcvp],× Bensteinia dodsonii (Neudecker) Christenson,(Neudecker) Christenson,Orchidaceae,Ackersteinia,dodsonii,Species,,,2092,304340-2,,<NA>,(1994),Orquideologia,,unambiguous_accepted,wcvp,"{""hybrid"": true, ""nomenclatural_remarks"": "", herbarium where type is conserved not specified."", ""volume_and_page"": ""19: 26""}"
Benthamia gracilis,wcvp,1,Benthamia micrantha,Benthamia micrantha [Nomenclatural; wcvp],Benthamia gracilis J.M.H.Shaw,J.M.H.Shaw,Orchidaceae,Cynorkis,micrantha,Species,,,53667,625411-1,,98203,(1915),Bot. Jahrb. Syst.,"Madagascar, Réunion",unambiguous_accepted,wcvp,"{""climate_description"": ""wet tropical"", ""lifeform_description"": ""tuberous geophyte"", ""volume_and_page"": ""53: 488""}"
Benthamia grandiflora,wfo,0,,,Benthamia grandiflora (Kleeb. ex A.Gray) Druce,(Kleeb. ex A.Gray) Druce,Orchidaceae,Benthamia,grandiflora,species,,,,,wfo-0001243378,,Rep. Bot. Soc. Exch. Club Brit. Isles 4(3): 298 1916,,,unambiguous_accepted,wfo,"{""majorGroup"": ""A"", ""source"": ""World Checklist of Vascular Plants. Facilitated by the Royal Botanic Gardens, Kew."", ""taxonRemarks"": ""Source in seed data: tro More details could be found in <a href=http://www.theplantlist.org/tpl1.1/record/tro-50123969 >The Plant List v.1.1.</a> Originally in <a href=http://www.theplantlist.org/tpl/record/tro-50123969 >The Plant List v.1.0</a>"", ""tplId"": ""tro-50123969"", ""wfo_nomenclatural_status"": ""Valid""}"
Benthamia hispidissima,wfo,0,,,Benthamia hispidissima (Suksd.) Druce,(Suksd.) Druce,Orchidaceae,Benthamia,hispidissima,species,,,,,wfo-0001243379,,Bot. Exch. Club Brit. Isles Rep. 4: 298. 1916,,,unambiguous_accepted,wfo,"{""majorGroup"": ""A"", ""source"": ""World Checklist of Vascular Plants. Facilitated by the Royal Botanic Gardens, Kew."", ""taxonRemarks"": ""Source in seed data: tro Updated namePublishedIn from Rep. Bot. Soc. Exch. Club Brit. Isles 4(3): 298 1916 to Bot. Exch. Club Brit. Isles Rep. 4: 298. 1916 , according to IPNI. Information provided by Alan E. on email Jul. 15 2020. More details could be"", ""tplId"": ""tro-50123970"", ""wfo_nomenclatural_status"": ""Valid""}"
Benthamia longecalceata,wfo,0,,,Benthamia longecalceata H.Perrier,H.Perrier,Orchidaceae,Benthamia,longecalceata,species,,,,,wfo-0000324757,,Notul. Syst. (Paris) 14: 139 (1951),,,unambiguous_accepted,wfo,"{""majorGroup"": ""A"", ""references"": ""https://powo.science.kew.org/taxon/urn:lsid:ipni.org:names:617484-1"", ""source"": ""World Checklist of Vascular Plants. Facilitated by the Royal Botanic Gardens, Kew."", ""taxonRemarks"": ""Source in seed data: wcs Update namepublishedIn from Notul. Syst. (Paris) 14: 139. 1951 to Notul. Syst. (Paris) 14: 139 (1951), information provided by Alan E. on email Jun. 07 2021 More details could be found in <a href=http://www.theplantlist.org/tpl1."", ""tplId"": ""kew-20546"", ""wfo_nomenclatural_status"": ""Valid""}"
Bidoupia micrantha,wcvp,0,,,"Bidoupia micrantha Aver., V.C.Nguyen & Duy","Aver., V.C.Nguyen & Duy",Orchidaceae,Bidoupia,micrantha,Species,,,3312227,77348349-1,,<NA>,(2024),Phytotaxa,Vietnam,unambiguous_accepted,wcvp,"{""climate_description"": ""wet tropical"", ""lifeform_description"": ""perennial or rhizomatous geophyte"", ""volume_and_page"": ""664: 238""}"
Biermannia averyanovii,wcvp,0,,,"Biermannia averyanovii (Vuong, Kumar, V.H.Bui & V.S.Dang) Aver.","(Vuong, Kumar, V.H.Bui & V.S.Dang) Aver.",Orchidaceae,Biermannia,averyanovii,Species,,,3302173,77319210-1,,547202,(2023),Phytotaxa,Vietnam,unambiguous_accepted,wcvp,"{""climate_description"": ""wet tropical"", ""lifeform_description"": ""epiphytic subshrub"", ""volume_and_page"": ""597: 101""}"
Bifrenaria andicola,wcvp,0,,,Bifrenaria andicola (Garay) Meneguzzo & M.W.Chase,(Garay) Meneguzzo & M.W.Chase,Orchidaceae,Bifrenaria,andicola,Species,,,3312529,77337402-1,,100240,(2024),Phytotaxa,Ecuador,unambiguous_accepted,wcvp,"{""climate_description"": ""wet tropical"", ""lifeform_description"": ""epiphyte"", ""volume_and_page"": ""638: 148""}"
Bifrenaria anisotepala,wcvp,0,,,Bifrenaria anisotepala Meneguzzo & M.W.Chase,Meneguzzo & M.W.Chase,Orchidaceae,Scuticaria,peruviana,Species,,,265846,323137-2,,<NA>,(2002),Orchid Digest,Peru,unambiguous_accepted,wcvp,"{""climate_description"": ""wet tropical"", ""lifeform_description"": ""epiphyte"", ""volume_and_page"": ""66: 64""}"
Bifrenaria archilae,wcvp,0,,,Bifrenaria archilae (Chiron & Szlach.) Meneguzzo & M.W.Chase,(Chiron & Szlach.) Meneguzzo & M.W.Chase,Orchidaceae,Bifrenaria,archilae,Species,,,3312552,77337425-1,,493477,(2024),Phytotaxa,Guatemala,unambiguous_accepted,wcvp,"{""climate_description"": ""wet tropical"", ""lifeform_description"": ""pseudobulbous epiphyte"", ""volume_and_page"": ""638: 151""}"
Bifrenaria bahiensis,wcvp,0,,,Bifrenaria bahiensis (K.L.Davies & Stpiczynska) Meneguzzo & M.W.Chase,(K.L.Davies & Stpiczynska) Meneguzzo & M.W.Chase,Orchidaceae,Scuticaria,bahiensis,Species,,,374203,77093254-1,,<NA>,(2008),Orchid Rev.,Brazil (Bahia),unambiguous_accepted,wcvp,"{""climate_description"": ""seasonally dry tropical"", ""lifeform_description"": ""epiphyte"", ""volume_and_page"": ""116: 344""}"
Bifrenaria caquetaensis,wcvp,1,Rudolfiella caquetaensis,Rudolfiella caquetaensis [Homotypic; wcvp],Bifrenaria caquetaensis (Uribe Vélez & Sauleda) Meneguzzo & M.W.Chase,(Uribe Vélez & Sauleda) Meneguzzo & M.W.Chase,Orchidaceae,Rudolfiella,caquetaensis,Species,,,538653,77209072-1,,<NA>,(2020),New World Orchid. Nomencl. Notes,Colombia,unambiguous_accepted,wcvp,"{""climate_description"": ""wet tropical"", ""lifeform_description"": ""pseudobulbous epiphyte"", ""volume_and_page"": ""68: 2""}"
Bifrenaria cornucopia,wcvp,0,,,Bifrenaria cornucopia (Garay) Meneguzzo & M.W.Chase,(Garay) Meneguzzo & M.W.Chase,Orchidaceae,Bifrenaria,cornucopia,Species,,,3312562,77337426-1,,203504,(2024),Phytotaxa,Ecuador,unambiguous_accepted,wcvp,"{""climate_description"": ""wet tropical"", ""lifeform_description"": ""pseudobulbous epiphyte"", ""volume_and_page"": ""638: 151""}"
Bifrenaria desireeae,wcvp,1,Teuscheria desireeae,Teuscheria desireeae [Homotypic; wcvp],"Bifrenaria desireeae (Archila, Chiron & Szlach.) Meneguzzo & M.W.Chase","(Archila, Chiron & Szlach.) Meneguzzo & M.W.Chase",Orchidaceae,Bifrenaria,desireeae,Species,,,3312550,77337427-1,,493478,(2024),Phytotaxa,Guatemala,unambiguous_accepted,wcvp,"{""climate_description"": ""wet tropical"", ""lifeform_description"": ""pseudobulbous epiphyte"", ""volume_and_page"": ""638: 151""}"
Bifrenaria dodsonii,wcvp,0,,,Bifrenaria dodsonii (Dressler) Meneguzzo & M.W.Chase,(Dressler) Meneguzzo & M.W.Chase,Orchidaceae,Bifrenaria,dodsonii,Species,,,3312547,77337428-1,,203505,(2024),Phytotaxa,SE. Ecuador,unambiguous_accepted,wcvp,"{""climate_description"": ""wet tropical"", ""lifeform_description"": ""pseudobulbous epiphyte"", ""volume_and_page"": ""638: 151""}"
Bifrenaria elegans,wcvp,0,,,Bifrenaria elegans (Garay) Meneguzzo & M.W.Chase,(Garay) Meneguzzo & M.W.Chase,Orchidaceae,Bifrenaria,elegans,Species,,,3312545,77337429-1,,203506,(2024),Phytotaxa,Colombia (Antioquia),unambiguous_accepted,wcvp,"{""climate_description"": ""wet tropical"", ""lifeform_description"": ""pseudobulbous epiphyte"", ""volume_and_page"": ""638: 151""}"
Bifrenaria falcon,wcvp,0,,,"Bifrenaria falcon (Kolan., Szlach. & Medina Tr.) Meneguzzo & M.W.Chase","(Kolan., Szlach. & Medina Tr.) Meneguzzo & M.W.Chase",Orchidaceae,Bifrenaria,falcon,Species,,,3312544,77337430-1,,3296363,(2024),Phytotaxa,Colombia,unambiguous_accepted,wcvp,"{""climate_description"": ""wet tropical"", ""lifeform_description"": ""pseudobulbous epiphyte"", ""volume_and_page"": ""638: 151""}"
Bifrenaria guainiana,wcvp,0,,,Bifrenaria guainiana (Szlach. & Kolan.) Meneguzzo & M.W.Chase,(Szlach. & Kolan.) Meneguzzo & M.W.Chase,Orchidaceae,Bifrenaria,guainiana,Species,,,3312551,77337416-1,,493071,(2024),Phytotaxa,Colombia,unambiguous_accepted,wcvp,"{""climate_description"": ""wet tropical"", ""lifeform_description"": ""pseudobulbous epiphyte"", ""volume_and_page"": ""638: 150""}"
Bifrenaria guatemalensis,wcvp,0,,,"Bifrenaria guatemalensis (Archila, Chiron & Szlach.) Meneguzzo & M.W.Chase","(Archila, Chiron & Szlach.) Meneguzzo & M.W.Chase",Orchidaceae,Bifrenaria,guatemalensis,Species,,,3312512,77337431-1,,493479,(2024),Phytotaxa,Guatemala,unambiguous_accepted,wcvp,"{""climate_description"": ""wet tropical"", ""lifeform_description"": ""pseudobulbous epiphyte"", ""volume_and_page"": ""638: 151""}"
Bifrenaria horichiana,wcvp,0,,,Bifrenaria horichiana (Jenny & Braem) Meneguzzo & M.W.Chase,(Jenny & Braem) Meneguzzo & M.W.Chase,Orchidaceae,Teuscheria,horichiana,Species,,,203507,933262-1,,<NA>,(1987),Orchid Digest,Costa Rica to Panama,unambiguous_accepted,wcvp,"{""climate_description"": ""wet tropical"", ""lifeform_description"": ""pseudobulbous epiphyte"", ""volume_and_page"": ""51: 187""}"
Bifrenaria integrilabia,wcvp,0,,,Bifrenaria integrilabia (Dodson) Meneguzzo & M.W.Chase,(Dodson) Meneguzzo & M.W.Chase,Orchidaceae,Bifrenaria,integrilabia,Species,,,3312530,77337433-1,,203508,(2024),Phytotaxa,Ecuador,unambiguous_accepted,wcvp,"{""climate_description"": ""wet tropical"", ""lifeform_description"": ""pseudobulbous epiphyte"", ""volume_and_page"": ""638: 151""}"
Bifrenaria irwiniana,wcvp,0,,,Bifrenaria irwiniana (Pabst) Meneguzzo & M.W.Chase,(Pabst) Meneguzzo & M.W.Chase,Orchidaceae,Scuticaria,irwiniana,Species,,,189882,231229-2,,<NA>,(1973),Bradea,Brazil (Minas Gerais),unambiguous_accepted,wcvp,"{""climate_description"": ""seasonally dry tropical"", ""lifeform_description"": ""epiphyte"", ""volume_and_page"": ""1: 336""}"
Bifrenaria itirapinensis,wcvp,0,,,Bifrenaria itirapinensis (Pabst) Meneguzzo & M.W.Chase,(Pabst) Meneguzzo & M.W.Chase,Orchidaceae,Scuticaria,itirapinensis,Species,,,189883,231230-2,,<NA>,(1973),Bradea,Brazil (São Paulo),unambiguous_accepted,wcvp,"{""climate_description"": ""seasonally dry tropical"", ""lifeform_description"": ""epiphyte"", ""volume_and_page"": ""1: 337""}"
Bifrenaria kautskyi,wcvp,0,,,Bifrenaria kautskyi (Pabst) Meneguzzo & M.W.Chase,(Pabst) Meneguzzo & M.W.Chase,Orchidaceae,Scuticaria,kautskyi,Species,,,189884,231231-2,,<NA>,(1972),Bradea,Brazil (Espírito Santo),unambiguous_accepted,wcvp,"{""climate_description"": ""seasonally dry tropical"", ""lifeform_description"": ""epiphyte"", ""volume_and_page"": ""1: 169""}"
Bifrenaria marciae,wcvp,0,,,Bifrenaria × marciae Campacci,Campacci,Orchidaceae,Bifrenaria,marciae,Species,,,3302271,77313261-1,,<NA>,(2022),Colet. Orquídeas Brasil.,Brazil (Minas Gerais),unambiguous_accepted,wcvp,"{""climate_description"": ""seasonally dry tropical"", ""hybrid"": true, ""lifeform_description"": ""pseudobulbous epiphyte"", ""volume_and_page"": ""18: 718""}"
Bifrenaria novaesiae,wcvp,1,Scuticaria novaesiae,Scuticaria novaesiae [Homotypic; wcvp],Bifrenaria novaesiae (F.Barros & Cath.) Meneguzzo & M.W.Chase,(F.Barros & Cath.) Meneguzzo & M.W.Chase,Orchidaceae,Scuticaria,novaesiae,Species,,,189886,231233-2,,<NA>,(1981 publ. 1982),Hoehnea,Brazil (Espírito Santo),unambiguous_accepted,wcvp,"{""climate_description"": ""seasonally dry tropical"", ""lifeform_description"": ""epiphyte"", ""volume_and_page"": ""9: 57""}"
Bifrenaria peruviana,wcvp,0,,,Bifrenaria peruviana (D.E.Benn. & Christenson) Meneguzzo & M.W.Chase,(D.E.Benn. & Christenson) Meneguzzo & M.W.Chase,Orchidaceae,Rudolfiella,peruviana,Species,,,180734,315871-2,,<NA>,(1998),Lindleyana,Peru,unambiguous_accepted,wcvp,"{""climate_description"": ""wet tropical"", ""lifeform_description"": ""pseudobulbous epiphyte"", ""volume_and_page"": ""13: 83""}"
Bifrenaria salesiana,wcvp,0,,,Bifrenaria salesiana (Dressler) Meneguzzo & M.W.Chase,(Dressler) Meneguzzo & M.W.Chase,Orchidaceae,Scuticaria,salesiana,Species,,,189887,231234-2,,<NA>,(1968),Orquideologia,SE. Ecuador to Peru,unambiguous_accepted,wcvp,"{""climate_description"": ""wet tropical"", ""lifeform_description"": ""epiphyte"", ""volume_and_page"": ""3(2): 3""}"
Bifrenaria steelei,wcvp,1,Maxillaria steelei,Maxillaria steelei [Homotypic; wcvp],Bifrenaria steelei (Hook.) Meneguzzo & M.W.Chase,(Hook.) Meneguzzo & M.W.Chase,Orchidaceae,Maxillaria,flabellifera,Species,,,122519,77242534-1,,<NA>,(1837),Edwards's Bot. Reg.,S. Trop. America,unambiguous_accepted,wcvp,"{""volume_and_page"": ""23: t. 1986""}"
Bifrenaria strictifolia,wcvp,0,,,Bifrenaria strictifolia (Hoehne) Meneguzzo & M.W.Chase,(Hoehne) Meneguzzo & M.W.Chase,Orchidaceae,Scuticaria,strictifolia,Species,,,189889,231235-2,,<NA>,(1947),Arq. Bot. Estado São Paulo,Brazil (São Paulo),unambiguous_accepted,wcvp,"{""climate_description"": ""seasonally dry tropical"", ""lifeform_description"": ""epiphyte"", ""volume_and_page"": "", n.s., f.m., 2: 88""}"
Bipinnula volkmanni,wfo,0,,,Bipinnula volkmanni Kraenzl.,Kraenzl.,Orchidaceae,Bipinnula,volkmanni,species,,,,,wfo-0000342183,,Orch. Gen. et Sp. ii. 22.,,,unambiguous_accepted,wfo,"{""majorGroup"": ""A"", ""source"": ""World Checklist of Vascular Plants. Facilitated by the Royal Botanic Gardens, Kew."", ""taxonRemarks"": ""Source in seed data: wcs Updated scientificName from Bipinnula volkmannii to Bipinnula volkmanni, according to IPNI. Information provided by Alan E. on email Jul. 15 2020. More details could be found in <a href=http://www.theplantlist.org/tpl1.1/record/k"", ""tplId"": ""kew-22238"", ""wfo_nomenclatural_status"": ""Valid""}"
Bletia carabiaiana,wcvp,0,,,Bletia carabiaiana L.O.Williams,L.O.Williams,Orchidaceae,Bletia,carabiaiana,Species,,,22481,617642-1,,<NA>,(1942),Caldasia,Cuba,unambiguous_accepted,wcvp,"{""climate_description"": ""wet tropical"", ""lifeform_description"": ""tuberous geophyte"", ""volume_and_page"": ""1(5): 14""}"
Bletia carabiana,wfo,0,,,Bletia carabiana L.O.Williams,L.O.Williams,Orchidaceae,Basiphyllaea,carabiaiana,species,,,,,wfo-0000318365,,Harvard Pap. Bot. 5: 488 (2001),,,unambiguous_accepted,wfo,"{""majorGroup"": ""A"", ""originalNameUsageID"": ""wfo-0000344764"", ""references"": ""https://powo.science.kew.org/taxon/urn:lsid:ipni.org:names:1045396-2"", ""source"": ""World Checklist of Vascular Plants. Facilitated by the Royal Botanic Gardens, Kew."", ""taxonRemarks"": ""Source in seed data: wcs Update namepublishedIn from Harvard Pap. Bot. 5: 488 2001 to Harvard Pap. Bot. 5: 488 (2001), information provided by Alan E. on email Jun. 07 2021 More details could be found in <a href=http://www.theplantlist.org/tpl1.1/record/"", ""tplId"": ""kew-19933"", ""wfo_nomenclatural_status"": ""Valid""}"
Bletia cobra,wcvp,0,,,Bletia cobra (Garay & Dunst.) Szlach. & Kolan.,(Garay & Dunst.) Szlach. & Kolan.,Orchidaceae,Bletia,wageneri,Variety,,,22630,33956-2,,<NA>,(1976),Venez. Orchids Ill.,Venezuela,unambiguous_accepted,wcvp,"{""climate_description"": ""seasonally dry tropical"", ""volume_and_page"": ""6: 60""}"
Bletia garcia-barrigae,wcvp,0,,,Bletia garcia-barrigae Szlach. & Kolan.,Szlach. & Kolan.,Orchidaceae,Bletia,garcia-barrigae,Species,,,3312305,77343160-1,,<NA>,(2023),Mater. Orchid Fl. Colombia,Colombia,unambiguous_accepted,wcvp,"{""climate_description"": ""wet tropical"", ""volume_and_page"": ""4: 22""}"
Bletia ﬂorida (Salisb.) R.Br.,cites_pdf,2,"Bletilla ﬂorida (Salisb.) Rchb.f., Cymbidium ﬂoridum (Salisb.) Lindl.","Bletilla ﬂorida (Salisb.) Rchb.f. [Unknown; cites_pdf], Cymbidium ﬂoridum (Salisb.) Lindl. [Unknown; cites_pdf]",Bletia ﬂorida (Salisb.) R.Br.,,Orchidaceae,Bletilla,ﬂorida,,,,,,,,,,,unambiguous_accepted,cites_pdf,"{""accepted_genus"": ""Bletia"", ""page"": 55, ""y"": 180.1}"
Bolusiella maudae,wfo,1,Angraecum maudae,Angraecum maudae [Unknown; wfo],Bolusiella maudae (Bolus) Schltr.,(Bolus) Schltr.,Orchidaceae,Listrostachys,imbricata,species,,,,,wfo-0000229650,,Bull. Misc. Inform. Kew 1910: 161 (1910),,,unambiguous_accepted,wfo,"{""majorGroup"": ""A"", ""references"": ""https://powo.science.kew.org/taxon/urn:lsid:ipni.org:names:641637-1"", ""source"": ""World Checklist of Vascular Plants. Facilitated by the Royal Botanic Gardens, Kew."", ""taxonRemarks"": ""Source in seed data: wcs Update namepublishedIn from Bull. Misc. Inform. Kew 1910(5): 161. to Bull. Misc. Inform. Kew 1910: 161 (1910), information provided by Alan E. on email Jun. 07 2021 More details could be found in <a href=http://www.theplantlist.o"", ""tplId"": ""kew-114220"", ""wfo_nomenclatural_status"": ""Valid""}"
Bonatea liparophylla,wfo,0,,,Bonatea liparophylla Schelpe,Schelpe,Orchidaceae,Bonatea,liparophylla,species,,,,,wfo-0001088254,,Not listed in IK.,,,unambiguous_accepted,wfo,"{""majorGroup"": ""A"", ""source"": ""World Checklist of Vascular Plants. Facilitated by the Royal Botanic Gardens, Kew."", ""taxonRemarks"": ""Source in seed data: tro More details could be found in <a href=http://www.theplantlist.org/tpl1.1/record/tro-23505088 >The Plant List v.1.1.</a> Originally in <a href=http://www.theplantlist.org/tpl/record/tro-23505088 >The Plant List v.1.0</a>"", ""tplId"": ""tro-23505088"", ""wfo_nomenclatural_status"": ""Valid""}"
Brachionidium montieliae,wcvp,0,,,Brachionidium montieliae L.Valenz.,L.Valenz.,Orchidaceae,Brachionidium,montieliae,Species,,,3312202,77336114-1,,<NA>,(2023),Lankesteriana,Peru,unambiguous_accepted,wcvp,"{""climate_description"": ""wet tropical"", ""lifeform_description"": ""epiphytic subshrub"", ""volume_and_page"": ""23: 479""}"
Brachionidium yanachagaense,wfo,0,,,Brachionidium yanachagaense Becerra,Becerra,Orchidaceae,Brachionidium,yanachagaense,species,,,,,wfo-0000807871,,Arnaldoa 12: 56 (2005),,,unambiguous_accepted,wfo,"{""majorGroup"": ""A"", ""references"": ""https://powo.science.kew.org/taxon/urn:lsid:ipni.org:names:60445556-2"", ""source"": ""World Checklist of Vascular Plants. Facilitated by the Royal Botanic Gardens, Kew."", ""taxonRemarks"": ""Source in seed data: wcs Update namepublishedIn from Arnaldoa 12(1-2): 56 (-57; figs. 2, 5). 2005 to Arnaldoa 12: 56 (2005), information provided by Alan E. on email Jun. 07 2021 More details could be found in <a href=http://www.theplantlist.org/tpl1.1/r"", ""tplId"": ""kew-346110"", ""wfo_nomenclatural_status"": ""Valid""}"
Brachycorythis brevicalcarata,wcvp,1,Phyllomphax brevicalcarata,Phyllomphax brevicalcarata [Homotypic; wcvp],Brachycorythis brevicalcarata (Szlach. & Olędrz.) R.Kr.Singh & Sanjeet Kumar,(Szlach. & Olędrz.) R.Kr.Singh & Sanjeet Kumar,Orchidaceae,Brachycorythis,brevicalcarata,Species,,,3312144,77350088-1,,3294174,(2024),J. Biodivers. Conservation,Cambodia,unambiguous_accepted,wcvp,"{""climate_description"": ""wet tropical"", ""volume_and_page"": ""8(4): 87""}"
Brachycorythis macowaniana,wfo,3,"Gyaladenia macowaniana, Gymnadenia macowaniana, Platanthera macowaniana","Gyaladenia macowaniana [Unknown; wfo], Gymnadenia macowaniana [Unknown; wfo], Platanthera macowaniana [Unknown; wfo]",Brachycorythis macowaniana Rchb.f.,Rchb.f.,Orchidaceae,Platanthera,macowaniana,species,,,,,wfo-0000274561,,Beibl. Bot. Jahrb. Syst. 50: 12 (1895),,,unambiguous_accepted,wfo,"{""majorGroup"": ""A"", ""originalNameUsageID"": ""wfo-0000380968"", ""references"": ""https://powo.science.kew.org/taxon/urn:lsid:ipni.org:names:651818-1"", ""source"": ""World Checklist of Vascular Plants. Facilitated by the Royal Botanic Gardens, Kew."", ""taxonRemarks"": ""Source in seed data: wcs Updated scientificnameAuthorship from (Rchb.f.) Schltr. to Schltr., information provided by Alan E. on email Oct. 12 2020 More details could be found in <a href=http://www.theplantlist.org/tpl1.1/record/kew-157245 >The Plant List"", ""tplId"": ""kew-157245"", ""wfo_nomenclatural_status"": ""Valid""}"
Brachycorythis seidenfadeniana,wcvp,1,Phyllomphax seidenfadeniana,Phyllomphax seidenfadeniana [Homotypic; wcvp],Brachycorythis seidenfadeniana (Szlach. & Olędrz.) R.Kr.Singh & Sanjeet Kumar,(Szlach. & Olędrz.) R.Kr.Singh & Sanjeet Kumar,Orchidaceae,Brachycorythis,seidenfadeniana,Species,,,3312456,77350089-1,,3294176,(2024),J. Biodivers. Conservation,Thailand,unambiguous_accepted,wcvp,"{""climate_description"": ""wet tropical"", ""volume_and_page"": ""8(4): 87""}"
Brachycorythis siamensis,wcvp,1,Phyllomphax siamensis,Phyllomphax siamensis [Homotypic; wcvp],Brachycorythis siamensis (Szlach. & Olędrz.) R.Kr.Singh & Sanjeet Kumar,(Szlach. & Olędrz.) R.Kr.Singh & Sanjeet Kumar,Orchidaceae,Brachycorythis,siamensis,Species,,,3312447,77350090-1,,3294173,(2024),J. Biodivers. Conservation,Thailand,unambiguous_accepted,wcvp,"{""climate_description"": ""wet tropical"", ""volume_and_page"": ""8(4): 87""}"
Brachystele icmadophila,wfo,0,,,Brachystele icmadophila Schltr. ex Pabst,Schltr. ex Pabst,Orchidaceae,Brachystele,icmadophila,species,,,,,wfo-0001088730,,Not listed in IK.,,,unambiguous_accepted,wfo,"{""majorGroup"": ""A"", ""source"": ""World Checklist of Vascular Plants. Facilitated by the Royal Botanic Gardens, Kew."", ""taxonRemarks"": ""Source in seed data: tro More details could be found in <a href=http://www.theplantlist.org/tpl1.1/record/tro-23518531 >The Plant List v.1.1.</a> Originally in <a href=http://www.theplantlist.org/tpl/record/tro-23518531 >The Plant List v.1.0</a>"", ""tplId"": ""tro-23518531"", ""wfo_nomenclatural_status"": ""Valid""}"
Brachystele morronei,wcvp,0,,,Brachystele morronei Picca & Giussani,Picca & Giussani,Orchidaceae,Brachystele,morronei,Species,,,3312198,77334511-1,,<NA>,(2023),Syst. Bot.,Argentina (Buenos Aires),unambiguous_accepted,wcvp,"{""climate_description"": ""subtropical"", ""lifeform_description"": ""tuberous geophyte"", ""volume_and_page"": ""48: 496""}"
Brassavola grandiﬂora Lindl.,cites_pdf,2,"Brassavola nodosa var. grandiﬂora, Javieria grandiﬂora (Lindl.) Archila, Chiron & Szlach.","Brassavola nodosa var. grandiﬂora [Unknown; cites_pdf], Javieria grandiﬂora (Lindl.) Archila, Chiron & Szlach. [Unknown; cites_pdf]",Brassavola grandiﬂora Lindl.,,Orchidaceae,Brassavola,nodosa,,,,,,,,,,,unambiguous_accepted,cites_pdf,"{""page"": 58, ""y"": 204.0}"
Brassocattleya rubyae,wcvp,0,,,× Brassocattleya rubyae Braga,Braga,Orchidaceae,Brassocattleya,rubyae,Species,,,24327,618149-1,,<NA>,(1978),Acta Amazonica,N. Brazil,unambiguous_accepted,wcvp,"{""climate_description"": ""wet tropical"", ""hybrid"": true, ""lifeform_description"": ""subshrub"", ""volume_and_page"": ""8: 371""}"
Brassocattleya rubyi,wfo,0,,,Brassocattleya × rubyi Braga,Braga,Orchidaceae,Brassocattleya,rubyi,species,,,,,wfo-0000407638,,Acta Amazonica 8: 371 (1978),,,unambiguous_accepted,wfo,"{""majorGroup"": ""A"", ""references"": ""https://powo.science.kew.org/taxon/urn:lsid:ipni.org:names:618149-1"", ""source"": ""World Checklist of Vascular Plants. Facilitated by the Royal Botanic Gardens, Kew."", ""taxonRemarks"": ""Source in seed data: wcs Update namepublishedIn from Acta Amazon. 8: 371 1978 to Acta Amazonica 8: 371 (1978), information provided by Alan E. on email Jun. 07 2021 More details could be found in <a href=http://www.theplantlist.org/tpl1.1/record/kew-2432"", ""tplId"": ""kew-24327"", ""wfo_nomenclatural_status"": ""Valid""}"
Bromheadia ﬁnlaysoniana (Lindl.) Miq.,cites_pdf,0,,,Bromheadia ﬁnlaysoniana (Lindl.) Miq.,,Orchidaceae,Coelogyne,caulescens,,,,,,,,,,,unambiguous_accepted,cites_pdf,"{""accepted_genus"": ""Bromheadia"", ""page"": 204, ""y"": 706.1}"
Brownleea caerulea,wfo,1,Disa caerulea,Disa caerulea [Unknown; wfo],Brownleea caerulea Harv. ex Lindl.,Harv. ex Lindl.,Orchidaceae,Brownleea,caerulea,species,,,,,wfo-0000435751,,London J. Bot. 1: 16 (1842),,,unambiguous_accepted,wfo,"{""majorGroup"": ""A"", ""references"": ""https://powo.science.kew.org/taxon/urn:lsid:ipni.org:names:618204-1"", ""source"": ""World Checklist of Vascular Plants. Facilitated by the Royal Botanic Gardens, Kew."", ""taxonRemarks"": ""Source in seed data: wcs Update namepublishedIn from London J. Bot. 1: 16. 1842 to London J. Bot. 1: 16 (1842), information provided by Alan E. on email Jun. 07 2021 More details could be found in <a href=http://www.theplantlist.org/tpl1.1/record/kew-248"", ""tplId"": ""kew-24811"", ""wfo_nomenclatural_status"": ""Valid""}"
Brownleea parviﬂora Harv. ex Lindl.,cites_pdf,1,Disa parviﬂora (Harv. ex Lindl.) Rchb.f.,Disa parviﬂora (Harv. ex Lindl.) Rchb.f. [Unknown; cites_pdf],Brownleea parviﬂora Harv. ex Lindl.,,Orchidaceae,Disa,alpina,,,,,,,,,,,unambiguous_accepted,cites_pdf,"{""accepted_genus"": ""Brownleea"", ""page"": 314, ""y"": 120.3}"
Bryobium consanguineum,wcvp,0,,,Bryobium consanguineum (J.J.Sm.) Ormerod & Juswara,(J.J.Sm.) Ormerod & Juswara,Orchidaceae,Pinalia,consanguinea,Species,,,530882,77179175-1,,71008,(2018),Bot. J. Linn. Soc.,Borneo (Kalimantan),unambiguous_accepted,wcvp,"{""climate_description"": ""wet tropical"", ""lifeform_description"": ""epiphyte"", ""volume_and_page"": ""186: 197""}"
Bryobium erioides,wfo,1,Eria erioides,Eria erioides [Unknown; wfo],Bryobium erioides (F.M.Bailey) M.A.Clem. & D.L.Jones,(F.M.Bailey) M.A.Clem. & D.L.Jones,Orchidaceae,Bryobium,erioides,species,,,,,wfo-0000341978,,Orchadian 13: 501 (2002),,,unambiguous_accepted,wfo,"{""majorGroup"": ""A"", ""originalNameUsageID"": ""wfo-0000939084"", ""references"": ""https://powo.science.kew.org/taxon/urn:lsid:ipni.org:names:20006292-1"", ""source"": ""World Checklist of Vascular Plants. Facilitated by the Royal Botanic Gardens, Kew."", ""taxonRemarks"": ""Source in seed data: wcs Update namepublishedIn from Orchadian 13(11): 501 (2002). to Orchadian 13: 501 (2002), information provided by Alan E. on email Jun. 07 2021 More details could be found in <a href=http://www.theplantlist.org/tpl1.1/record/kew-222"", ""tplId"": ""kew-222185"", ""wfo_nomenclatural_status"": ""Valid""}"
Bulbophyllum abangjoei,wcvp,0,,,"Bulbophyllum abangjoei Rusea, Besi & Pungga","Rusea, Besi & Pungga",Orchidaceae,Bulbophyllum,abangjoei,Species,,,3302345,77313247-1,,<NA>,(2022),Forests,"Borneo (Sarawak, C. Kalimantan)",unambiguous_accepted,wcvp,"{""climate_description"": ""wet tropical"", ""lifeform_description"": ""pseudobulbous epiphyte"", ""volume_and_page"": ""13(11)-1759: 3""}"
Bulbophyllum absconditum subsp. absconditum,cites_pdf,1,Bulbophyllum neoguinense,Bulbophyllum neoguinense [Unknown; cites_pdf],Bulbophyllum absconditum subsp. absconditum,,Orchidaceae,Bulbophyllum,neocaledonicum,,,,,,,,,,,unambiguous_accepted,cites_pdf,"{""page"": 106, ""y"": 419.2}"
Bulbophyllum acutebracteatum var. rubrobrunneopapillosum,cites_pdf,0,,,Bulbophyllum acutebracteatum var. rubrobrunneopapillosum (De Wild.) J.J.Verm.,(De Wild.) J.J.Verm.,Orchidaceae,Bulbophyllum,fuscoides,,,,,,,,,,,unambiguous_accepted,cites_pdf,"{""page"": 84, ""y"": 598.5}"
Bulbophyllum acutiﬂorum A.Rich.,cites_pdf,2,"Cirrhopetalum acutiﬂorum (A.Rich.) Hook.f., Phyllorkis acutiﬂora (A.Rich.) Kuntze","Cirrhopetalum acutiﬂorum (A.Rich.) Hook.f. [Unknown; cites_pdf], Phyllorkis acutiﬂora (A.Rich.) Kuntze [Unknown; cites_pdf]",Bulbophyllum acutiﬂorum A.Rich.,,Orchidaceae,Bulbophyllum,albidum,,,,,,,,,,,unambiguous_accepted,cites_pdf,"{""page"": 60, ""y"": 443.1}"
Bulbophyllum aeolium subsp. aeolium,cites_pdf,1,Bulbophyllum uniﬂorum var. pluriﬂorum Carr,Bulbophyllum uniﬂorum var. pluriﬂorum Carr [Unknown; cites_pdf],Bulbophyllum aeolium subsp. aeolium,,Orchidaceae,Bulbophyllum,sociale,,,,,,,,,,,unambiguous_accepted,cites_pdf,"{""page"": 124, ""y"": 694.2}"
Bulbophyllum afzelii var. microdoron,cites_pdf,1,Bulbophyllum lichenophylax var. microdoron,Bulbophyllum lichenophylax var. microdoron [Unknown; cites_pdf],Bulbophyllum afzelii var. microdoron (Schltr.) Bosser,(Schltr.) Bosser,Orchidaceae,Bulbophyllum,lichenophylax,,,,,,,,,,,unambiguous_accepted,cites_pdf,"{""page"": 96, ""y"": 718.1}"
Bulbophyllum albociliatum var. albociliatum,cites_pdf,0,,,Bulbophyllum albociliatum var. albociliatum,,Orchidaceae,Bulbophyllum,taichungianum,,,,,,,,,,,unambiguous_accepted,cites_pdf,"{""page"": 128, ""y"": 156.2}"
Bulbophyllum altum,cites_csv,0,,,Bulbophyllum altum J.J.Verm.,J.J.Verm.,Orchidaceae,Bulbophyllum,altum,SPECIES,II,,,,,,,,,unambiguous_accepted,cites_csv,
Bulbophyllum ambrosia subsp. ambrosia,cites_pdf,0,,,Bulbophyllum ambrosia subsp. ambrosia,,Orchidaceae,Bulbophyllum,amygdalinum,,,,,,,,,,,unambiguous_accepted,cites_pdf,"{""page"": 61, ""y"": 610.5}"
Bulbophyllum amplebracteatum subsp. carunculatum,cites_pdf,0,,,"Bulbophyllum amplebracteatum subsp. carunculatum (Garay, Hamer & Siegerist) J.J.Verm. & P.O’Byrne","(Garay, Hamer & Siegerist) J.J.Verm. & P.O’Byrne",Orchidaceae,Bulbophyllum,carunculatum,,,,,,,,,,,unambiguous_accepted,cites_pdf,"{""page"": 70, ""y"": 96.4}"
Bulbophyllum amplebracteatum subsp. orthoglossum,cites_pdf,0,,,Bulbophyllum amplebracteatum subsp. orthoglossum (H.Wendl. & Kraenzl.) J.J.Verm. & P.O’Byrne,(H.Wendl. & Kraenzl.) J.J.Verm. & P.O’Byrne,Orchidaceae,Bulbophyllum,orthoglossum,,,,,,,,,,,unambiguous_accepted,cites_pdf,"{""page"": 109, ""y"": 706.1}"
Bulbophyllum atromaculatum,wcvp,0,,,"Bulbophyllum atromaculatum Cootes, M.Leon & Cabactulan","Cootes, M.Leon & Cabactulan",Orchidaceae,Bulbophyllum,atromaculatum,Species,,,3312644,77353828-1,,<NA>,(2024),"Orchidee, Taxon. Mitt.",Philippines,unambiguous_accepted,wcvp,"{""climate_description"": ""wet tropical"", ""lifeform_description"": ""pseudobulbous epiphyte"", ""volume_and_page"": ""10: 117""}"
Bulbophyllum aﬃne Wall. ex Lindl.,cites_pdf,2,"Phyllorkis aﬃnis (Wall. ex Lindl.) Kuntze, Sarcopodium aﬃne (Wall. ex Lindl.) Lindl. & Paxton.","Phyllorkis aﬃnis (Wall. ex Lindl.) Kuntze [Unknown; cites_pdf], Sarcopodium aﬃne (Wall. ex Lindl.) Lindl. & Paxton. [Unknown; cites_pdf]",Bulbophyllum aﬃne Wall. ex Lindl.,,Orchidaceae,Bulbophyllum,kusukusense,,,,,,,,,,,unambiguous_accepted,cites_pdf,"{""page"": 94, ""y"": 502.9}"
Bulbophyllum balansae,wcvp,2,"Bulbophyllum leonidae, Sunipia saccata","Bulbophyllum leonidae [Nomenclatural; wcvp], Sunipia saccata [Homotypic; wcvp]",Bulbophyllum balansae S.S.Ying,S.S.Ying,Orchidaceae,Bulbophyllum,leonidae,Species,,,3312520,77344573-1,,537324,(2024),Ann. Bot. Fenn.,Laos,unambiguous_accepted,wcvp,"{""nomenclatural_remarks"": "", nom. superfl."", ""volume_and_page"": ""61: 161""}"
Bulbophyllum barcelonae,wcvp,0,,,Bulbophyllum barcelonae Garrino & R.Bustam.,Garrino & R.Bustam.,Orchidaceae,Bulbophyllum,barcelonae,Species,,,3312368,77342376-1,,<NA>,(2024),Nordic J. Bot.,Philippines,unambiguous_accepted,wcvp,"{""climate_description"": ""wet tropical"", ""lifeform_description"": ""pseudobulbous epiphyte"", ""volume_and_page"": ""2024(1)-e04187: 2""}"
Bulbophyllum basiflorum,wcvp,0,,,"Bulbophyllum basiflorum M.K.Li, J.P.Deng & Y.Luo","M.K.Li, J.P.Deng & Y.Luo",Orchidaceae,Bulbophyllum,basiflorum,Species,,,3302295,77322188-1,,<NA>,(2023),Taiwania,SE. Tibet,unambiguous_accepted,wcvp,"{""climate_description"": ""subtropical"", ""lifeform_description"": ""pseudobulbous epiphyte"", ""volume_and_page"": ""68: 143""}"
"Bulbophyllum bifurcatoﬂorens (Fukuy.) J.J.Verm., Schuit. & de Vogel",cites_pdf,6,"Ione andersonii var. ﬂavescens, Ione bifurcatoﬂorens Fukuy., Ione ﬂavescens Rolfe, Sunipia andersonii var. ﬂavescens, Sunipia bifurcatoﬂorens (Fukuy.) P.F.Hunt., Sunipia ﬂavescens (Rolfe) P.F.Hunt.","Ione andersonii var. ﬂavescens [Unknown; cites_pdf], Ione bifurcatoﬂorens Fukuy. [Unknown; cites_pdf], Ione ﬂavescens Rolfe [Unknown; cites_pdf], Sunipia andersonii var. ﬂavescens [Unknown; cites_pdf], Sunipia bifurcatoﬂorens (Fukuy.) P.F.Hunt. [Unknown; cites_pdf], Sunipia ﬂavescens (Rolfe) P.F.Hunt. [Unknown; cites_pdf]","Bulbophyllum bifurcatoﬂorens (Fukuy.) J.J.Verm., Schuit. & de Vogel",,Orchidaceae,Ione,andersonii,,,,,,,,,,,unambiguous_accepted,cites_pdf,"{""accepted_genus"": ""Bulbophyllum"", ""page"": 382, ""y"": 479.0}"
Bulbophyllum biﬂorum Teijsm. & Binn.,cites_pdf,2,"Cirrhopetalum biﬂorum (Teijsm. & Binn.) J.J.Sm., Phyllorkis biﬂora (Teijsm. & Binn.) Kuntze.","Cirrhopetalum biﬂorum (Teijsm. & Binn.) J.J.Sm. [Unknown; cites_pdf], Phyllorkis biﬂora (Teijsm. & Binn.) Kuntze. [Unknown; cites_pdf]",Bulbophyllum biﬂorum Teijsm. & Binn.,,Orchidaceae,Bulbophyllum,geminatum,,,,,,,,,,,unambiguous_accepted,cites_pdf,"{""page"": 85, ""y"": 275.7}"
Bulbophyllum bokodense,wcvp,0,,,"Bulbophyllum bokodense M.N.Tamayo, Magtoto & R.Bustam.","M.N.Tamayo, Magtoto & R.Bustam.",Orchidaceae,Bulbophyllum,bokodense,Species,,,3312541,77346616-1,,<NA>,(2024),Phytotaxa,Philippines,unambiguous_accepted,wcvp,"{""climate_description"": ""wet tropical"", ""lifeform_description"": ""pseudobulbous epiphyte"", ""volume_and_page"": ""662: 188""}"
Bulbophyllum bomiensis,wfo,0,,,Bulbophyllum bomiensis Z.H.Tsi,Z.H.Tsi,Orchidaceae,Bulbophyllum,bomiensis,species,,,,,wfo-0000465591,,Acta Phytotax. Sin. 16(1): 128 (1978),,,unambiguous_accepted,wfo,"{""majorGroup"": ""A"", ""references"": ""https://powo.science.kew.org/taxon/urn:lsid:ipni.org:names:618452-1"", ""source"": ""World Checklist of Vascular Plants. Facilitated by the Royal Botanic Gardens, Kew."", ""taxonRemarks"": ""Source in seed data: wcs Update namepublishedIn from Acta Phytotax. Sin. 16(4): 128. 1978 [18 Nov 1978] to Acta Phytotax. Sin. 16(1): 128 (1978), information provided by Alan E. on email Jun. 07 2021 More details could be found in <a href=http://www.thep"", ""tplId"": ""kew-25307"", ""wfo_nomenclatural_status"": ""Valid""}"
Bulbophyllum bonjolianum,wcvp,0,,,"Bulbophyllum bonjolianum Yudistira, Candra & Mustaqim","Yudistira, Candra & Mustaqim",Orchidaceae,Bulbophyllum,bonjolianum,Species,,,3312668,77353795-1,,<NA>,(2024),Gard. Bull. Singapore,Sumatera,unambiguous_accepted,wcvp,"{""climate_description"": ""wet tropical"", ""lifeform_description"": ""pseudobulbous epiphyte"", ""volume_and_page"": ""76: 252""}"
Bulbophyllum calyptratum var. calyptratum,cites_pdf,0,,,Bulbophyllum calyptratum var. calyptratum,,Orchidaceae,Bulbophyllum,buchenauianum,,,,,,,,,,,unambiguous_accepted,cites_pdf,"{""page"": 68, ""y"": 192.1}"
Bulbophyllum calyptratum var. graminifolium,cites_pdf,0,,,Bulbophyllum calyptratum var. graminifolium (Summerh.) J.J.Verm.,(Summerh.) J.J.Verm.,Orchidaceae,Bulbophyllum,graminifolium,,,,,,,,,,,unambiguous_accepted,cites_pdf,"{""page"": 86, ""y"": 562.7}"
Bulbophyllum calyptratum var. lucifugum,cites_pdf,0,,,Bulbophyllum calyptratum var. lucifugum (Summerh.) J.J.Verm.,(Summerh.) J.J.Verm.,Orchidaceae,Bulbophyllum,lucifugum,,,,,,,,,,,unambiguous_accepted,cites_pdf,"{""page"": 99, ""y"": 156.2}"
"Bulbophyllum campanuliﬂorum J.J.Verm., Schuit. & de Vogel",cites_pdf,0,,,"Bulbophyllum campanuliﬂorum J.J.Verm., Schuit. & de Vogel",,Orchidaceae,Codonosiphon,campanulatum,,,,,,,,,,,unambiguous_accepted,cites_pdf,"{""accepted_genus"": ""Bulbophyllum"", ""page"": 203, ""y"": 395.3}"
Bulbophyllum cariniﬂorum Rchb.f.,cites_pdf,3,"Bulbophyllum densiﬂorum Rolfe., Bulbophyllum papilloseﬁlum Carr=Bulbophyllum papillosoﬁlum Carr, Bulbophyllum ﬂavidum Lucksom","Bulbophyllum densiﬂorum Rolfe. [Unknown; cites_pdf], Bulbophyllum papilloseﬁlum Carr=Bulbophyllum papillosoﬁlum Carr [Unknown; cites_pdf], Bulbophyllum ﬂavidum Lucksom [Unknown; cites_pdf]",Bulbophyllum cariniﬂorum Rchb.f.,,Orchidaceae,Bulbophyllum,densiﬂorum,,,,,,,,,,,unambiguous_accepted,cites_pdf,"{""page"": 77, ""y"": 263.8}"
Bulbophyllum cauliﬂorum Hook.f.,cites_pdf,1,Phyllorkis cauliﬂora (Hook.f.) Kuntze.,Phyllorkis cauliﬂora (Hook.f.) Kuntze. [Unknown; cites_pdf],Bulbophyllum cauliﬂorum Hook.f.,,Orchidaceae,Phyllorkis,cauliﬂora,,,,,,,,,,,unambiguous_accepted,cites_pdf,"{""accepted_genus"": ""Bulbophyllum"", ""page"": 462, ""y"": 694.2}"
Bulbophyllum centrosemiﬂorum J.J.Sm.,cites_pdf,1,Tapeinoglossum centrosemiﬂorum (J.J.Sm.) Schltr.,Tapeinoglossum centrosemiﬂorum (J.J.Sm.) Schltr. [Unknown; cites_pdf],Bulbophyllum centrosemiﬂorum J.J.Sm.,,Orchidaceae,Tapeinoglossum,centrosemiﬂorum,,,,,,,,,,,unambiguous_accepted,cites_pdf,"{""accepted_genus"": ""Bulbophyllum"", ""page"": 500, ""y"": 311.6}"
Bulbophyllum cheiri subsp. cheiri,cites_pdf,0,,,Bulbophyllum cheiri subsp. cheiri,,Orchidaceae,Bulbophyllum,copelandii,,,,,,,,,,,unambiguous_accepted,cites_pdf,"{""page"": 74, ""y"": 108.4}"
Bulbophyllum cheiri subsp. subuliferum,cites_pdf,0,,,"Bulbophyllum cheiri subsp. subuliferum (Schltr.) J.J.Verm., P.O’Byrne & A.L.Lamb","(Schltr.) J.J.Verm., P.O’Byrne & A.L.Lamb",Orchidaceae,Bulbophyllum,subuliferum,,,,,,,,,,,unambiguous_accepted,cites_pdf,"{""page"": 127, ""y"": 323.6}"
Bulbophyllum cochleatum var. bequaertii,cites_pdf,0,,,Bulbophyllum cochleatum var. bequaertii (De Wild.) J.J.Verm.,(De Wild.) J.J.Verm.,Orchidaceae,Bulbophyllum,bequaertii,,,,,,,,,,,unambiguous_accepted,cites_pdf,"{""page"": 65, ""y"": 275.7}"
Bulbophyllum cochleatum var. brachyanthum,cites_pdf,1,Bulbophyllum bequaertii var. brachyanthum,Bulbophyllum bequaertii var. brachyanthum [Unknown; cites_pdf],Bulbophyllum cochleatum var. brachyanthum (Summerh.) J.J.Verm.,(Summerh.) J.J.Verm.,Orchidaceae,Bulbophyllum,bequaertii,,,,,,,,,,,unambiguous_accepted,cites_pdf,"{""page"": 65, ""y"": 311.6}"
Bulbophyllum cochleatum var. cochleatum,cites_pdf,0,,,Bulbophyllum cochleatum var. cochleatum,,Orchidaceae,Bulbophyllum,jungwirthianum,,,,,,,,,,,unambiguous_accepted,cites_pdf,"{""page"": 92, ""y"": 646.4}"
Bulbophyllum cochleatum var. tenuicaule,cites_pdf,0,,,Bulbophyllum cochleatum var. tenuicaule (Lindl.) J.J.Verm.,(Lindl.) J.J.Verm.,Orchidaceae,Bulbophyllum,tenuicaule,,,,,,,,,,,unambiguous_accepted,cites_pdf,"{""page"": 128, ""y"": 682.2}"
Bulbophyllum codonathum,wfo,0,,,Bulbophyllum codonathum Schltr.,Schltr.,Orchidaceae,Bulbophyllum,codonathum,species,,,,,wfo-0000475590,,Repert. Spec. Nov. Regni Veg. 10: 177 (1911),,,unambiguous_accepted,wfo,"{""majorGroup"": ""A"", ""source"": ""World Checklist of Vascular Plants. Facilitated by the Royal Botanic Gardens, Kew."", ""taxonRemarks"": ""Source in seed data: wcs Update namepublishedIn from Repert. Spec. Nov. Regni Veg. 10: 177. 1911 to Repert. Spec. Nov. Regni Veg. 10: 177 (1911), information provided by Alan E. on email Jun. 07 2021 More details could be found in <a href=http://www.thep"", ""tplId"": ""kew-25512"", ""wfo_nomenclatural_status"": ""Valid""}"
Bulbophyllum comatum var. comatum,cites_pdf,0,,,Bulbophyllum comatum var. comatum,,Orchidaceae,Bulbophyllum,hirsutissimum,,,,,,,,,,,unambiguous_accepted,cites_pdf,"{""page"": 88, ""y"": 479.0}"
Bulbophyllum comatum var. inﬂatum,cites_pdf,1,Bulbophyllum inﬂatum Rolfe,Bulbophyllum inﬂatum Rolfe [Unknown; cites_pdf],Bulbophyllum comatum var. inﬂatum (Rolfe) J.J.Verm.,(Rolfe) J.J.Verm.,Orchidaceae,Bulbophyllum,inﬂatum,,,,,,,,,,,unambiguous_accepted,cites_pdf,"{""page"": 90, ""y"": 610.5}"
Bulbophyllum conchilioides,wfo,0,,,Bulbophyllum conchilioides Ridl.,Ridl.,Orchidaceae,Bulbophyllum,conchilioides,species,,,,,wfo-0000477038,,"J. Linn. Soc., Bot. 22: 117 (1886)",,,unambiguous_accepted,wfo,"{""majorGroup"": ""A"", ""references"": ""https://powo.science.kew.org/taxon/urn:lsid:ipni.org:names:618646-1"", ""source"": ""World Checklist of Vascular Plants. Facilitated by the Royal Botanic Gardens, Kew."", ""taxonRemarks"": ""Source in seed data: wcs Update namepublishedIn from J. Linn. Soc., Bot. 22: 117. 1886 [1887 publ. 1886] to J. Linn. Soc., Bot. 22: 117 (1886), information provided by Alan E. on email Jun. 07 2021 More details could be found in <a href=http://www.thepla"", ""tplId"": ""kew-25544"", ""wfo_nomenclatural_status"": ""Valid""}"
Bulbophyllum cophocropion,wcvp,0,,,Bulbophyllum cophocropion J.J.Verm. & Schuit.,J.J.Verm. & Schuit.,Orchidaceae,Bulbophyllum,cophocropion,Species,,,3302342,77311801-1,,<NA>,(2021),OrchideenJ.,Papua New Guinea,unambiguous_accepted,wcvp,"{""climate_description"": ""wet tropical"", ""lifeform_description"": ""pseudobulbous epiphyte"", ""volume_and_page"": ""9: 3""}"
Bulbophyllum deergongense,wcvp,0,,,Bulbophyllum deergongense J.L.Miao & J.W.Zhai,J.L.Miao & J.W.Zhai,Orchidaceae,Bulbophyllum,deergongense,Species,,,3302472,77328382-1,,<NA>,(2023),Phytotaxa,SE. Tibet,unambiguous_accepted,wcvp,"{""climate_description"": ""subtropical"", ""lifeform_description"": ""pseudobulbous epiphyte"", ""volume_and_page"": ""619: 200""}"
Bulbophyllum deshmukhii,wcvp,1,Genyorchis macrantha,Genyorchis macrantha [Homotypic; wcvp],Bulbophyllum deshmukhii U.B.Deshmukh & J.M.H.Shaw,U.B.Deshmukh & J.M.H.Shaw,Orchidaceae,Bulbophyllum,macranthum,Species,,,528464,77192002-1,,89207,(2018),Orchid Rev.,SW. Cameroon (Mt. Cameroon),unambiguous_accepted,wcvp,"{""nomenclatural_remarks"": "", nom. illeg."", ""volume_and_page"": ""126(1323, Suppl.): 62""}"
Bulbophyllum dichroma,wfo,0,,,Bulbophyllum dichroma Rolfe,Rolfe,Orchidaceae,Ione,dichroma,species,,,,,wfo-0000217510,,Fl. Indo-Chine 6: 437 (1933),,,unambiguous_accepted,wfo,"{""majorGroup"": ""A"", ""originalNameUsageID"": ""wfo-0000487111"", ""references"": ""https://powo.science.kew.org/taxon/urn:lsid:ipni.org:names:639167-1"", ""source"": ""World Checklist of Vascular Plants. Facilitated by the Royal Botanic Gardens, Kew."", ""taxonRemarks"": ""Source in seed data: wcs Update namepublishedIn from Fl. Indo-Chine [P.H. Lecomte et al.] 6: 437. 1933 to Fl. Indo-Chine 6: 437 (1933), information provided by Alan E. on email Jun. 07 2021 More details could be found in <a href=http://www.theplantlist.o"", ""tplId"": ""kew-102581"", ""wfo_nomenclatural_status"": ""Valid""}"
Bulbophyllum disciﬂorum Rolfe,cites_pdf,1,Trias disciﬂora (Rolfe) Rolfe.,Trias disciﬂora (Rolfe) Rolfe. [Unknown; cites_pdf],Bulbophyllum disciﬂorum Rolfe,,Orchidaceae,Trias,disciﬂora,,,,,,,,,,,unambiguous_accepted,cites_pdf,"{""accepted_genus"": ""Bulbophyllum"", ""page"": 503, ""y"": 96.4}"
Bulbophyllum discolor subsp. cubitale,cites_pdf,0,,,Bulbophyllum discolor subsp. cubitale J.J.Verm.,J.J.Verm.,Orchidaceae,Peltopus,cubitalis,,,,,,,,,,,unambiguous_accepted,cites_pdf,"{""accepted_genus"": ""Bulbophyllum"", ""page"": 449, ""y"": 216.0}"
Bulbophyllum discolor subsp. discolor,cites_pdf,0,,,Bulbophyllum discolor subsp. discolor,,Orchidaceae,Bulbophyllum,commocardium,,,,,,,,,,,unambiguous_accepted,cites_pdf,"{""page"": 73, ""y"": 239.9}"
Bulbophyllum ecornutum subsp. ecornutum,cites_pdf,2,"Bulbophyllum ecornutum var. deliense, Bulbophyllum ecornutum var. teloense","Bulbophyllum ecornutum var. deliense [Unknown; cites_pdf], Bulbophyllum ecornutum var. teloense [Unknown; cites_pdf]",Bulbophyllum ecornutum subsp. ecornutum,,Orchidaceae,Bulbophyllum,ecornutum,,,,,,,,,,,unambiguous_accepted,cites_pdf,"{""page"": 79, ""y"": 419.2}"
Bulbophyllum epicranthes var. sumatranum,cites_pdf,1,Bulbophyllum javanicum var. sumatranum,Bulbophyllum javanicum var. sumatranum [Unknown; cites_pdf],Bulbophyllum epicranthes var. sumatranum (J.J.Sm.) J.J.Verm.,(J.J.Sm.) J.J.Verm.,Orchidaceae,Bulbophyllum,javanicum,,,,,,,,,,,unambiguous_accepted,cites_pdf,"{""page"": 92, ""y"": 275.7}"
Bulbophyllum eurhachis,wfo,0,,,Bulbophyllum eurhachis Schltr.,Schltr.,Orchidaceae,Bulbophyllum,eurhachis,species,,,,,wfo-0001223496,,"in Wiss. Ergebn. Deu 11ch. Zentr.-Afr.-Exped. 1910-11, ii. 74(1922), nomen.",,,unambiguous_accepted,wfo,"{""majorGroup"": ""A"", ""source"": ""World Checklist of Vascular Plants. Facilitated by the Royal Botanic Gardens, Kew."", ""taxonRemarks"": ""Source in seed data: tro Updated namePublishedIn from Wiss. Erg. Deut. Zentr.-Afr. Exped., Bot. 2: 74 1922 to in Wiss. Ergebn. Deu 11ch. Zentr.-Afr.-Exped. 1910-11, ii. 74(1922), nomen. , according to IPNI. Information provided by Alan E. on email Jul. 1"", ""tplId"": ""tro-50035696"", ""wfo_nomenclatural_status"": ""Valid""}"
Bulbophyllum falcatum var. bufo,cites_pdf,0,,,Bulbophyllum falcatum var. bufo (Lindl.) Govaerts,(Lindl.) Govaerts,Orchidaceae,Bulbophyllum,bakossorum,,,,,,,,,,,unambiguous_accepted,cites_pdf,"{""page"": 64, ""y"": 419.2}"
Bulbophyllum falcatum var. falcatum,cites_pdf,0,,,Bulbophyllum falcatum var. falcatum,,Orchidaceae,Bulbophyllum,dahlemense,,,,,,,,,,,unambiguous_accepted,cites_pdf,"{""page"": 76, ""y"": 359.4}"
Bulbophyllum falcatum var. velutinum,cites_pdf,4,"Bulbophyllum fractiﬂexum Kraenzl., Bulbophyllum kewense var. purpureum, Bulbophyllum minutum var. purpureum, Megaclinium minutum var. purpureum","Bulbophyllum fractiﬂexum Kraenzl. [Unknown; cites_pdf], Bulbophyllum kewense var. purpureum [Unknown; cites_pdf], Bulbophyllum minutum var. purpureum [Unknown; cites_pdf], Megaclinium minutum var. purpureum [Unknown; cites_pdf]",Bulbophyllum falcatum var. velutinum (Lindl.) J.J.Verm.,(Lindl.) J.J.Verm.,Orchidaceae,Bulbophyllum,arnoldianum,,,,,,,,,,,unambiguous_accepted,cites_pdf,"{""page"": 63, ""y"": 395.3}"
Bulbophyllum farinulentum subsp. densissimum,cites_pdf,0,,,Bulbophyllum farinulentum subsp. densissimum (Carr) J.J.Verm.,(Carr) J.J.Verm.,Orchidaceae,Bulbophyllum,densissimum,,,,,,,,,,,unambiguous_accepted,cites_pdf,"{""page"": 77, ""y"": 323.6}"
Bulbophyllum farinulentum subsp. farinulentum,cites_pdf,0,,,Bulbophyllum farinulentum subsp. farinulentum,,Orchidaceae,Bulbophyllum,noeanum,,,,,,,,,,,unambiguous_accepted,cites_pdf,"{""page"": 107, ""y"": 371.4}"
Bulbophyllum forestii,wfo,1,Rhytionanthos aemulus,Rhytionanthos aemulus [Unknown; wfo],Bulbophyllum forestii Seidenf.,Seidenf.,Orchidaceae,Rhytionanthos,aemulus,species,,,,,wfo-0000296600,,Nordic J. Bot. 14: 637 (1994),,,unambiguous_accepted,wfo,"{""majorGroup"": ""A"", ""originalNameUsageID"": ""wfo-0000863631"", ""references"": ""https://powo.science.kew.org/taxon/urn:lsid:ipni.org:names:981129-1"", ""source"": ""World Checklist of Vascular Plants. Facilitated by the Royal Botanic Gardens, Kew."", ""taxonRemarks"": ""Source in seed data: wcs Update namepublishedIn from Nordic J. Bot. 14(6): 637 (1994):. to Nordic J. Bot. 14: 637 (1994), information provided by Alan E. on email Jun. 07 2021 More details could be found in <a href=http://www.theplantlist.org/tpl1.1/reco"", ""tplId"": ""kew-178403"", ""wfo_nomenclatural_status"": ""Valid""}"
Bulbophyllum fractiﬂexum J.J.Sm.,cites_pdf,1,Pelma fractiﬂexum (J.J.Sm.) Szlach. & Kulak,Pelma fractiﬂexum (J.J.Sm.) Szlach. & Kulak [Unknown; cites_pdf],Bulbophyllum fractiﬂexum J.J.Sm.,,Orchidaceae,Pelma,fractiﬂexum,,,,,,,,,,,unambiguous_accepted,cites_pdf,"{""accepted_genus"": ""Bulbophyllum"", ""page"": 448, ""y"": 323.6}"
Bulbophyllum fractiﬂexum subsp. fractiﬂexum,cites_pdf,2,"Bulbophyllum eﬀusum Schltr., Bulbophyllum fractiﬂexoides Schltr.","Bulbophyllum eﬀusum Schltr. [Unknown; cites_pdf], Bulbophyllum fractiﬂexoides Schltr. [Unknown; cites_pdf]",Bulbophyllum fractiﬂexum subsp. fractiﬂexum,,Orchidaceae,Bulbophyllum,eﬀusum,,,,,,,,,,,unambiguous_accepted,cites_pdf,"{""page"": 79, ""y"": 550.7}"
Bulbophyllum francoisii var. andrangense,cites_pdf,0,,,Bulbophyllum francoisii var. andrangense (H.Perrier) Bosser,(H.Perrier) Bosser,Orchidaceae,Bulbophyllum,andrangense,,,,,,,,,,,unambiguous_accepted,cites_pdf,"{""page"": 62, ""y"": 96.4}"
Bulbophyllum fritillariiﬂorum J.J.Sm.,cites_pdf,1,Hyalosema fritillariiﬂorum (J.J.Sm.) Rolfe.,Hyalosema fritillariiﬂorum (J.J.Sm.) Rolfe. [Unknown; cites_pdf],Bulbophyllum fritillariiﬂorum J.J.Sm.,,Orchidaceae,Hyalosema,fritillariiﬂorum,,,,,,,,,,,unambiguous_accepted,cites_pdf,"{""accepted_genus"": ""Bulbophyllum"", ""page"": 381, ""y"": 598.5}"
Bulbophyllum fuscum var. fuscum,cites_pdf,0,,,Bulbophyllum fuscum var. fuscum,,Orchidaceae,Bulbophyllum,ogoouense,,,,,,,,,,,unambiguous_accepted,cites_pdf,"{""page"": 108, ""y"": 742.0}"
Bulbophyllum fuscum var. melinostachyum,cites_pdf,0,,,Bulbophyllum fuscum var. melinostachyum (Schltr.) J.J.Verm.,(Schltr.) J.J.Verm.,Orchidaceae,Bulbophyllum,melinostachyum,,,,,,,,,,,unambiguous_accepted,cites_pdf,"{""page"": 102, ""y"": 311.6}"
Bulbophyllum gadsupiorum,wcvp,0,,,Bulbophyllum gadsupiorum Cavestro & K.Metzg.,Cavestro & K.Metzg.,Orchidaceae,Bulbophyllum,gadsupiorum,Species,,,3302269,77318326-1,,<NA>,(2023),"Orchidee, Taxon. Mitt.",W. New Guinea,unambiguous_accepted,wcvp,"{""climate_description"": ""wet tropical"", ""lifeform_description"": ""pseudobulbous epiphyte"", ""volume_and_page"": ""9(1): 7""}"
Bulbophyllum gopalianum,wcvp,0,,,"Bulbophyllum gopalianum Sawmliana, K.Gogoi & Kumar","Sawmliana, K.Gogoi & Kumar",Orchidaceae,Bulbophyllum,gopalianum,Species,,,3312514,77344287-1,,<NA>,(2024),Nordic J. Bot.,Assam (Mizoram),unambiguous_accepted,wcvp,"{""climate_description"": ""wet tropical"", ""lifeform_description"": ""pseudobulbous epiphyte"", ""volume_and_page"": ""2024(5)-e04256: 3""}"
Bulbophyllum grandiﬂorum Blume,cites_pdf,4,"Ephippium grandiﬂorum Blume, Hyalosema grandiﬂorum (Blume) Rolfe, Phyllorkis grandiﬂora (Blume) Kuntze, Sarcopodium grandiﬂorum (Blume) Lindl.","Ephippium grandiﬂorum Blume [Unknown; cites_pdf], Hyalosema grandiﬂorum (Blume) Rolfe [Unknown; cites_pdf], Phyllorkis grandiﬂora (Blume) Kuntze [Unknown; cites_pdf], Sarcopodium grandiﬂorum (Blume) Lindl. [Unknown; cites_pdf]",Bulbophyllum grandiﬂorum Blume,,Orchidaceae,Bulbophyllum,burfordiense,,,,,,,,,,,unambiguous_accepted,cites_pdf,"{""page"": 68, ""y"": 275.7}"
Bulbophyllum griﬃthii (Lindl.) Rchb.f.,cites_pdf,1,Sarcopodium griﬃthii Lindl.,Sarcopodium griﬃthii Lindl. [Unknown; cites_pdf],Bulbophyllum griﬃthii (Lindl.) Rchb.f.,,Orchidaceae,Bulbophyllum,calodictyon,,,,,,,,,,,unambiguous_accepted,cites_pdf,"{""page"": 68, ""y"": 670.3}"
Bulbophyllum gurungianum,wcvp,0,,,"Bulbophyllum gurungianum P.Gyeltshen, Rabgay & Kumar","P.Gyeltshen, Rabgay & Kumar",Orchidaceae,Bulbophyllum,gurungianum,Species,,,3302382,77318376-1,,<NA>,(2023),Lankesteriana,Bhutan,unambiguous_accepted,wcvp,"{""climate_description"": ""subtropical"", ""lifeform_description"": ""pseudobulbous epiphyte"", ""volume_and_page"": ""23: 110""}"
Bulbophyllum gusdorﬁi J.J.Sm.,cites_pdf,3,"Bulbophyllum gusdorﬁi var. johorense Holttum., Cirrhopetalum gusdorﬁi (J.J.Sm.) Garay, Hamer & Siegerist, Cirrhopetalum gusdorﬁi var. johorense (Holttum) Garay, Hamer & Siegerist","Bulbophyllum gusdorﬁi var. johorense Holttum. [Unknown; cites_pdf], Cirrhopetalum gusdorﬁi (J.J.Sm.) Garay, Hamer & Siegerist [Unknown; cites_pdf], Cirrhopetalum gusdorﬁi var. johorense (Holttum) Garay, Hamer & Siegerist [Unknown; cites_pdf]",Bulbophyllum gusdorﬁi J.J.Sm.,,Orchidaceae,Bulbophyllum,gusdorﬁi,,,,,,,,,,,unambiguous_accepted,cites_pdf,"{""page"": 87, ""y"": 156.2}"
Bulbophyllum halmaherae,wcvp,0,,,"Bulbophyllum halmaherae Mustaqim, Yudistira, Jacop & Schuit.","Mustaqim, Yudistira, Jacop & Schuit.",Orchidaceae,Bulbophyllum,halmaherae,Species,,,3312650,77352183-1,,<NA>,(2025),Kew Bull.,Maluku,unambiguous_accepted,wcvp,"{""climate_description"": ""wet tropical"", ""lifeform_description"": ""pseudobulbous epiphyte"", ""volume_and_page"": ""80(1): [3 of 5]""}"
Bulbophyllum haniﬃi Carr,cites_pdf,1,Epicranthes haniﬃi (Carr) Garay & W.Kittr.,Epicranthes haniﬃi (Carr) Garay & W.Kittr. [Unknown; cites_pdf],Bulbophyllum haniﬃi Carr,,Orchidaceae,Epicranthes,haniﬃi,,,,,,,,,,,unambiguous_accepted,cites_pdf,"{""accepted_genus"": ""Bulbophyllum"", ""page"": 347, ""y"": 550.7}"
Bulbophyllum ignivenosum,wfo,0,,,Bulbophyllum ignivenosum Carr,Carr,Orchidaceae,Bulbophyllum,ignivenosum,species,,,,,wfo-0000512941,,Gard. Bull. Straits Settlem. 5: 130 (1930),,,unambiguous_accepted,wfo,"{""majorGroup"": ""A"", ""references"": ""https://powo.science.kew.org/taxon/urn:lsid:ipni.org:names:619143-1"", ""source"": ""World Checklist of Vascular Plants. Facilitated by the Royal Botanic Gardens, Kew."", ""taxonRemarks"": ""Source in seed data: wcs Update namepublishedIn from Gard. Bull. Straits Settlem. 5: 130. 1930 to Gard. Bull. Straits Settlem. 5: 130 (1930), information provided by Alan E. on email Jun. 07 2021 More details could be found in <a href=http://www.theplant"", ""tplId"": ""kew-26139"", ""wfo_nomenclatural_status"": ""Valid""}"
Bulbophyllum infundibuliforme subsp. hymenobracteum,cites_pdf,1,Bulbophyllum hymenobracteum var. giriwoense,Bulbophyllum hymenobracteum var. giriwoense [Unknown; cites_pdf],Bulbophyllum infundibuliforme subsp. hymenobracteum (Schltr.) De Witte & J.J.Verm.,(Schltr.) De Witte & J.J.Verm.,Orchidaceae,Bulbophyllum,hymenobracteum,,,,,,,,,,,unambiguous_accepted,cites_pdf,"{""page"": 89, ""y"": 526.8}"
Bulbophyllum infundibuliforme subsp. infundibuliforme,cites_pdf,0,,,Bulbophyllum infundibuliforme subsp. infundibuliforme,,Orchidaceae,Bulbophyllum,garupinum,,,,,,,,,,,unambiguous_accepted,cites_pdf,"{""page"": 85, ""y"": 227.9}"
Bulbophyllum injoloense subsp. pseudoxypterum,cites_pdf,1,Bulbophyllum injoloense var. pseudoxypterum,Bulbophyllum injoloense var. pseudoxypterum [Unknown; cites_pdf],Bulbophyllum injoloense subsp. pseudoxypterum (J.J.Verm.) J.J.Verm.,(J.J.Verm.) J.J.Verm.,Orchidaceae,Bulbophyllum,injoloense,,,,,,,,,,,unambiguous_accepted,cites_pdf,"{""page"": 91, ""y"": 120.3}"
Bulbophyllum johannae,wcvp,0,,,Bulbophyllum johannae Cavestro & K.Metzg.,Cavestro & K.Metzg.,Orchidaceae,Bulbophyllum,johannae,Species,,,3312534,77339625-1,,<NA>,(2024),"Orchidee, Taxon. Mitt.",Papua New Guinea,unambiguous_accepted,wcvp,"{""climate_description"": ""wet tropical"", ""lifeform_description"": ""pseudobulbous epiphyte"", ""volume_and_page"": ""10: 29""}"
Bulbophyllum johannuli,wcvp,0,,,Bulbophyllum johannuli J.J.Verm.,J.J.Verm.,Orchidaceae,Epicranthes,johannulii,Species,,,67634,942692-1,,26223,(1985 publ. 1986),Bot. Mus. Leafl.,Bismarck Arch. (New Ireland),unambiguous_accepted,wcvp,"{""volume_and_page"": ""30: 184""}"
Bulbophyllum josephi var. josephi,cites_pdf,0,,,Bulbophyllum josephi var. josephi,,Orchidaceae,Bulbophyllum,amanicum,,,,,,,,,,,unambiguous_accepted,cites_pdf,"{""page"": 61, ""y"": 204.0}"
Bulbophyllum josephi var. mahonii,cites_pdf,0,,,Bulbophyllum josephi var. mahonii (Rolfe) J.J.Verm.,(Rolfe) J.J.Verm.,Orchidaceae,Bulbophyllum,mahonii,,,,,,,,,,,unambiguous_accepted,cites_pdf,"{""page"": 100, ""y"": 443.1}"
Bulbophyllum karenkoensis var. karenkoensis,cites_pdf,1,Bulbophyllum hirundinis var. pinlinianum,Bulbophyllum hirundinis var. pinlinianum [Unknown; cites_pdf],Bulbophyllum karenkoensis var. karenkoensis,,Orchidaceae,Bulbophyllum,hirundinis,,,,,,,,,,,unambiguous_accepted,cites_pdf,"{""page"": 88, ""y"": 610.5}"
Bulbophyllum karenkoensis var. puniceum,cites_pdf,2,"Bulbophyllum hirundinis var. puniceum, Bulbophyllum hirundinis var. rubriﬂorum","Bulbophyllum hirundinis var. puniceum [Unknown; cites_pdf], Bulbophyllum hirundinis var. rubriﬂorum [Unknown; cites_pdf]",Bulbophyllum karenkoensis var. puniceum (T.P.Lin & Y.N.Chang) T.P.Lin,(T.P.Lin & Y.N.Chang) T.P.Lin,Orchidaceae,Bulbophyllum,hirundinis,,,,,,,,,,,unambiguous_accepted,cites_pdf,"{""page"": 88, ""y"": 634.4}"
Bulbophyllum klabatense subsp. sulawesii,cites_pdf,0,,,"Bulbophyllum klabatense subsp. sulawesii (Garay, Hamer & Siegerist) J.J.Verm. & P.O’Byrne","(Garay, Hamer & Siegerist) J.J.Verm. & P.O’Byrne",Orchidaceae,Bulbophyllum,sulawesii,,,,,,,,,,,unambiguous_accepted,cites_pdf,"{""page"": 127, ""y"": 443.1}"
Bulbophyllum kuanwuensis,wfo,0,,,Bulbophyllum kuanwuensis S.W.Chung & T.C.Hsu,S.W.Chung & T.C.Hsu,Orchidaceae,Bulbophyllum,kuanwuensis,species,,,,,wfo-0001278892,,"Taiwania 51(2): 139–142, f. 1–5 2006",,,unambiguous_accepted,wfo,"{""majorGroup"": ""A"", ""source"": ""World Checklist of Vascular Plants. Facilitated by the Royal Botanic Gardens, Kew."", ""taxonRemarks"": ""Source in seed data: tro More details could be found in <a href=http://www.theplantlist.org/tpl1.1/record/tro-50300571 >The Plant List v.1.1.</a> Originally in <a href=http://www.theplantlist.org/tpl/record/tro-50300571 >The Plant List v.1.0</a>"", ""tplId"": ""tro-50300571"", ""wfo_nomenclatural_status"": ""Valid""}"
Bulbophyllum lampadion,wcvp,0,,,"Bulbophyllum lampadion J.J.Verm., M.Perry & Schuit.","J.J.Verm., M.Perry & Schuit.",Orchidaceae,Bulbophyllum,lampadion,Species,,,3312162,77351401-1,,<NA>,(2024),Lankesteriana,New Guinea,unambiguous_accepted,wcvp,"{""climate_description"": ""wet tropical"", ""lifeform_description"": ""pseudobulbous epiphyte"", ""volume_and_page"": ""24: 194""}"
Bulbophyllum laxiﬂorum (Blume) Lindl.,cites_pdf,3,"Bulbophyllum laxiﬂorum var. celebicum Schltr., Diphyes laxiﬂora Blume, Phyllorkis laxiﬂora (Blume) Kuntze.","Bulbophyllum laxiﬂorum var. celebicum Schltr. [Unknown; cites_pdf], Diphyes laxiﬂora Blume [Unknown; cites_pdf], Phyllorkis laxiﬂora (Blume) Kuntze. [Unknown; cites_pdf]",Bulbophyllum laxiﬂorum (Blume) Lindl.,,Orchidaceae,Bulbophyllum,laxiﬂorum,,,,,,,,,,,unambiguous_accepted,cites_pdf,"{""page"": 95, ""y"": 431.2}"
Bulbophyllum lepanthiﬂorum Schltr.,cites_pdf,2,"Bulbophyllum lepanthiﬂorum var. rivulare Schltr., Lepanthanthe lepanthiﬂora (Schltr.) Szlach.","Bulbophyllum lepanthiﬂorum var. rivulare Schltr. [Unknown; cites_pdf], Lepanthanthe lepanthiﬂora (Schltr.) Szlach. [Unknown; cites_pdf]",Bulbophyllum lepanthiﬂorum Schltr.,,Orchidaceae,Bulbophyllum,lepanthiﬂorum,,,,,,,,,,,unambiguous_accepted,cites_pdf,"{""page"": 96, ""y"": 120.3}"
Bulbophyllum leucorrhachis,wfo,0,,,Bulbophyllum leucorrhachis (Rolfe) Schltr.,(Rolfe) Schltr.,Orchidaceae,Bulbophyllum,leucorrhachis,species,,,,,wfo-0001088422,,Bot. Jahrb. Syst. 38: 17 1906,,,unambiguous_accepted,wfo,"{""majorGroup"": ""A"", ""source"": ""World Checklist of Vascular Plants. Facilitated by the Royal Botanic Gardens, Kew."", ""taxonRemarks"": ""Source in seed data: tro More details could be found in <a href=http://www.theplantlist.org/tpl1.1/record/tro-23511909 >The Plant List v.1.1.</a> Originally in <a href=http://www.theplantlist.org/tpl/record/tro-23511909 >The Plant List v.1.0</a>"", ""tplId"": ""tro-23511909"", ""wfo_nomenclatural_status"": ""Valid""}"
Bulbophyllum linearibractium,wcvp,0,,,Bulbophyllum linearibractium S.S.Ying,S.S.Ying,Orchidaceae,Bulbophyllum,linearibractium,Species,,,3301928,77331972-1,,<NA>,(2023),New Taxa New Names,Taiwan,unambiguous_accepted,wcvp,"{""climate_description"": ""subtropical"", ""lifeform_description"": ""pseudobulbous epiphyte"", ""volume_and_page"": ""6: 514""}"
Bulbophyllum lingulatum f. microphyton,cites_pdf,0,,,Bulbophyllum lingulatum f. microphyton (Guillaumin) N.Hall´e,(Guillaumin) N.Hall´e,Orchidaceae,Bulbophyllum,microphyton,,,,,,,,,,,unambiguous_accepted,cites_pdf,"{""page"": 103, ""y"": 323.6}"
Bulbophyllum lobbii subsp. breviﬂorum,cites_pdf,1,Bulbophyllum lobbii var. breviﬂorum,Bulbophyllum lobbii var. breviﬂorum [Unknown; cites_pdf],"Bulbophyllum lobbii subsp. breviﬂorum (J.J.Sm.) Mangal, F.Velazquez & J.J.Verm.","(J.J.Sm.) Mangal, F.Velazquez & J.J.Verm.",Orchidaceae,Bulbophyllum,lobbii,,,,,,,,,,,unambiguous_accepted,cites_pdf,"{""page"": 97, ""y"": 574.6}"
Bulbophyllum lobbii subsp. lobbii,cites_pdf,1,Sestochilos uniﬂorum Breda,Sestochilos uniﬂorum Breda [Unknown; cites_pdf],Bulbophyllum lobbii subsp. lobbii,,Orchidaceae,Bulbophyllum,henshallii,,,,,,,,,,,unambiguous_accepted,cites_pdf,"{""page"": 88, ""y"": 204.0}"
Bulbophyllum lobbii subsp. siamense,cites_pdf,1,Bulbophyllum lobbii var. siamense,Bulbophyllum lobbii var. siamense [Unknown; cites_pdf],"Bulbophyllum lobbii subsp. siamense (Rchb.f.) Mangal, F.Velazquez & J.J.Verm.","(Rchb.f.) Mangal, F.Velazquez & J.J.Verm.",Orchidaceae,Bulbophyllum,bataanense,,,,,,,,,,,unambiguous_accepted,cites_pdf,"{""page"": 65, ""y"": 96.4}"
Bulbophyllum longiﬂorum Thouars,cites_pdf,5,"Bulbophyllum elizae, Bulbophyllum elliottii, Bulbophyllum korinchense var. grandﬂorum, Cirrhopetalum longiﬂorum (Thouars) Schltr., Phyllorkis longiﬂora (Thouars) Kuntze.","Bulbophyllum elizae [Unknown; cites_pdf], Bulbophyllum elliottii [Unknown; cites_pdf], Bulbophyllum korinchense var. grandﬂorum [Unknown; cites_pdf], Cirrhopetalum longiﬂorum (Thouars) Schltr. [Unknown; cites_pdf], Phyllorkis longiﬂora (Thouars) Kuntze. [Unknown; cites_pdf]",Bulbophyllum longiﬂorum Thouars,,Orchidaceae,Bulbophyllum,clavigerum,,,,,,,,,,,unambiguous_accepted,cites_pdf,"{""page"": 72, ""y"": 323.6}"
Bulbophyllum macphersonii var. spathulatum,cites_pdf,0,,,Bulbophyllum macphersonii var. spathulatum Dockrill & St.Cloud,Dockrill & St.Cloud,Orchidaceae,Blepharochilum,sladeanum,,,,,,,,,,,unambiguous_accepted,cites_pdf,"{""accepted_genus"": ""Bulbophyllum"", ""page"": 52, ""y"": 718.1}"
"Bulbophyllum maculiﬂorum J.J.Verm., Schuit. & de Vogel",cites_pdf,0,,,"Bulbophyllum maculiﬂorum J.J.Verm., Schuit. & de Vogel",,Orchidaceae,Saccoglossum,maculatum,,,,,,,,,,,unambiguous_accepted,cites_pdf,"{""accepted_genus"": ""Bulbophyllum"", ""page"": 480, ""y"": 395.3}"
Bulbophyllum majus,wcvp,0,,,Bulbophyllum majus (Ridl.) P.Royen,(Ridl.) P.Royen,Orchidaceae,Bulbophyllum,majus,Species,,,26503,619431-1,,26203,(1979),Alpine Fl. New Guinea,W. New Guinea,unambiguous_accepted,wcvp,"{""climate_description"": ""wet tropical"", ""lifeform_description"": ""pseudobulbous epiphyte"", ""volume_and_page"": ""2: 213""}"
Bulbophyllum maromanganum,cites_csv,0,,,Bulbophyllum maromanganum Schltr.,Schltr.,Orchidaceae,Bulbophyllum,maromanganum,SPECIES,II,,,,,,,,Madagascar,unambiguous_accepted,cites_csv,"{""All_DistributionISOCodes"": ""MG"", ""NativeDistributionFullNames"": ""Madagascar""}"
Bulbophyllum membranifolium subsp. inunctum,cites_pdf,1,Bulbophyllum longiﬂorum Ridl.,Bulbophyllum longiﬂorum Ridl. [Unknown; cites_pdf],"Bulbophyllum membranifolium subsp. inunctum (J.J.Sm.) J.J.Verm., P.O’Byrne & A.L.Lamb","(J.J.Sm.) J.J.Verm., P.O’Byrne & A.L.Lamb",Orchidaceae,Bulbophyllum,inunctum,,,,,,,,,,,unambiguous_accepted,cites_pdf,"{""page"": 91, ""y"": 455.1}"
Bulbophyllum membranifolium subsp. membranifolium,cites_pdf,0,,,Bulbophyllum membranifolium subsp. membranifolium,,Orchidaceae,Bulbophyllum,badium,,,,,,,,,,,unambiguous_accepted,cites_pdf,"{""page"": 64, ""y"": 359.4}"
Bulbophyllum metallica,wfo,0,,,Bulbophyllum metallica Aver. & K.S.Nguyen,Aver. & K.S.Nguyen,Orchidaceae,Bulbophyllum,metallica,species,,,,,wfo-1000020728,,Phytotaxa 404: 235 (2019),,,unambiguous_accepted,wfo,"{""majorGroup"": ""A"", ""references"": ""https://powo.science.kew.org/taxon/urn:lsid:ipni.org:names:77197960-1"", ""source"": ""World Checklist of Vascular Plants. Facilitated by the Royal Botanic Gardens, Kew."", ""wfo_nomenclatural_status"": ""Valid""}"
Bulbophyllum metallicum,wcvp,0,,,Bulbophyllum metallicum Aver. & K.S.Nguyen,Aver. & K.S.Nguyen,Orchidaceae,Bulbophyllum,metallicum,Species,,,533124,77197960-1,,<NA>,(2019),Phytotaxa,Vietnam,unambiguous_accepted,wcvp,"{""climate_description"": ""wet tropical"", ""lifeform_description"": ""pseudobulbous epiphyte"", ""volume_and_page"": ""404: 235""}"
Bulbophyllum mobiliﬁlum Carr,cites_pdf,1,Epicranthes mobiliﬁlum (Carr) Garay & W.Kittr.,Epicranthes mobiliﬁlum (Carr) Garay & W.Kittr. [Unknown; cites_pdf],Bulbophyllum mobiliﬁlum Carr,,Orchidaceae,Epicranthes,mobiliﬁlum,,,,,,,,,,,unambiguous_accepted,cites_pdf,"{""accepted_genus"": ""Bulbophyllum"", ""page"": 347, ""y"": 694.2}"
Bulbophyllum monteroi,cites_csv,0,,,Bulbophyllum monteroi J.E.Leite,J.E.Leite,Orchidaceae,Bulbophyllum,monteroi,SPECIES,II,,,,,,,,,unambiguous_accepted,cites_csv,
Bulbophyllum mucronatum subsp. alagense,cites_pdf,0,,,Bulbophyllum mucronatum subsp. alagense (Ames) J.J.Verm. & P.O’Byrne,(Ames) J.J.Verm. & P.O’Byrne,Orchidaceae,Bulbophyllum,alagense,,,,,,,,,,,unambiguous_accepted,cites_pdf,"{""page"": 60, ""y"": 371.4}"
Bulbophyllum mucronatum subsp. mucronatum,cites_pdf,0,,,Bulbophyllum mucronatum subsp. mucronatum,,Orchidaceae,Bulbophyllum,nanopetalum,,,,,,,,,,,unambiguous_accepted,cites_pdf,"{""page"": 105, ""y"": 718.1}"
Bulbophyllum multiﬂorum Ridl.,cites_pdf,1,Phyllorkis multiﬂora (Ridl.) Kuntze,Phyllorkis multiﬂora (Ridl.) Kuntze [Unknown; cites_pdf],Bulbophyllum multiﬂorum Ridl.,,Orchidaceae,Bulbophyllum,ridleyi,,,,,,,,,,,unambiguous_accepted,cites_pdf,"{""page"": 119, ""y"": 550.7}"
Bulbophyllum nubigena,wfo,0,,,Bulbophyllum nubigena Schltr.,Schltr.,Orchidaceae,Bulbophyllum,nubigena,species,,,,,wfo-0000564451,,Repert. Spec. Nov. Regni Veg. Beih. 1: 884 (1913),,,unambiguous_accepted,wfo,"{""majorGroup"": ""A"", ""source"": ""World Checklist of Vascular Plants. Facilitated by the Royal Botanic Gardens, Kew."", ""taxonRemarks"": ""Source in seed data: wcs Update namepublishedIn from Repert. Spec. Nov. Regni Veg. Beih. 1: 884. 1913 to Repert. Spec. Nov. Regni Veg. Beih. 1: 884 (1913), information provided by Alan E. on email Jun. 07 2021 More details could be found in <a href=http:"", ""tplId"": ""kew-26751"", ""wfo_nomenclatural_status"": ""Valid""}"
Bulbophyllum nutans var. nutans,cites_pdf,0,,,Bulbophyllum nutans var. nutans,,Orchidaceae,Bulbophyllum,andringitranum,,,,,,,,,,,unambiguous_accepted,cites_pdf,"{""page"": 62, ""y"": 144.2}"
Bulbophyllum nutans var. variifolium,cites_pdf,0,,,Bulbophyllum nutans var. variifolium (Schltr.) Bosser,(Schltr.) Bosser,Orchidaceae,Bulbophyllum,ambohitrense,,,,,,,,,,,unambiguous_accepted,cites_pdf,"{""page"": 61, ""y"": 323.6}"
Bulbophyllum odoardii,cites_csv,0,,,Bulbophyllum odoardii Rchb.f. & Pfitzer,Rchb.f. & Pfitzer,Orchidaceae,Bulbophyllum,odoardii,SPECIES,II,,,,,,,,Indonesia,unambiguous_accepted,cites_csv,"{""All_DistributionISOCodes"": ""ID"", ""NativeDistributionFullNames"": ""Indonesia""}"
Bulbophyllum odoardoi,wfo,0,,,Bulbophyllum odoardoi Rchb.f. & Pfitzer,Rchb.f. & Pfitzer,Orchidaceae,Bulbophyllum,odoardoi,species,,,,,wfo-0000568678,,Ber. Deutsch. Bot. Ges. 2: 478 (1884),,,unambiguous_accepted,wfo,"{""majorGroup"": ""A"", ""references"": ""https://powo.science.kew.org/taxon/urn:lsid:ipni.org:names:619692-1"", ""source"": ""World Checklist of Vascular Plants. Facilitated by the Royal Botanic Gardens, Kew."", ""taxonRemarks"": ""Source in seed data: wcs Updated scientificnameAuthorship from Rchb.f. & Pfitzer to Rchb.f. & Pfitzer ex Pfitzer, information provided by Alan E. on email Oct. 12 2020 More details could be found in <a href=http://www.theplantlist.org/tpl1.1/record/kew-2"", ""tplId"": ""kew-26794"", ""wfo_nomenclatural_status"": ""Valid""}"
Bulbophyllum odoratissimum var. odoratissimum,cites_pdf,2,"Bulbophyllum trichocephalum var. capitatum, Bulbophyllum trichocephalum var. wallongense","Bulbophyllum trichocephalum var. capitatum [Unknown; cites_pdf], Bulbophyllum trichocephalum var. wallongense [Unknown; cites_pdf]",Bulbophyllum odoratissimum var. odoratissimum,,Orchidaceae,Bulbophyllum,congestum,,,,,,,,,,,unambiguous_accepted,cites_pdf,"{""page"": 73, ""y"": 610.5}"
Bulbophyllum odoratissimum var. racemosum,cites_pdf,1,Bulbophyllum trichocephalum var. racemosum,Bulbophyllum trichocephalum var. racemosum [Unknown; cites_pdf],Bulbophyllum odoratissimum var. racemosum N.P.Balakr.,N.P.Balakr.,Orchidaceae,Bulbophyllum,trichocephalum,,,,,,,,,,,unambiguous_accepted,cites_pdf,"{""page"": 130, ""y"": 550.7}"
Bulbophyllum oertlei,cites_csv,0,,,Bulbophyllum oertlei Sieder.,Sieder.,Orchidaceae,Bulbophyllum,oertlei,SPECIES,II,,,,,,,,Madagascar,unambiguous_accepted,cites_csv,"{""All_DistributionISOCodes"": ""MG"", ""NativeDistributionFullNames"": ""Madagascar""}"
Bulbophyllum ophiuchus var. ophiuchus,cites_pdf,0,,,Bulbophyllum ophiuchus var. ophiuchus,,Orchidaceae,Bulbophyllum,mangoroanum,,,,,,,,,,,unambiguous_accepted,cites_pdf,"{""page"": 101, ""y"": 108.4}"
Bulbophyllum orbiculare subsp. cassideum,cites_pdf,0,,,Bulbophyllum orbiculare subsp. cassideum (J.J.Sm.) J.J.Verm.,(J.J.Sm.) J.J.Verm.,Orchidaceae,Bulbophyllum,cassideum,,,,,,,,,,,unambiguous_accepted,cites_pdf,"{""page"": 70, ""y"": 168.2}"
Bulbophyllum orbiculare subsp. orbiculare,cites_pdf,0,,,Bulbophyllum orbiculare subsp. orbiculare,,Orchidaceae,Bulbophyllum,glabrilabre,,,,,,,,,,,unambiguous_accepted,cites_pdf,"{""page"": 85, ""y"": 622.4}"
Bulbophyllum oxycalyx var. rubescens,cites_pdf,1,Bulbophyllum rubescens var. meizobulbon,Bulbophyllum rubescens var. meizobulbon [Unknown; cites_pdf],Bulbophyllum oxycalyx var. rubescens (Schltr.) Bosser,(Schltr.) Bosser,Orchidaceae,Bulbophyllum,caeruleolineatum,,,,,,,,,,,unambiguous_accepted,cites_pdf,"{""page"": 68, ""y"": 431.2}"
Bulbophyllum papillosoﬁlum Carr,cites_pdf,1,Epicranthes papillosoﬁlum (Carr) Garay & W.Kittr.,Epicranthes papillosoﬁlum (Carr) Garay & W.Kittr. [Unknown; cites_pdf],Bulbophyllum papillosoﬁlum Carr,,Orchidaceae,Epicranthes,papillosoﬁlum,,,,,,,,,,,unambiguous_accepted,cites_pdf,"{""accepted_genus"": ""Bulbophyllum"", ""page"": 347, ""y"": 730.0}"
Bulbophyllum papilluliferum,wcvp,0,,,"Bulbophyllum papilluliferum Vuong, Aver. & Q.T.Truong","Vuong, Aver. & Q.T.Truong",Orchidaceae,Bulbophyllum,papilluliferum,Species,,,3312652,77353783-1,,<NA>,(2024),Phytotaxa,Vietnam,unambiguous_accepted,wcvp,"{""climate_description"": ""wet tropical"", ""lifeform_description"": ""pseudobulbous epiphyte"", ""volume_and_page"": ""677: 272""}"
Bulbophyllum parex,wcvp,0,,,Bulbophyllum parex J.A.Alv.-Diaz & J.S.Moreno,J.A.Alv.-Diaz & J.S.Moreno,Orchidaceae,Bulbophyllum,parex,Species,,,3302258,77322819-1,,<NA>,(2023),Harvard Pap. Bot.,Colombia,unambiguous_accepted,wcvp,"{""climate_description"": ""wet tropical"", ""lifeform_description"": ""pseudobulbous epiphyte"", ""volume_and_page"": ""28: 130""}"
Bulbophyllum parvimentatum,cites_csv,0,,,Bulbophyllum parvimentatum Lindl.,Lindl.,Orchidaceae,Bulbophyllum,parvimentatum,SPECIES,II,,,,,,,,,unambiguous_accepted,cites_csv,
Bulbophyllum parviﬂorum C.S.P.Parish & Rchb.f.,cites_pdf,1,Phyllorkis parviﬂora (C.S.P.Parish & Rchb.f.) Kuntze.,Phyllorkis parviﬂora (C.S.P.Parish & Rchb.f.) Kuntze. [Unknown; cites_pdf],Bulbophyllum parviﬂorum C.S.P.Parish & Rchb.f.,,Orchidaceae,Bulbophyllum,thomsonii,,,,,,,,,,,unambiguous_accepted,cites_pdf,"{""page"": 129, ""y"": 407.3}"
Bulbophyllum pauciﬂorum Ames,cites_pdf,0,,,Bulbophyllum pauciﬂorum Ames,,Orchidaceae,Bulbophyllum,crassiusculifolium,,,,,,,,,,,unambiguous_accepted,cites_pdf,"{""page"": 74, ""y"": 622.4}"
Bulbophyllum pelseri,wcvp,0,,,Bulbophyllum pelseri Mansibang & R.Bustam.,Mansibang & R.Bustam.,Orchidaceae,Bulbophyllum,pelseri,Species,,,3312369,77342377-1,,<NA>,(2024),Nordic J. Bot.,Philippines,unambiguous_accepted,wcvp,"{""climate_description"": ""wet tropical"", ""lifeform_description"": ""pseudobulbous epiphyte"", ""volume_and_page"": ""2024(1)-e04187: 4""}"
Bulbophyllum percoroiculatum,wfo,0,,,Bulbophyllum percoroiculatum H.Perrier,H.Perrier,Orchidaceae,Bulbophyllum,percoroiculatum,species,,,,,wfo-0000582491,,Notul. Syst. (Paris) 14: 149 (1951),,,unambiguous_accepted,wfo,"{""majorGroup"": ""A"", ""references"": ""https://powo.science.kew.org/taxon/urn:lsid:ipni.org:names:619817-1"", ""source"": ""World Checklist of Vascular Plants. Facilitated by the Royal Botanic Gardens, Kew."", ""taxonRemarks"": ""Source in seed data: wcs Update namepublishedIn from Notul. Syst. (Paris) 14: 149. 1951 to Notul. Syst. (Paris) 14: 149 (1951), information provided by Alan E. on email Jun. 07 2021 More details could be found in <a href=http://www.theplantlist.org/tpl1."", ""tplId"": ""kew-26947"", ""wfo_nomenclatural_status"": ""Valid""}"
Bulbophyllum pilopetalum,wcvp,0,,,"Bulbophyllum pilopetalum M.K.Li, J.P.Deng & Y.Luo","M.K.Li, J.P.Deng & Y.Luo",Orchidaceae,Bulbophyllum,pilopetalum,Species,,,3310025,77311054-1,,<NA>,(2023),PeerJ,SE. Tibet,unambiguous_accepted,wcvp,"{""climate_description"": ""subtropical"", ""lifeform_description"": ""pseudobulbous epiphyte"", ""volume_and_page"": ""11(e14721): 5""}"
Bulbophyllum pleochroma,wfo,0,,,Bulbophyllum pleochroma J.J.Verm. & A.L.Lamb,J.J.Verm. & A.L.Lamb,Orchidaceae,Bulbophyllum,pleochroma,species,,,,,wfo-0001335480,,Malesian Orchid J. 11: 115 (2013),,,unambiguous_accepted,wfo,"{""majorGroup"": ""A"", ""references"": ""https://powo.science.kew.org/taxon/urn:lsid:ipni.org:names:77127407-1"", ""source"": ""World Checklist of Vascular Plants. Facilitated by the Royal Botanic Gardens, Kew."", ""taxonRemarks"": ""Source in seed data: ipni Update namepublishedIn from Malesian Orchid J. 11: 115. 2013 [20 Feb 2013] to Malesian Orchid J. 11: 115 (2013), information provided by Alan E. on email Jun. 07 2021"", ""wfo_nomenclatural_status"": ""Valid""}"
Bulbophyllum polyﬂorum J.M.H.Shaw,cites_pdf,1,Cirrhopetalum multiﬂorum W.Suarez,Cirrhopetalum multiﬂorum W.Suarez [Unknown; cites_pdf],Bulbophyllum polyﬂorum J.M.H.Shaw,,Orchidaceae,Cirrhopetalum,multiﬂorum,,,,,,,,,,,unambiguous_accepted,cites_pdf,"{""accepted_genus"": ""Bulbophyllum"", ""page"": 200, ""y"": 120.3}"
Bulbophyllum pulcherissimum,wfo,0,,,"Bulbophyllum pulcherissimum H.Jiang, D.M.He & J.D.Ya","H.Jiang, D.M.He & J.D.Ya",Orchidaceae,Bulbophyllum,pulcherissimum,species,,,,,wfo-1000025867,,Pl. Diversity 43: 373 (2021),,,unambiguous_accepted,wfo,"{""majorGroup"": ""A"", ""references"": ""https://powo.science.kew.org/taxon/urn:lsid:ipni.org:names:77297543-1"", ""source"": ""World Checklist of Vascular Plants. Facilitated by the Royal Botanic Gardens, Kew."", ""wfo_nomenclatural_status"": ""Valid""}"
Bulbophyllum pulcherrimum,wcvp,0,,,"Bulbophyllum pulcherrimum H.Jiang, D.M.He & J.D.Ya","H.Jiang, D.M.He & J.D.Ya",Orchidaceae,Bulbophyllum,pulcherrimum,Species,,,3289139,77297543-1,,<NA>,(2021),Pl. Diversity,China (Yunnan),unambiguous_accepted,wcvp,"{""climate_description"": ""subtropical"", ""lifeform_description"": ""pseudobulbous epiphyte"", ""volume_and_page"": ""43: 373""}"
Bulbophyllum punakhaense,wcvp,0,,,"Bulbophyllum punakhaense P.Gyeltshen, Rabgay & Kumar","P.Gyeltshen, Rabgay & Kumar",Orchidaceae,Bulbophyllum,punakhaense,Species,,,3301929,77318375-1,,<NA>,(2023),Lankesteriana,Bhutan,unambiguous_accepted,wcvp,"{""climate_description"": ""subtropical"", ""lifeform_description"": ""pseudobulbous epiphyte"", ""volume_and_page"": ""23(1): 114""}"
Bulbophyllum quangdangii,wcvp,1,Sunipia quangdangii,Sunipia quangdangii [Homotypic; wcvp],"Bulbophyllum quangdangii (Vuong, V.C.Nguyen & Aver.) S.S.Ying","(Vuong, V.C.Nguyen & Aver.) S.S.Ying",Orchidaceae,Bulbophyllum,quangdangii,Species,,,3302274,77331980-1,,539447,(2023),New Taxa New Names,Vietnam,unambiguous_accepted,wcvp,"{""climate_description"": ""wet tropical"", ""lifeform_description"": ""pseudobulbous epiphyte"", ""volume_and_page"": ""6: 545""}"
Bulbophyllum recurviﬂorum J.J.Sm.,cites_pdf,1,Diphyes recurviﬂora (J.J.Sm.) Szlach. & Rutk.,Diphyes recurviﬂora (J.J.Sm.) Szlach. & Rutk. [Unknown; cites_pdf],Bulbophyllum recurviﬂorum J.J.Sm.,,Orchidaceae,Diphyes,recurviﬂora,,,,,,,,,,,unambiguous_accepted,cites_pdf,"{""accepted_genus"": ""Bulbophyllum"", ""page"": 310, ""y"": 299.7}"
Bulbophyllum reiﬁi Sieder & Kiehn,cites_pdf,0,,,Bulbophyllum reiﬁi Sieder & Kiehn,,Orchidaceae,Bulbophyllum,rhizomatosum,,,,,,,,,,,unambiguous_accepted,cites_pdf,"{""page"": 119, ""y"": 204.0}"
Bulbophyllum resupinatum var. ﬁliforme,cites_pdf,1,Bulbophyllum ﬁliforme Kraenzl.,Bulbophyllum ﬁliforme Kraenzl. [Unknown; cites_pdf],Bulbophyllum resupinatum var. ﬁliforme (Kraenzl.) J.J.Verm.,(Kraenzl.) J.J.Verm.,Orchidaceae,Bulbophyllum,daloaense,,,,,,,,,,,unambiguous_accepted,cites_pdf,"{""page"": 76, ""y"": 419.2}"
Bulbophyllum reﬂexiﬂorum subsp. pogonochilum (Summerh.) Bosser,cites_pdf,0,,,Bulbophyllum reﬂexiﬂorum subsp. pogonochilum (Summerh.) Bosser,,Orchidaceae,Bulbophyllum,comosum,,,,,,,,,,,unambiguous_accepted,cites_pdf,"{""page"": 73, ""y"": 287.7}"
Bulbophyllum reﬂexiﬂorum subsp. reﬂexiﬂorum,cites_pdf,2,"Bulbophyllum boudetiana, Bulbophyllum bowkettae","Bulbophyllum boudetiana [Unknown; cites_pdf], Bulbophyllum bowkettae [Unknown; cites_pdf]",Bulbophyllum reﬂexiﬂorum subsp. reﬂexiﬂorum,,Orchidaceae,Bulbophyllum,bosseri,,,,,,,,,,,unambiguous_accepted,cites_pdf,"{""page"": 66, ""y"": 670.3}"
Bulbophyllum rigidiﬁlum J.J.Sm.,cites_pdf,1,Epicranthes rigidiﬁlum (J.J.Sm.) Garay & W.Kittr.,Epicranthes rigidiﬁlum (J.J.Sm.) Garay & W.Kittr. [Unknown; cites_pdf],Bulbophyllum rigidiﬁlum J.J.Sm.,,Orchidaceae,Epicranthes,rigidiﬁlum,,,,,,,,,,,unambiguous_accepted,cites_pdf,"{""accepted_genus"": ""Bulbophyllum"", ""page"": 348, ""y"": 120.3}"
Bulbophyllum romklaoense,wcvp,0,,,Bulbophyllum romklaoense Pingyot & Thawara,Pingyot & Thawara,Orchidaceae,Bulbophyllum,romklaoense,Species,,,3312425,77336764-1,,<NA>,(2024),PhytoKeys,Thailand,unambiguous_accepted,wcvp,"{""climate_description"": ""wet tropical"", ""lifeform_description"": ""pseudobulbous epiphyte"", ""volume_and_page"": ""238: 148""}"
"Bulbophyllum rutiliﬂorum J.J.Verm., Schuit. & de Vogel",cites_pdf,0,,,"Bulbophyllum rutiliﬂorum J.J.Verm., Schuit. & de Vogel",,Orchidaceae,Ione,rutilans,,,,,,,,,,,unambiguous_accepted,cites_pdf,"{""accepted_genus"": ""Bulbophyllum"", ""page"": 383, ""y"": 538.8}"
Bulbophyllum ruﬁcaudatum Ridl.,cites_pdf,0,,,Bulbophyllum ruﬁcaudatum Ridl.,,Orchidaceae,Bulbophyllum,microbulbon,,,,,,,,,,,unambiguous_accepted,cites_pdf,"{""page"": 102, ""y"": 765.9}"
Bulbophyllum ruﬁlabrum C.S.P.Parish ex Hook.f.,cites_pdf,1,Phyllorkis ruﬁlabra (C.S.P.Parish ex Hook.f.) Kuntze,Phyllorkis ruﬁlabra (C.S.P.Parish ex Hook.f.) Kuntze [Unknown; cites_pdf],Bulbophyllum ruﬁlabrum C.S.P.Parish ex Hook.f.,,Orchidaceae,Phyllorkis,ruﬁlabra,,,,,,,,,,,unambiguous_accepted,cites_pdf,"{""accepted_genus"": ""Bulbophyllum"", ""page"": 467, ""y"": 694.2}"
Bulbophyllum ruﬁnum Rchb.f.,cites_pdf,1,Phyllorkis ruﬁna (Rchb.f.) Kuntze,Phyllorkis ruﬁna (Rchb.f.) Kuntze [Unknown; cites_pdf],Bulbophyllum ruﬁnum Rchb.f.,,Orchidaceae,Phyllorkis,ruﬁna,,,,,,,,,,,unambiguous_accepted,cites_pdf,"{""accepted_genus"": ""Bulbophyllum"", ""page"": 467, ""y"": 718.1}"
Bulbophyllum saltatorium var. albociliatum,cites_pdf,3,"Bulbophyllum calamarium var. albociliatum, Bulbophyllum ﬁnetii Szlach. & Olszewski., Bulbophyllum ﬂexiliscapum Summerh.","Bulbophyllum calamarium var. albociliatum [Unknown; cites_pdf], Bulbophyllum ﬁnetii Szlach. & Olszewski. [Unknown; cites_pdf], Bulbophyllum ﬂexiliscapum Summerh. [Unknown; cites_pdf]",Bulbophyllum saltatorium var. albociliatum (Finet) J.J.Verm.,(Finet) J.J.Verm.,Orchidaceae,Bulbophyllum,calamarium,,,,,,,,,,,unambiguous_accepted,cites_pdf,"{""page"": 68, ""y"": 550.7}"
Bulbophyllum saltatorium var. calamarium,cites_pdf,0,,,Bulbophyllum saltatorium var. calamarium (Lindl.) J.J.Verm.,(Lindl.) J.J.Verm.,Orchidaceae,Bulbophyllum,calamarium,,,,,,,,,,,unambiguous_accepted,cites_pdf,"{""page"": 68, ""y"": 514.9}"
Bulbophyllum salweenense,wcvp,0,,,Bulbophyllum salweenense X.H.Jin,X.H.Jin,Orchidaceae,Bulbophyllum,salweenense,Species,,,496314,77150855-1,,<NA>,(2015),Phytotaxa,China (Yunnan),unambiguous_accepted,wcvp,"{""climate_description"": ""wet tropical"", ""lifeform_description"": ""pseudobulbous epiphyte"", ""volume_and_page"": ""234: 95""}"
Bulbophyllum sandersonii subsp. sandersonii,cites_pdf,0,,,Bulbophyllum sandersonii subsp. sandersonii,,Orchidaceae,Bulbophyllum,bibundiense,,,,,,,,,,,unambiguous_accepted,cites_pdf,"{""page"": 65, ""y"": 395.3}"
Bulbophyllum sandersonii subsp. stenopetalum,cites_pdf,0,,,Bulbophyllum sandersonii subsp. stenopetalum (Kraenzl.) J.J.Verm.,(Kraenzl.) J.J.Verm.,Orchidaceae,Bulbophyllum,minus,,,,,,,,,,,unambiguous_accepted,cites_pdf,"{""page"": 103, ""y"": 694.2}"
Bulbophyllum sanguineo-maculatum,wfo,0,,,Bulbophyllum sanguineo-maculatum Ridl.,Ridl.,Orchidaceae,Bulbophyllum,sanguineo-maculatum,species,,,,,wfo-0000610964,,"J. Linn. Soc., Bot. 32: 265 (1896)",,,unambiguous_accepted,wfo,"{""majorGroup"": ""A"", ""references"": ""https://powo.science.kew.org/taxon/urn:lsid:ipni.org:names:620086-1"", ""source"": ""World Checklist of Vascular Plants. Facilitated by the Royal Botanic Gardens, Kew."", ""taxonRemarks"": ""Source in seed data: wcs Update namepublishedIn from J. Linn. Soc., Bot. 32: 265. 1896 to J. Linn. Soc., Bot. 32: 265 (1896), information provided by Alan E. on email Jun. 07 2021 More details could be found in <a href=http://www.theplantlist.org/tpl1.1/"", ""tplId"": ""kew-27270"", ""wfo_nomenclatural_status"": ""Valid""}"
Bulbophyllum sapathawungense,wcvp,0,,,"Bulbophyllum sapathawungense Yudistira, R.P.P.Ahmad & Mustaqim","Yudistira, R.P.P.Ahmad & Mustaqim",Orchidaceae,Bulbophyllum,sapathawungense,Species,,,3312420,77347909-1,,<NA>,(2024),Taiwania,Borneo (Kalimantan),unambiguous_accepted,wcvp,"{""climate_description"": ""wet tropical"", ""lifeform_description"": ""pseudobulbous epiphyte"", ""volume_and_page"": ""69: 386""}"
Bulbophyllum sarcorhachis var. befaonense,cites_pdf,0,,,Bulbophyllum sarcorhachis var. befaonense (Schltr.) H.Perrier,(Schltr.) H.Perrier,Orchidaceae,Bulbophyllum,befaonense,,,,,,,,,,,unambiguous_accepted,cites_pdf,"{""page"": 65, ""y"": 204.0}"
Bulbophyllum savaiense subsp. gorumense,cites_pdf,0,,,Bulbophyllum savaiense subsp. gorumense (Schltr.) J.J.Verm.,(Schltr.) J.J.Verm.,Orchidaceae,Bulbophyllum,bolaninum,,,,,,,,,,,unambiguous_accepted,cites_pdf,"{""page"": 66, ""y"": 455.1}"
Bulbophyllum savaiense subsp. subcubicum,cites_pdf,1,Bulbophyllum subcubicum var. coccineum,Bulbophyllum subcubicum var. coccineum [Unknown; cites_pdf],Bulbophyllum savaiense subsp. subcubicum (J.J.Sm.) J.J.Verm.,(J.J.Sm.) J.J.Verm.,Orchidaceae,Bulbophyllum,foveatum,,,,,,,,,,,unambiguous_accepted,cites_pdf,"{""page"": 83, ""y"": 742.0}"
Bulbophyllum scaberulum var. fuerstenbergianum,cites_pdf,0,,,Bulbophyllum scaberulum var. fuerstenbergianum (De Wild.) J.J.Verm.,(De Wild.) J.J.Verm.,Orchidaceae,Bulbophyllum,fuerstenbergianum,,,,,,,,,,,unambiguous_accepted,cites_pdf,"{""page"": 84, ""y"": 407.3}"
Bulbophyllum scaberulum var. scaberulum,cites_pdf,2,"Bulbophyllum clausseni, Bulbophyllum scaberulum var. album","Bulbophyllum clausseni [Unknown; cites_pdf], Bulbophyllum scaberulum var. album [Unknown; cites_pdf]",Bulbophyllum scaberulum var. scaberulum,(De,Orchidaceae,Bulbophyllum,bambiliense,,,,,,,,,,,unambiguous_accepted,cites_pdf,"{""page"": 64, ""y"": 526.8}"
Bulbophyllum scheffleri,wfo,1,Phyllorchis schefferi,Phyllorchis schefferi [Unknown; wfo],Bulbophyllum scheffleri (Kuntze) Schltr.,(Kuntze) Schltr.,Orchidaceae,Phyllorkis,schefferi,species,,,,,wfo-0000272696,,Revis. Gen. Pl. 2: 676 (1891),,,unambiguous_accepted,wfo,"{""majorGroup"": ""A"", ""originalNameUsageID"": ""wfo-0000943793"", ""references"": ""https://powo.science.kew.org/taxon/urn:lsid:ipni.org:names:651227-1"", ""source"": ""World Checklist of Vascular Plants. Facilitated by the Royal Botanic Gardens, Kew."", ""taxonRemarks"": ""Source in seed data: wcs Update namepublishedIn from Revis. Gen. Pl. 2: 676. 1891 [5 Nov 1891] to Revis. Gen. Pl. 2: 676 (1891), information provided by Alan E. on email Jun. 07 2021 More details could be found in <a href=http://www.theplantlist.org/tpl1"", ""tplId"": ""kew-155465"", ""wfo_nomenclatural_status"": ""Valid""}"
Bulbophyllum scheﬀeri (Kuntze) Schltr.,cites_pdf,1,Phyllorkis scheﬀeri Kuntze,Phyllorkis scheﬀeri Kuntze [Unknown; cites_pdf],Bulbophyllum scheﬀeri (Kuntze) Schltr.,,Orchidaceae,Bulbophyllum,gracile,,,,,,,,,,,unambiguous_accepted,cites_pdf,"{""page"": 86, ""y"": 383.3}"
Bulbophyllum schinzianum var. irigaleae,cites_pdf,0,,,Bulbophyllum schinzianum var. irigaleae (P.J.Cribb & P´erez-Vera) J.J.Verm.,(P.J.Cribb & P´erez-Vera) J.J.Verm.,Orchidaceae,Bulbophyllum,irigaleae,,,,,,,,,,,unambiguous_accepted,cites_pdf,"{""page"": 91, ""y"": 586.6}"
Bulbophyllum schinzianum var. phaeopogon,cites_pdf,0,,,Bulbophyllum schinzianum var. phaeopogon (Schltr.) J.J.Verm.,(Schltr.) J.J.Verm.,Orchidaceae,Bulbophyllum,gentilii,,,,,,,,,,,unambiguous_accepted,cites_pdf,"{""page"": 85, ""y"": 335.5}"
Bulbophyllum schinzianum var. schinzianum,cites_pdf,0,,,Bulbophyllum schinzianum var. schinzianum,,Orchidaceae,Bulbophyllum,mayombeense,,,,,,,,,,,unambiguous_accepted,cites_pdf,"{""page"": 101, ""y"": 670.3}"
Bulbophyllum schultzeanum,cites_csv,0,,,Bulbophyllum schultzeanum Schltr.,Schltr.,Orchidaceae,Bulbophyllum,schultzeanum,SPECIES,II,,,,,,,,,unambiguous_accepted,cites_csv,
Bulbophyllum sciaphilum,wfo,0,,,Bulbophyllum sciaphilum Bosser,Bosser,Orchidaceae,Bulbophyllum,sciaphilum,species,,,,,wfo-0000615886,,"Adansonia, n.s., 5: 391 (1965)",,,unambiguous_accepted,wfo,"{""majorGroup"": ""A"", ""references"": ""https://powo.science.kew.org/taxon/urn:lsid:ipni.org:names:620124-1"", ""source"": ""World Checklist of Vascular Plants. Facilitated by the Royal Botanic Gardens, Kew."", ""taxonRemarks"": ""Source in seed data: wcs Update namepublishedIn from Adansonia sér. 2, 5: 391. 1965 to Adansonia , n.s., 5: 391 (1965), information provided by Alan E. on email Jun. 07 2021 More details could be found in <a href=http://www.theplantlist.org/tpl1.1/recor"", ""tplId"": ""kew-27322"", ""wfo_nomenclatural_status"": ""Valid""}"
Bulbophyllum sillenianum,wfo,0,,,Bulbophyllum sillenianum Rchb.f.,Rchb.f.,Orchidaceae,Bulbophyllum,sillenianum,species,,,,,wfo-0000621726,,"Gard. Chron. n.s., 1884: 166 1884",,,unambiguous_accepted,wfo,"{""majorGroup"": ""A"", ""source"": ""World Checklist of Vascular Plants. Facilitated by the Royal Botanic Gardens, Kew."", ""taxonRemarks"": ""Source in seed data: wcs More details could be found in <a href=http://www.theplantlist.org/tpl1.1/record/kew-27381 >The Plant List v.1.1.</a> Originally in <a href=http://www.theplantlist.org/tpl/record/kew-27381 >The Plant List v.1.0</a>"", ""tplId"": ""kew-27381"", ""wfo_nomenclatural_status"": ""Valid""}"
Bulbophyllum somai,wfo,0,,,Bulbophyllum somai Hayata,Hayata,Orchidaceae,Bulbophyllum,somai,species,,,,,wfo-0000623944,,Icon. Pl. Formosan. 9: 109 (1920),,,unambiguous_accepted,wfo,"{""majorGroup"": ""A"", ""references"": ""https://powo.science.kew.org/taxon/urn:lsid:ipni.org:names:620190-1"", ""source"": ""World Checklist of Vascular Plants. Facilitated by the Royal Botanic Gardens, Kew."", ""taxonRemarks"": ""Source in seed data: wcs Update namepublishedIn from Icon. Pl. Formosan. 9: 109. 1920 [25 Mar 1920] to Icon. Pl. Formosan. 9: 109 (1920), information provided by Alan E. on email Jun. 07 2021 More details could be found in <a href=http://www.theplantlist"", ""tplId"": ""kew-27403"", ""wfo_nomenclatural_status"": ""Valid""}"
Bulbophyllum sondangii,wcvp,0,,,Bulbophyllum sondangii Vuong & Aver.,Vuong & Aver.,Orchidaceae,Bulbophyllum,sondangii,Species,,,3302328,77316365-1,,<NA>,(2023),Phytotaxa,Vietnam,unambiguous_accepted,wcvp,"{""climate_description"": ""wet tropical"", ""lifeform_description"": ""pseudobulbous epiphyte"", ""volume_and_page"": ""589: 204""}"
Bulbophyllum spadiciﬂorum Tixier,cites_pdf,1,"Osyricera spadiciﬂora (Tixier) Garay, Hamer & Siegerist","Osyricera spadiciﬂora (Tixier) Garay, Hamer & Siegerist [Unknown; cites_pdf]",Bulbophyllum spadiciﬂorum Tixier,,Orchidaceae,Osyricera,spadiciﬂora,,,,,,,,,,,unambiguous_accepted,cites_pdf,"{""accepted_genus"": ""Bulbophyllum"", ""page"": 438, ""y"": 216.0}"
Bulbophyllum staintonii,cites_csv,0,,,Bulbophyllum staintonii Tuyama,Tuyama,Orchidaceae,Bulbophyllum,staintonii,SPECIES,II,,,,,,,,,unambiguous_accepted,cites_csv,
Bulbophyllum sungwookii,wcvp,0,,,Bulbophyllum sungwookii Vuong & V.C.Nguyen,Vuong & V.C.Nguyen,Orchidaceae,Bulbophyllum,sungwookii,Species,,,3312536,77339623-1,,<NA>,(2024),"Orchidee, Taxon. Mitt.",Vietnam,unambiguous_accepted,wcvp,"{""climate_description"": ""wet tropical"", ""lifeform_description"": ""pseudobulbous epiphyte"", ""volume_and_page"": ""10: 35""}"
Bulbophyllum thangii,wcvp,0,,,"Bulbophyllum thangii Vuong, Aver. & R.Amsler","Vuong, Aver. & R.Amsler",Orchidaceae,Bulbophyllum,thangii,Species,,,3302176,77330784-1,,<NA>,(2023),Phytotaxa,Vietnam,unambiguous_accepted,wcvp,"{""climate_description"": ""wet tropical"", ""lifeform_description"": ""pseudobulbous epiphyte"", ""volume_and_page"": ""625: 207""}"
Bulbophyllum theiochroma,wcvp,0,,,"Bulbophyllum theiochroma J.J.Verm., Schuit. & de Vogel","J.J.Verm., Schuit. & de Vogel",Orchidaceae,Pedilochilus,sulphureus,Form,,,528306,<NA>,,<NA>,(1916),Nova Guinea,W. New Guinea,unambiguous_accepted,wcvp,"{""volume_and_page"": ""12: 358""}"
Bulbophyllum titania,wfo,0,,,Bulbophyllum titania Ridl.,Ridl.,Orchidaceae,Bulbophyllum,titania,species,,,,,wfo-0000637083,,"J. Linn. Soc., Bot. 38: 325 (1908)",,,unambiguous_accepted,wfo,"{""majorGroup"": ""A"", ""references"": ""https://powo.science.kew.org/taxon/urn:lsid:ipni.org:names:620322-1"", ""source"": ""World Checklist of Vascular Plants. Facilitated by the Royal Botanic Gardens, Kew."", ""taxonRemarks"": ""Source in seed data: wcs Update namepublishedIn from J. Linn. Soc., Bot. xxxviii. 325 (1908). to J. Linn. Soc., Bot. 38: 325 (1908), information provided by Alan E. on email Jun. 07 2021 More details could be found in <a href=http://www.theplantlist.org/"", ""tplId"": ""kew-27558"", ""wfo_nomenclatural_status"": ""Valid""}"
Bulbophyllum trichroma,wfo,0,,,Bulbophyllum trichroma Schltr.,Schltr.,Orchidaceae,Bulbophyllum,trichroma,species,,,,,wfo-0000639488,,Bot. Jahrb. Syst. 58: 130 (1923),,,unambiguous_accepted,wfo,"{""majorGroup"": ""A"", ""source"": ""World Checklist of Vascular Plants. Facilitated by the Royal Botanic Gardens, Kew."", ""taxonRemarks"": ""Source in seed data: wcs Update namepublishedIn from Bot. Jahrb. Syst. 58(2): 130. 1923 [1 Feb 1923] to Bot. Jahrb. Syst. 58: 130 (1923), information provided by Alan E. on email Jun. 07 2021 More details could be found in <a href=http://www.theplantlist"", ""tplId"": ""kew-27592"", ""wfo_nomenclatural_status"": ""Valid""}"
Bulbophyllum triﬁlum subsp. triﬁlum,cites_pdf,0,,,Bulbophyllum triﬁlum subsp. triﬁlum,,Orchidaceae,Bulbophyllum,cavistigma,,,,,,,,,,,unambiguous_accepted,cites_pdf,"{""page"": 70, ""y"": 395.3}"
Bulbophyllum triﬁlum subsp. ﬁlisepalum (J.J.Sm.) J.J.Verm.,cites_pdf,1,Bulbophyllum ﬁlisepalum J.J.Sm.,Bulbophyllum ﬁlisepalum J.J.Sm. [Unknown; cites_pdf],Bulbophyllum triﬁlum subsp. ﬁlisepalum (J.J.Sm.) J.J.Verm.,,Orchidaceae,Bulbophyllum,ﬁlisepalum,,,,,,,,,,,unambiguous_accepted,cites_pdf,"{""page"": 82, ""y"": 479.0}"
Bulbophyllum triﬂorum (Breda) Blume ex Miq.,cites_pdf,2,"Odontostylis triﬂora Breda., Phyllorkis triﬂora (Breda) Kuntze","Odontostylis triﬂora Breda. [Unknown; cites_pdf], Phyllorkis triﬂora (Breda) Kuntze [Unknown; cites_pdf]",Bulbophyllum triﬂorum (Breda) Blume ex Miq.,,Orchidaceae,Odontostylis,triﬂora,,,,,,,,,,,unambiguous_accepted,cites_pdf,"{""accepted_genus"": ""Bulbophyllum"", ""page"": 435, ""y"": 455.1}"
Bulbophyllum umbellatum var. fuscescens,cites_pdf,1,Cirrhopetalum maculosum var. frutescens,Cirrhopetalum maculosum var. frutescens [Unknown; cites_pdf],Bulbophyllum umbellatum var. fuscescens (Hook.f.) P.K.Sarkar,(Hook.f.) P.K.Sarkar,Orchidaceae,Cirrhopetalum,maculosum,,,,,,,,,,,unambiguous_accepted,cites_pdf,"{""accepted_genus"": ""Bulbophyllum"", ""page"": 199, ""y"": 383.3}"
Bulbophyllum umbellatum var. umbellatum,cites_pdf,3,"Bulbophyllum tigridium, Bulbophyllum umbellatum var. bergemannii, Cirrhopetalum maculosum var. annamicum","Bulbophyllum tigridium [Unknown; cites_pdf], Bulbophyllum umbellatum var. bergemannii [Unknown; cites_pdf], Cirrhopetalum maculosum var. annamicum [Unknown; cites_pdf]",Bulbophyllum umbellatum var. umbellatum,Hance,Orchidaceae,Bolbophyllopsis,maculosa,,,,,,,,,,,unambiguous_accepted,cites_pdf,"{""accepted_genus"": ""Bulbophyllum"", ""page"": 56, ""y"": 192.1}"
Bulbophyllum undeciﬁlum J.J.Sm.,cites_pdf,1,Epicranthes undeciﬁla (J.J.Sm.) Garay & W.Kittr.,Epicranthes undeciﬁla (J.J.Sm.) Garay & W.Kittr. [Unknown; cites_pdf],Bulbophyllum undeciﬁlum J.J.Sm.,,Orchidaceae,Epicranthes,undeciﬁla,,,,,,,,,,,unambiguous_accepted,cites_pdf,"{""accepted_genus"": ""Bulbophyllum"", ""page"": 348, ""y"": 168.2}"
Bulbophyllum unifoliatum subsp. infracarinatum,cites_pdf,0,,,Bulbophyllum unifoliatum subsp. infracarinatum (G.Will.) J.J.Verm.,(G.Will.) J.J.Verm.,Orchidaceae,Bulbophyllum,carinatum,,,,,,,,,,,unambiguous_accepted,cites_pdf,"{""page"": 69, ""y"": 598.5}"
Bulbophyllum unifoliatum subsp. ﬂectens,cites_pdf,1,Bulbophyllum ﬂectens P.J.Cribb & P.Taylor,Bulbophyllum ﬂectens P.J.Cribb & P.Taylor [Unknown; cites_pdf],Bulbophyllum unifoliatum subsp. ﬂectens (P.J.Cribb & P.Taylor) J.J.Verm.,(P.J.Cribb & P.Taylor) J.J.Verm.,Orchidaceae,Bulbophyllum,ﬂectens,,,,,,,,,,,unambiguous_accepted,cites_pdf,"{""page"": 83, ""y"": 359.4}"
Bulbophyllum uniﬂorum (Blume) Hassk.,cites_pdf,7,"Bulbophyllum hexarhopalos, Bulbophyllum uniﬂorum var. rubrum (Ridl.) Carr., Bulbophyllum uniﬂorum var. variabile (Ridl.) Carr, Bulbophyllum variabile var. rubrum, Dendrobium grandiﬂorum Reinw. ex Lindl., Ephippium uniﬂorum Blume, Phyllorkis uniﬂora (Blume) Kuntze","Bulbophyllum hexarhopalos [Unknown; cites_pdf], Bulbophyllum uniﬂorum var. rubrum (Ridl.) Carr. [Unknown; cites_pdf], Bulbophyllum uniﬂorum var. variabile (Ridl.) Carr [Unknown; cites_pdf], Bulbophyllum variabile var. rubrum [Unknown; cites_pdf], Dendrobium grandiﬂorum Reinw. ex Lindl. [Unknown; cites_pdf], Ephippium uniﬂorum Blume [Unknown; cites_pdf], Phyllorkis uniﬂora (Blume) Kuntze [Unknown; cites_pdf]",Bulbophyllum uniﬂorum (Blume) Hassk.,,Orchidaceae,Bulbophyllum,galbinum,,,,,,,,,,,unambiguous_accepted,cites_pdf,"{""page"": 85, ""y"": 108.4}"
Bulbophyllum vietnamensis,wfo,0,,,Bulbophyllum vietnamensis Seidenfaden.,Seidenfaden.,Orchidaceae,Bulbophyllum,vietnamensis,species,,,,,wfo-0001222989,,Contr. Revis. Orchid Fl. Cambodia. Laos Vietnam : 21 (1975),,,unambiguous_accepted,wfo,"{""majorGroup"": ""A"", ""references"": ""https://powo.science.kew.org/taxon/urn:lsid:ipni.org:names:620444-1"", ""source"": ""World Checklist of Vascular Plants. Facilitated by the Royal Botanic Gardens, Kew."", ""taxonRemarks"": ""Source in seed data: tro Updated scientificnameAuthorship from Seidenf. to Seidenfaden., information provided by Alan E. on email Oct. 12 2020 More details could be found in <a href=http://www.theplantlist.org/tpl1.1/record/tro-50025961 >The Plant List v"", ""tplId"": ""tro-50025961"", ""wfo_nomenclatural_status"": ""Valid""}"
Bulbophyllum viridipallidum,wcvp,0,,,"Bulbophyllum viridipallidum Vuong, Aver. & V.C.Nguyen","Vuong, Aver. & V.C.Nguyen",Orchidaceae,Bulbophyllum,viridipallidum,Species,,,3302231,77319711-1,,<NA>,(2023),Phytotaxa,Vietnam,unambiguous_accepted,wcvp,"{""climate_description"": ""wet tropical"", ""lifeform_description"": ""pseudobulbous epiphyte"", ""volume_and_page"": ""598: 61""}"
Bulbophyllum viridiﬂorum (Hook.f.) Schltr.,cites_pdf,3,"Cirrhopetalum viridiﬂorum Hook.f., Phyllorkis viridiﬂora (Hook.f.) Kuntze, Tripudianthes viridiﬂora (Hook.f.) Szlach. & Kras","Cirrhopetalum viridiﬂorum Hook.f. [Unknown; cites_pdf], Phyllorkis viridiﬂora (Hook.f.) Kuntze [Unknown; cites_pdf], Tripudianthes viridiﬂora (Hook.f.) Szlach. & Kras [Unknown; cites_pdf]",Bulbophyllum viridiﬂorum (Hook.f.) Schltr.,,Orchidaceae,Cirrhopetalum,viridiﬂorum,,,,,,,,,,,unambiguous_accepted,cites_pdf,"{""accepted_genus"": ""Bulbophyllum"", ""page"": 202, ""y"": 718.1}"
Bulbophyllum vöthii,cites_csv,0,,,Bulbophyllum vöthii Sieder,Sieder,Orchidaceae,Bulbophyllum,vöthii,SPECIES,II,,,,,,,,Madagascar,unambiguous_accepted,cites_csv,"{""All_DistributionISOCodes"": ""MG"", ""NativeDistributionFullNames"": ""Madagascar""}"
Bulbophyllum weinthalii subsp. striatum,cites_pdf,2,"Adelopetalum weinthalii subsp. striatum, Spilorchis weinthalii subsp. striatum","Adelopetalum weinthalii subsp. striatum [Unknown; cites_pdf], Spilorchis weinthalii subsp. striatum [Unknown; cites_pdf]",Bulbophyllum weinthalii subsp. striatum D.L.Jones,D.L.Jones,Orchidaceae,Adelopetalum,weinthalii,,,,,,,,,,,unambiguous_accepted,cites_pdf,"{""accepted_genus"": ""Bulbophyllum"", ""page"": 12, ""y"": 144.2}"
Bulbophyllum whanilii,wcvp,0,,,Bulbophyllum whanilii Vuong & V.C.Nguyen,Vuong & V.C.Nguyen,Orchidaceae,Bulbophyllum,whanilii,Species,,,3312297,77343401-1,,<NA>,(2024),"Orchidee, Taxon. Mitt.",Vietnam,unambiguous_accepted,wcvp,"{""climate_description"": ""wet tropical"", ""lifeform_description"": ""pseudobulbous epiphyte"", ""volume_and_page"": ""10: 77""}"
Bulbophyllum whitteniorum,wcvp,0,,,"Bulbophyllum whitteniorum Saputra, Schuit., Metusala & Heatubun","Saputra, Schuit., Metusala & Heatubun",Orchidaceae,Bulbophyllum,whitteniorum,Species,,,3302185,77319089-1,,<NA>,(2023),Malesian Orchid J.,W. New Guinea,unambiguous_accepted,wcvp,"{""climate_description"": ""wet tropical"", ""lifeform_description"": ""pseudobulbous epiphyte"", ""volume_and_page"": ""26: 37""}"
Bulbophyllum wiratnoi,wcvp,0,,,"Bulbophyllum wiratnoi Saputra, Schuit., Mustaqim & J.Champ.","Saputra, Schuit., Mustaqim & J.Champ.",Orchidaceae,Bulbophyllum,wiratnoi,Species,,,3302279,77316598-1,,<NA>,(2023),Phytotaxa,W. New Guinea,unambiguous_accepted,wcvp,"{""climate_description"": ""wet tropical"", ""lifeform_description"": ""pseudobulbous epiphyte"", ""volume_and_page"": ""589: 283""}"
Bulbophyllum xiajinchangense,wcvp,0,,,Bulbophyllum xiajinchangense M.Y.Zeng & Ming H.Li,M.Y.Zeng & Ming H.Li,Orchidaceae,Bulbophyllum,xiajinchangense,Species,,,3302131,77332476-1,,<NA>,(2023),Phytotaxa,China (Yunnan),unambiguous_accepted,wcvp,"{""climate_description"": ""subtropical"", ""lifeform_description"": ""pseudobulbous epiphyte"", ""volume_and_page"": ""629: 279""}"
Bulbophyllum zeylanicum,wcvp,1,Rhytionanthos zeylanicus,Rhytionanthos zeylanicus [Homotypic; wcvp],Bulbophyllum zeylanicum (C.S.Kumar & Garay) R.Kr.Singh & Sanjeet Kumar,(C.S.Kumar & Garay) R.Kr.Singh & Sanjeet Kumar,Orchidaceae,Bulbophyllum,zeylanicum,Species,,,3312132,77350091-1,,492826,(2024),J. Biodivers. Conservation,Sri Lanka,unambiguous_accepted,wcvp,"{""climate_description"": ""wet tropical"", ""lifeform_description"": ""pseudobulbous epiphyte"", ""volume_and_page"": ""8(4): 87""}"
Bulbophyllum ﬁbratum (Gagnep.) T.B.Nguyen & D.H.Duong,cites_pdf,1,Cirrhopetalum ﬁbratum Gagnep.,Cirrhopetalum ﬁbratum Gagnep. [Unknown; cites_pdf],Bulbophyllum ﬁbratum (Gagnep.) T.B.Nguyen & D.H.Duong,,Orchidaceae,Cirrhopetalum,ﬁbratum,,,,,,,,,,,unambiguous_accepted,cites_pdf,"{""accepted_genus"": ""Bulbophyllum"", ""page"": 197, ""y"": 550.7}"
Bulbophyllum ﬁbrinum J.J.Sm.,cites_pdf,1,Hapalochilus ﬁbrinus (J.J.Sm.) Garay & W.Kittr.,Hapalochilus ﬁbrinus (J.J.Sm.) Garay & W.Kittr. [Unknown; cites_pdf],Bulbophyllum ﬁbrinum J.J.Sm.,,Orchidaceae,Hapalochilus,ﬁbrinus,,,,,,,,,,,unambiguous_accepted,cites_pdf,"{""accepted_genus"": ""Bulbophyllum"", ""page"": 374, ""y"": 742.0}"
Bulbophyllum ﬁlicaule J.J.Sm.,cites_pdf,1,Bulbophyllum ﬁlicaule f. ﬂavescens J.J.Sm.,Bulbophyllum ﬁlicaule f. ﬂavescens J.J.Sm. [Unknown; cites_pdf],Bulbophyllum ﬁlicaule J.J.Sm.,,Orchidaceae,Bulbophyllum,ﬁlicaule,,,,,,,,,,,unambiguous_accepted,cites_pdf,"{""page"": 82, ""y"": 407.3}"
Bulbophyllum ﬁmbriatum (Lindl.) Rchb.f.,cites_pdf,2,"Cirrhopetalum ﬁmbriatum Lindl., Phyllorkis ﬁmbriata (Lindl.) Kuntze","Cirrhopetalum ﬁmbriatum Lindl. [Unknown; cites_pdf], Phyllorkis ﬁmbriata (Lindl.) Kuntze [Unknown; cites_pdf]",Bulbophyllum ﬁmbriatum (Lindl.) Rchb.f.,,Orchidaceae,Cirrhopetalum,ﬁmbriatum,,,,,,,,,,,unambiguous_accepted,cites_pdf,"{""accepted_genus"": ""Bulbophyllum"", ""page"": 197, ""y"": 574.6}"
Bulbophyllum ﬁnisterrae Schltr.,cites_pdf,1,Diphyes ﬁnisterrae (Schltr.) Szlach. & Rutk.,Diphyes ﬁnisterrae (Schltr.) Szlach. & Rutk. [Unknown; cites_pdf],Bulbophyllum ﬁnisterrae Schltr.,,Orchidaceae,Diphyes,ﬁnisterrae,,,,,,,,,,,unambiguous_accepted,cites_pdf,"{""accepted_genus"": ""Bulbophyllum"", ""page"": 309, ""y"": 251.8}"
Bulbophyllum ﬁscheri Seidenf.,cites_pdf,0,,,Bulbophyllum ﬁscheri Seidenf.,,Orchidaceae,Bulbophyllum,gamblei,,,,,,,,,,,unambiguous_accepted,cites_pdf,"{""page"": 85, ""y"": 192.1}"
Bulbophyllum ﬂabellum-veneris (J.Koenig) Aver.,cites_pdf,3,"Cirrhopetalum stramineum var. purpureum, Cirrhopetalum ﬂabellum-veneris (J.Koenig) Seidenf. & Ormerod ., Epidendrum ﬂabellum-veneris J.Koenig","Cirrhopetalum stramineum var. purpureum [Unknown; cites_pdf], Cirrhopetalum ﬂabellum-veneris (J.Koenig) Seidenf. & Ormerod . [Unknown; cites_pdf], Epidendrum ﬂabellum-veneris J.Koenig [Unknown; cites_pdf]",Bulbophyllum ﬂabellum-veneris (J.Koenig) Aver.,,Orchidaceae,Bulbophyllum,obtusiangulum,,,,,,,,,,,unambiguous_accepted,cites_pdf,"{""page"": 108, ""y"": 144.2}"
Bulbophyllum ﬂavescens (Blume) Lindl.,cites_pdf,3,"Bulbophyllum ﬂavescens var. temelense J.J.Sm., Diphyes ﬂavescens Blume., Phyllorkis ﬂavescens (Blume) Kuntze","Bulbophyllum ﬂavescens var. temelense J.J.Sm. [Unknown; cites_pdf], Diphyes ﬂavescens Blume. [Unknown; cites_pdf], Phyllorkis ﬂavescens (Blume) Kuntze [Unknown; cites_pdf]",Bulbophyllum ﬂavescens (Blume) Lindl.,,Orchidaceae,Bulbophyllum,adenopetalum,,,,,,,,,,,unambiguous_accepted,cites_pdf,"{""page"": 59, ""y"": 646.4}"
Bulbophyllum ﬂavidiﬂorum Carr,cites_pdf,1,Bulbophyllum obtusum var. robustum,Bulbophyllum obtusum var. robustum [Unknown; cites_pdf],Bulbophyllum ﬂavidiﬂorum Carr,,Orchidaceae,Bulbophyllum,obtusum,,,,,,,,,,,unambiguous_accepted,cites_pdf,"{""page"": 108, ""y"": 227.9}"
"Bulbophyllum ﬂaviﬂorum (Tang, S.Liu & H.Y.Su) Seidenf.",cites_pdf,1,"Cirrhopetalum ﬂaviﬂorum Tang, S.Liu & H.Y.Su.","Cirrhopetalum ﬂaviﬂorum Tang, S.Liu & H.Y.Su. [Unknown; cites_pdf]","Bulbophyllum ﬂaviﬂorum (Tang, S.Liu & H.Y.Su) Seidenf.",,Orchidaceae,Cirrhopetalum,ﬂaviﬂorum,,,,,,,,,,,unambiguous_accepted,cites_pdf,"{""accepted_genus"": ""Bulbophyllum"", ""page"": 197, ""y"": 646.4}"
Bulbophyllum ﬂavoﬁmbriatum J.J.Sm.,cites_pdf,1,Epicranthes ﬂavoﬁmbriata (J.J.Sm.) Garay & W.Kittr.,Epicranthes ﬂavoﬁmbriata (J.J.Sm.) Garay & W.Kittr. [Unknown; cites_pdf],Bulbophyllum ﬂavoﬁmbriatum J.J.Sm.,,Orchidaceae,Epicranthes,ﬂavoﬁmbriata,,,,,,,,,,,unambiguous_accepted,cites_pdf,"{""accepted_genus"": ""Bulbophyllum"", ""page"": 347, ""y"": 490.9}"
Bulbophyllum ﬂetcherianum auct.,cites_pdf,2,"Bulbophyllum ﬂetcherianum Rolfe., Cirrhopetalum ﬂetcherianum (auct.) Rolfe","Bulbophyllum ﬂetcherianum Rolfe. [Unknown; cites_pdf], Cirrhopetalum ﬂetcherianum (auct.) Rolfe [Unknown; cites_pdf]",Bulbophyllum ﬂetcherianum auct.,,Orchidaceae,Bulbophyllum,ﬂetcherianum,,,,,,,,,,,unambiguous_accepted,cites_pdf,"{""page"": 83, ""y"": 407.3}"
Cadetia taylori,cites_csv,0,,,Cadetia taylori (F.Muell.) Schltr.,(F.Muell.) Schltr.,Orchidaceae,Cadetia,taylori,SPECIES,II,,,,,,,,Australia,unambiguous_accepted,cites_csv,"{""All_DistributionISOCodes"": ""AU"", ""NativeDistributionFullNames"": ""Australia""}"
Caladenia ericksonae,cites_csv,0,,,Caladenia ericksonae Nicholls,Nicholls,Orchidaceae,Caladenia,ericksonae,SPECIES,II,,,,,,,,Australia,unambiguous_accepted,cites_csv,"{""All_DistributionISOCodes"": ""AU"", ""NativeDistributionFullNames"": ""Australia""}"
Caladenia incensum,wcvp,2,"Calonemorchis incensum, Jonesiopsis incensum","Calonemorchis incensum [Homotypic; wcvp], Jonesiopsis incensum [Homotypic; wcvp]",Caladenia incensum Hopper & A.P.Br.,Hopper & A.P.Br.,Orchidaceae,Calonema,vulgatum,Species,,,223475,20004828-1,,222890,(2002),Orchadian,SW. Australia,unambiguous_accepted,wcvp,"{""volume_and_page"": ""13: 456""}"
Caladenia isolata,wcvp,0,,,Caladenia isolata (R.J.Bates) D.L.Jones & M.A.Clem.,(R.J.Bates) D.L.Jones & M.A.Clem.,Orchidaceae,Caladenia,isolata,Species,,,3302874,77323661-1,,522172,(2017),Austral. Orchid Rev.,South Australia,unambiguous_accepted,wcvp,"{""climate_description"": ""subtropical"", ""lifeform_description"": ""tuberous geophyte"", ""volume_and_page"": ""82: 63""}"
Caladenia porphyrea,wcvp,1,Petalochilus porphyreus,Petalochilus porphyreus [Nomenclatural; wcvp],Caladenia porphyrea D.L.Jones,D.L.Jones,Orchidaceae,Petalochilus,porphyreus,Species,,,150751,20001815-1,,28677,(2001),Orchadian,,unambiguous_accepted,wcvp,"{""nomenclatural_remarks"": "", not validly publ."", ""volume_and_page"": ""13: 410""}"
Calanthe arcuata subsp. arcuata,cites_pdf,2,"Calanthe arcuata var. brevifolia, Calanthe caudatilabella var. latiloba","Calanthe arcuata var. brevifolia [Unknown; cites_pdf], Calanthe caudatilabella var. latiloba [Unknown; cites_pdf]",Calanthe arcuata subsp. arcuata,,Orchidaceae,Calanthe,arcuata,,,,,,,,,,,unambiguous_accepted,cites_pdf,"{""page"": 140, ""y"": 455.1}"
Calanthe arcuata subsp. caudatilabella,cites_pdf,1,Calanthe puberula var. caudatilabellata,Calanthe puberula var. caudatilabellata [Unknown; cites_pdf],Calanthe arcuata subsp. caudatilabella (Hayata) T.P.Lin,(Hayata) T.P.Lin,Orchidaceae,Calanthe,caudatilabella,,,,,,,,,,,unambiguous_accepted,cites_pdf,"{""page"": 141, ""y"": 718.1}"
Calanthe argenteo-striata,wfo,0,,,Calanthe argenteo-striata C.Z.Tang & S.J.Cheng,C.Z.Tang & S.J.Cheng,Orchidaceae,Calanthe,argenteo-striata,species,,,,,wfo-0000761659,,Orchid Rev. 89(1051): 144 (1981),,,unambiguous_accepted,wfo,"{""majorGroup"": ""A"", ""references"": ""https://powo.science.kew.org/taxon/urn:lsid:ipni.org:names:897161-1"", ""source"": ""World Checklist of Vascular Plants. Facilitated by the Royal Botanic Gardens, Kew."", ""taxonRemarks"": ""Source in seed data: wcs Update namepublishedIn from Orchid Rev. 89(1051): 144 (1981). to Orchid Rev. 89(1051): 144 (1981), information provided by Alan E. on email Jun. 07 2021 More details could be found in <a href=http://www.theplantlist.org/tpl1.1/re"", ""tplId"": ""kew-30066"", ""wfo_nomenclatural_status"": ""Valid""}"
Calanthe aureiﬂora J.J.Sm.,cites_pdf,1,Styloglossum aureiﬂorum (J.J.Sm.) T.Yukawa & P.J.Cribb,Styloglossum aureiﬂorum (J.J.Sm.) T.Yukawa & P.J.Cribb [Unknown; cites_pdf],Calanthe aureiﬂora J.J.Sm.,,Orchidaceae,Styloglossum,aureiﬂorum,,,,,,,,,,,unambiguous_accepted,cites_pdf,"{""accepted_genus"": ""Calanthe"", ""page"": 497, ""y"": 431.2}"
Calanthe densiﬂora Lindl.,cites_pdf,3,"Alismorkis densiﬂora (Lindl.) Kuntze, Calanthe kemulense, Styloglossum densiﬂorum (Lindl.) T.Yukawa & P.J.Cribb","Alismorkis densiﬂora (Lindl.) Kuntze [Unknown; cites_pdf], Calanthe kemulense [Unknown; cites_pdf], Styloglossum densiﬂorum (Lindl.) T.Yukawa & P.J.Cribb [Unknown; cites_pdf]",Calanthe densiﬂora Lindl.,,Orchidaceae,Alismorkis,densiﬂora,,,,,,,,,,,unambiguous_accepted,cites_pdf,"{""accepted_genus"": ""Calanthe"", ""page"": 25, ""y"": 287.7}"
Calanthe discolor var. amamiana,cites_pdf,4,"Calanthe amamiana var. latilabellata, Calanthe aristulifera var. amamiana, Calanthe discolor var. tokunoshimensis, Calanthe tokunoshimensis f. latilabella","Calanthe amamiana var. latilabellata [Unknown; cites_pdf], Calanthe aristulifera var. amamiana [Unknown; cites_pdf], Calanthe discolor var. tokunoshimensis [Unknown; cites_pdf], Calanthe tokunoshimensis f. latilabella [Unknown; cites_pdf]",Calanthe discolor var. amamiana (Fukuy.) Masam.,(Fukuy.) Masam.,Orchidaceae,Calanthe,amamiana,,,,,,,,,,,unambiguous_accepted,cites_pdf,"{""page"": 140, ""y"": 168.2}"
Calanthe discolor var. discolor,cites_pdf,12,"Calanthe discolor f. kanashiroi, Calanthe discolor f. quinquelamellata, Calanthe discolor f. rosea, Calanthe discolor f. rufoaurantiaca, Calanthe discolor f. tyoh-harae, Calanthe discolor f. viridialba, Calanthe discolor var. divaricatipetala, Calanthe discolor var. kanashiroi, Calanthe discolor var. rosea, Calanthe discolor var. rufoaurantiaca, Calanthe discolor var. tyoh-harae, Calanthe discolor var. viridialba","Calanthe discolor f. kanashiroi [Unknown; cites_pdf], Calanthe discolor f. quinquelamellata [Unknown; cites_pdf], Calanthe discolor f. rosea [Unknown; cites_pdf], Calanthe discolor f. rufoaurantiaca [Unknown; cites_pdf], Calanthe discolor f. tyoh-harae [Unknown; cites_pdf], Calanthe discolor f. viridialba [Unknown; cites_pdf], Calanthe discolor var. divaricatipetala [Unknown; cites_pdf], Calanthe discolor var. kanashiroi [Unknown; cites_pdf], Calanthe discolor var. rosea [Unknown; cites_pdf], Calanthe discolor var. rufoaurantiaca [Unknown; cites_pdf], Calanthe discolor var. tyoh-harae [Unknown; cites_pdf], Calanthe discolor var. viridialba [Unknown; cites_pdf]",Calanthe discolor var. discolor,,Orchidaceae,Calanthe,cheniana,,,,,,,,,,,unambiguous_accepted,cites_pdf,"{""page"": 142, ""y"": 132.3}"
Calanthe dominii,wfo,0,,,Calanthe × dominii Lindl.,Lindl.,Orchidaceae,Calanthe,dominii,species,,,,,wfo-0000762723,,Gard. Chron. 1858: 4 (1858),,,unambiguous_accepted,wfo,"{""majorGroup"": ""A"", ""references"": ""https://powo.science.kew.org/taxon/urn:lsid:ipni.org:names:620847-1"", ""source"": ""World Checklist of Vascular Plants. Facilitated by the Royal Botanic Gardens, Kew."", ""taxonRemarks"": ""Source in seed data: wcs Update namepublishedIn from Gard. Chron. 1858: 4. to Gard. Chron. 1858: 4 (1858), information provided by Alan E. on email Jun. 07 2021 More details could be found in <a href=http://www.theplantlist.org/tpl1.1/record/kew-30169 >T"", ""tplId"": ""kew-30169"", ""wfo_nomenclatural_status"": ""Valid""}"
Calanthe gigas,wcvp,1,Calanthe finetii,Calanthe finetii [Heterotypic; wcvp],Calanthe × gigas Anon.,Anon.,Orchidaceae,Calanthe,finetii,Species,,,30190,77237792-1,,<NA>,(1894),Rev. Hort. (Paris),,unambiguous_accepted,wcvp,"{""hybrid"": true, ""volume_and_page"": ""66: 134""}"
Calanthe graciliﬂora Hayata,cites_pdf,2,"Calanthe graciliﬂora f. jiangxiensis Bo Li, L.J.Kong & Bo Yun Yang, Calanthe graciliﬂora var. xuefengensis Z.H.Tsi","Calanthe graciliﬂora f. jiangxiensis Bo Li, L.J.Kong & Bo Yun Yang [Unknown; cites_pdf], Calanthe graciliﬂora var. xuefengensis Z.H.Tsi [Unknown; cites_pdf]",Calanthe graciliﬂora Hayata,,Orchidaceae,Calanthe,graciliﬂora,,,,,,,,,,,unambiguous_accepted,cites_pdf,"{""page"": 144, ""y"": 598.5}"
Calanthe griﬃthii Lindl.,cites_pdf,1,Alismorkis griﬃthii (Lindl.) Kuntze,Alismorkis griﬃthii (Lindl.) Kuntze [Unknown; cites_pdf],Calanthe griﬃthii Lindl.,,Orchidaceae,Alismorkis,griﬃthii,,,,,,,,,,,unambiguous_accepted,cites_pdf,"{""accepted_genus"": ""Calanthe"", ""page"": 25, ""y"": 455.1}"
Calanthe inquilina,wcvp,1,Phaius inquilinus,Phaius inquilinus [Homotypic; wcvp],Calanthe × inquilina (Rchb.f.) Rolfe,(Rchb.f.) Rolfe,Orchidaceae,Calanthe,inquilina,Species,,,30246,620906-1,,151031,(1887),"J. Linn. Soc., Bot.",,unambiguous_accepted,wcvp,"{""hybrid"": true, ""volume_and_page"": ""24: 168""}"
Calanthe inﬂata Schltr.,cites_pdf,1,Styloglossum inﬂatum (Schltr.) T.Yukawa & P.J.Cribb,Styloglossum inﬂatum (Schltr.) T.Yukawa & P.J.Cribb [Unknown; cites_pdf],Calanthe inﬂata Schltr.,,Orchidaceae,Styloglossum,inﬂatum,,,,,,,,,,,unambiguous_accepted,cites_pdf,"{""accepted_genus"": ""Calanthe"", ""page"": 497, ""y"": 754.0}"
Calanthe lyroglossa var. actinomorpha,cites_pdf,2,"Styloglossum formosanum var. actinomorphum, Styloglossum lyroglossum var. actinomorphum","Styloglossum formosanum var. actinomorphum [Unknown; cites_pdf], Styloglossum lyroglossum var. actinomorphum [Unknown; cites_pdf]",Calanthe lyroglossa var. actinomorpha (Fukuy.) P.J.Cribb & D.A.Clayton,(Fukuy.) P.J.Cribb & D.A.Clayton,Orchidaceae,Calanthe,actinomorpha,,,,,,,,,,,unambiguous_accepted,cites_pdf,"{""page"": 139, ""y"": 634.4}"
Calanthe lyroglossa var. longibracteata,cites_pdf,1,Styloglossum lyroglossum var. longibracteatum,Styloglossum lyroglossum var. longibracteatum [Unknown; cites_pdf],Calanthe lyroglossa var. longibracteata P.O’Byrne,P.O’Byrne,Orchidaceae,Styloglossum,lyroglossum,,,,,,,,,,,unambiguous_accepted,cites_pdf,"{""accepted_genus"": ""Calanthe"", ""page"": 498, ""y"": 216.0}"
Calanthe lyroglossa var. lyroglossa,cites_pdf,2,"Calanthe forsythiiﬂora Hayata, Calanthe lyroglossa var. forsythiiﬂora","Calanthe forsythiiﬂora Hayata [Unknown; cites_pdf], Calanthe lyroglossa var. forsythiiﬂora [Unknown; cites_pdf]",Calanthe lyroglossa var. lyroglossa,,Orchidaceae,Alismorkis,foerstermannii,,,,,,,,,,,unambiguous_accepted,cites_pdf,"{""accepted_genus"": ""Calanthe"", ""page"": 25, ""y"": 359.4}"
Calanthe oodaruma,cites_csv,0,,,Calanthe oodaruma Maekawa,Maekawa,Orchidaceae,Calanthe,oodaruma,SPECIES,II,,,,,,,,Japan,unambiguous_accepted,cites_csv,"{""All_DistributionISOCodes"": ""JP"", ""NativeDistributionFullNames"": ""Japan""}"
Calanthe polyanthum,wfo,0,,,Calanthe polyanthum Gilli,Gilli,Orchidaceae,Calanthe,polyanthum,species,,,,,wfo-0000764685,,"Ann. Naturhist. Mus. Wien, B 84: 19",,,unambiguous_accepted,wfo,"{""majorGroup"": ""A"", ""references"": ""https://powo.science.kew.org/taxon/urn:lsid:ipni.org:names:901637-1"", ""source"": ""World Checklist of Vascular Plants. Facilitated by the Royal Botanic Gardens, Kew."", ""taxonRemarks"": ""Source in seed data: wcs Update namepublishedIn from Ann. Naturhist. Mus. Wien 84: 19. 1983 [1980 publ. 1983] to Ann. Naturhist. Mus. Wien, B 84: 19 (1980 publ. 1983), information provided by Alan E. on email Jun. 07 2021 More details could be found in <"", ""tplId"": ""kew-30359"", ""wfo_nomenclatural_status"": ""Valid""}"
Calanthe rhodochila var. rhodochila,cites_pdf,0,,,Calanthe rhodochila var. rhodochila,,Orchidaceae,Calanthe,bracteosa,,,,,,,,,,,unambiguous_accepted,cites_pdf,"{""page"": 141, ""y"": 311.6}"
Calanthe sedenii,wcvp,7,"Calanthe bella, Calanthe burfordiensis, Calanthe eyermanii, Calanthe hallii, Calanthe mylesii, Calanthe victoria-regina, Preptanthe sedenii","Calanthe bella [Heterotypic; wcvp], Calanthe burfordiensis [Heterotypic; wcvp], Calanthe eyermanii [Heterotypic; wcvp], Calanthe hallii [Heterotypic; wcvp], Calanthe mylesii [Heterotypic; wcvp], Calanthe victoria-regina [Heterotypic; wcvp], Preptanthe sedenii [Homotypic; wcvp]",Calanthe × sedenii Rchb.f.,Rchb.f.,Orchidaceae,Preptanthe,sedenii,Species,,,165208,654979-1,,30407,(1878),Gard. Chron.,,unambiguous_accepted,wcvp,"{""hybrid"": true, ""volume_and_page"": "", n.s., 9: 168""}"
Calanthe sulphurea,wfo,1,Alismorchis sulphurea,Alismorchis sulphurea [Unknown; wfo],Calanthe sulphurea Hort.Hueg. ex Heynh.,Hort.Hueg. ex Heynh.,Orchidaceae,Alismorchis,sulphurea,species,,,,,wfo-0001222197,,Revis. Gen. Pl. 2: 650. 1891 [5 Nov 1891],,,unambiguous_accepted,wfo,"{""majorGroup"": ""A"", ""originalNameUsageID"": ""wfo-0001223234"", ""source"": ""World Checklist of Vascular Plants. Facilitated by the Royal Botanic Gardens, Kew."", ""taxonRemarks"": ""Source in seed data: tro Updated taxonomicstatus from Accepted to Synonym, acceptedNameId from to wfo-0001223234 information provided by Alan E. on email Nov. 16 2021 More details could be found in <a href=http://www.theplantlist.org/tpl1.1/record/tro-50"", ""tplId"": ""tro-50017671""}"
Calanthe tungyuanshanensis,wcvp,0,,,Calanthe tungyuanshanensis S.S.Ying,S.S.Ying,Orchidaceae,Calanthe,tungyuanshanensis,Species,,,3313684,77352259-1,,<NA>,(2024),New Taxa New Names,Taiwan,unambiguous_accepted,wcvp,"{""climate_description"": ""subtropical"", ""volume_and_page"": ""7: 515""}"
Calanthe veitchii,wcvp,4,"Calanthe aurora, Calanthe sandhurstiana, Calanthe sanguinaria, Calanthe splendens","Calanthe aurora [Heterotypic; wcvp], Calanthe sandhurstiana [Heterotypic; wcvp], Calanthe sanguinaria [Heterotypic; wcvp], Calanthe splendens [Heterotypic; wcvp]",Calanthe × veitchii Paxton & Lindl.,Paxton & Lindl.,Orchidaceae,Calanthe,splendens,Species,,,529114,77193122-1,,<NA>,(1900),Ill. Dict. Gard.,,unambiguous_accepted,wcvp,"{""hybrid"": true, ""volume_and_page"": "", Cent. Suppl.: 182""}"
Calanthe villegentei,wcvp,0,,,Calanthe × villegentei M.Pignal,M.Pignal,Orchidaceae,Calanthe,villegentei,Species,,,3310028,77307794-1,,<NA>,(2023),Adansonia,N. New Caledonia,unambiguous_accepted,wcvp,"{""climate_description"": ""wet tropical"", ""hybrid"": true, ""lifeform_description"": ""pseudobulbous geophyte"", ""volume_and_page"": "", sér. 3, 45: 300""}"
Calanthe yingjiangensis,wcvp,0,,,Calanthe yingjiangensis J.L.Miao & J.W.Zhai,J.L.Miao & J.W.Zhai,Orchidaceae,Calanthe,yingjiangensis,Species,,,3313590,77336742-1,,<NA>,(2024),Phytotaxa,China (Yunnan),unambiguous_accepted,wcvp,"{""climate_description"": ""temperate"", ""lifeform_description"": ""pseudobulbous geophyte"", ""volume_and_page"": ""636: 298""}"
Calanthe ﬁssa L.O.Williams,cites_pdf,0,,,Calanthe ﬁssa L.O.Williams,,Orchidaceae,Calanthe,lutiviridis,,,,,,,,,,,unambiguous_accepted,cites_pdf,"{""page"": 146, ""y"": 239.9}"
Calanthe ﬂava (Blume) C.Morren,cites_pdf,1,Amblyglottis ﬂava Blume,Amblyglottis ﬂava Blume [Unknown; cites_pdf],Calanthe ﬂava (Blume) C.Morren,,Orchidaceae,Amblyglottis,ﬂava,,,,,,,,,,,unambiguous_accepted,cites_pdf,"{""accepted_genus"": ""Calanthe"", ""page"": 27, ""y"": 204.0}"
Calanthe ﬂava var. ﬂava,cites_pdf,2,"Alismorkis parviﬂora (Lindl.) Kuntze, Calanthe parviﬂora Lindl.","Alismorkis parviﬂora (Lindl.) Kuntze [Unknown; cites_pdf], Calanthe parviﬂora Lindl. [Unknown; cites_pdf]",Calanthe ﬂava var. ﬂava,,Orchidaceae,Alismorkis,parviﬂora,,,,,,,,,,,unambiguous_accepted,cites_pdf,"{""accepted_genus"": ""Calanthe"", ""page"": 25, ""y"": 634.4}"
Calochilus richiae,wcvp,0,,,Calochilus richiae Nicholls,Nicholls,Orchidaceae,Calochilus,richiae,Species,,,31764,621492-1,,<NA>,(1929),Vict. Naturalist,NE. Victoria (Whroo),unambiguous_accepted,wcvp,"{""climate_description"": ""subtropical"", ""lifeform_description"": ""tuberous geophyte"", ""volume_and_page"": ""45: 233""}"
Calopogon tuberosus var. tuberosus,cites_pdf,0,,,Calopogon tuberosus var. tuberosus,,Orchidaceae,Cymbidium,pulchellum,,,,,,,,,,,unambiguous_accepted,cites_pdf,"{""accepted_genus"": ""Calopogon"", ""page"": 225, ""y"": 431.2}"
Campylocentrum luzmariae,wcvp,0,,,"Campylocentrum luzmariae O.Perd., R.B.Singer & E.M.Pessoa","O.Perd., R.B.Singer & E.M.Pessoa",Orchidaceae,Campylocentrum,luzmariae,Species,,,3312824,77339562-1,,<NA>,(2024),Phytotaxa,Colombia,unambiguous_accepted,wcvp,"{""climate_description"": ""wet tropical"", ""lifeform_description"": ""epiphytic subshrub"", ""volume_and_page"": ""642: 280""}"
Campylocentrum misas-urretae,wcvp,0,,,Campylocentrum misas-urretae Kolan. & Szlach.,Kolan. & Szlach.,Orchidaceae,Campylocentrum,misas-urretae,Species,,,533444,77194701-1,,<NA>,(2018),J. Torrey Bot. Soc.,Colombia,unambiguous_accepted,wcvp,"{""climate_description"": ""wet tropical"", ""lifeform_description"": ""epiphytic subshrub"", ""volume_and_page"": ""145: 377""}"
Campylocentrum misasurretae,wfo,0,,,Campylocentrum misasurretae Kolan. & Szlach.,Kolan. & Szlach.,Orchidaceae,Campylocentrum,misasurretae,species,,,,,wfo-1000003453,,J. Torrey Bot. Soc. 145: 377 (2018),,,unambiguous_accepted,wfo,"{""majorGroup"": ""A"", ""references"": ""https://powo.science.kew.org/taxon/urn:lsid:ipni.org:names:77194701-1"", ""source"": ""World Checklist of Vascular Plants. Facilitated by the Royal Botanic Gardens, Kew."", ""wfo_nomenclatural_status"": ""Valid""}"
Capanemia therasiae,wfo,0,,,Capanemia therasiae Barb.Rodr.,Barb.Rodr.,Orchidaceae,Capanemia,therasiae,species,,,,,wfo-0001088740,,Gen. Spec. Orchid. 2: 244 (1882),,,unambiguous_accepted,wfo,"{""majorGroup"": ""A"", ""source"": ""World Checklist of Vascular Plants. Facilitated by the Royal Botanic Gardens, Kew."", ""taxonRemarks"": ""Source in seed data: tro Update namepublishedIn from Gen. Sp. Orchid. ii. 244 (1877). to Gen. Spec. Orchid. 2: 244 (1882), information provided by Alan E. on email Jun. 07 2021 More details could be found in <a href=http://www.theplantlist.org/tpl1.1/rec"", ""tplId"": ""tro-23518760"", ""wfo_nomenclatural_status"": ""Valid""}"
Catasetum cantuariae,wcvp,0,,,"Catasetum cantuariae Krahl, D.R.P.Krahl, Chiron & J.B.F.Silva","Krahl, D.R.P.Krahl, Chiron & J.B.F.Silva",Orchidaceae,Catasetum,cantuariae,Species,,,3313182,77342490-1,,<NA>,(2024),Kew Bull.,Brazil (Pará),unambiguous_accepted,wcvp,"{""climate_description"": ""wet tropical"", ""lifeform_description"": ""pseudobulbous epiphyte"", ""volume_and_page"": ""79: 585""}"
Catasetum caquetense,wcvp,0,,,Catasetum caquetense R.A.Calderón-Álvarez & M.Bonilla,R.A.Calderón-Álvarez & M.Bonilla,Orchidaceae,Catasetum,caquetense,Species,,,3302927,77324994-1,,<NA>,(2023),Lankesteriana,Colombia,unambiguous_accepted,wcvp,"{""climate_description"": ""wet tropical"", ""lifeform_description"": ""pseudobulbous epiphyte"", ""volume_and_page"": ""23(3): 470""}"
Catasetum deltoides,wfo,0,,,Catasetum deltoides (Lindl.) Mutel,(Lindl.) Mutel,Orchidaceae,Myanthus,deltoideus,species,,,,,wfo-0000246839,,Edwards's Bot. Reg. 22: t. 1896 (1836),,,unambiguous_accepted,wfo,"{""majorGroup"": ""A"", ""references"": ""https://powo.science.kew.org/taxon/urn:lsid:ipni.org:names:645024-1"", ""source"": ""World Checklist of Vascular Plants. Facilitated by the Royal Botanic Gardens, Kew."", ""taxonRemarks"": ""Source in seed data: wcs Update namepublishedIn from Edwards's Bot. Reg. 22: t. 1896. 1836 to Edwards's Bot. Reg. 22: t. 1896 (1836), information provided by Alan E. on email Jun. 07 2021 More details could be found in <a href=http://www.theplantlist.org"", ""tplId"": ""kew-130655"", ""wfo_nomenclatural_status"": ""Valid""}"
Catasetum dianneae,wcvp,0,,,"Catasetum dianneae D.R.P.Krahl, Chiron, Krahl & J.B.F.Silva","D.R.P.Krahl, Chiron, Krahl & J.B.F.Silva",Orchidaceae,Catasetum,dianneae,Species,,,3302690,77326830-1,,<NA>,(2023),"Richardiana, N.S.",Brazil (Amazonas),unambiguous_accepted,wcvp,"{""climate_description"": ""wet tropical"", ""lifeform_description"": ""pseudobulbous epiphyte"", ""volume_and_page"": ""7: 191""}"
Catasetum grasineideae,wcvp,0,,,"Catasetum × grasineideae D.R.P.Krahl, Krahl, Chiron & J.B.F.Silva","D.R.P.Krahl, Krahl, Chiron & J.B.F.Silva",Orchidaceae,Catasetum,grasineideae,Species,,,3302974,77318522-1,,<NA>,(2023),Phytotaxa,Brazil (Amazonas),unambiguous_accepted,wcvp,"{""climate_description"": ""wet tropical"", ""hybrid"": true, ""lifeform_description"": ""pseudobulbous epiphyte"", ""volume_and_page"": ""594: 90""}"
Catasetum incarnatum,wcvp,0,,,Catasetum × incarnatum U.L.C.Ferreira & Malaspina,U.L.C.Ferreira & Malaspina,Orchidaceae,Catasetum,incarnatum,Species,,,3313610,77334669-1,,<NA>,(2023),Colet. Orquídeas Brasil.,Brazil (Rondônia),unambiguous_accepted,wcvp,"{""climate_description"": ""wet tropical"", ""hybrid"": true, ""lifeform_description"": ""pseudobulbous epiphyte"", ""volume_and_page"": ""19: 770""}"
Catasetum inhotimensis,wcvp,0,,,Catasetum × inhotimensis L.C.Assis & U.L.C.Ferreira,L.C.Assis & U.L.C.Ferreira,Orchidaceae,Catasetum,inhotimensis,Species,,,3313643,77338342-1,,<NA>,(2024),"Richardiana, N.S.",Brazil (Minas Gerais),unambiguous_accepted,wcvp,"{""climate_description"": ""wet tropical"", ""hybrid"": true, ""lifeform_description"": ""pseudobulbous epiphyte"", ""volume_and_page"": ""8: 3""}"
Catasetum issanensis,wfo,0,,,Catasetum × issanensis Pabst,Pabst,Orchidaceae,Catasetum,issanensis,species,,,,,wfo-0001223296,,Orchid Rev. 83(990): 405 (1975),,,unambiguous_accepted,wfo,"{""majorGroup"": ""A"", ""references"": ""https://powo.science.kew.org/taxon/urn:lsid:ipni.org:names:621844-1"", ""source"": ""World Checklist of Vascular Plants. Facilitated by the Royal Botanic Gardens, Kew."", ""taxonRemarks"": ""Source in seed data: tro Update namepublishedIn from Orchid Rev. 83(990): 405. 1975 to Orchid Rev. 83(990): 405 (1975), information provided by Alan E. on email Jun. 07 2021 More details could be found in <a href=http://www.theplantlist.org/tpl1.1/record"", ""tplId"": ""tro-50032348"", ""wfo_nomenclatural_status"": ""Valid""}"
Catasetum krahlii,wcvp,0,,,"Catasetum krahlii D.R.P.Krahl, Cantuária, J.B.F.Silva & Chiron","D.R.P.Krahl, Cantuária, J.B.F.Silva & Chiron",Orchidaceae,Catasetum,krahlii,Species,,,3302856,77333262-1,,<NA>,(2023),Acta Bot. Brasil.,Brazil (Amazonas),unambiguous_accepted,wcvp,"{""climate_description"": ""wet tropical"", ""lifeform_description"": ""pseudobulbous epiphyte"", ""volume_and_page"": ""37-e20220258: 3""}"
Catasetum lanceanum,cites_csv,0,,,Catasetum lanceanum Miranda,Miranda,Orchidaceae,Catasetum,lanceanum,SPECIES,II,,,,,,,,Brazil,unambiguous_accepted,cites_csv,"{""All_DistributionISOCodes"": ""BR"", ""NativeDistributionFullNames"": ""Brazil""}"
Catasetum lendarium,wcvp,0,,,Catasetum lendarium Blind,Blind,Orchidaceae,Catasetum,lendarium,Species,,,3313092,77352589-1,,<NA>,(2024),Orchid Rev.,Brazil (Amazonas),unambiguous_accepted,wcvp,"{""climate_description"": ""wet tropical"", ""lifeform_description"": ""pseudobulbous epiphyte"", ""volume_and_page"": ""132: 102""}"
Catasetum nhamundaense,wcvp,0,,,"Catasetum nhamundaense D.R.P.Krahl, Krahl, Cantuária & J.B.F.Silva","D.R.P.Krahl, Krahl, Cantuária & J.B.F.Silva",Orchidaceae,Catasetum,nhamundaense,Species,,,3312986,77340692-1,,<NA>,(2022),Orquidário,Brazil (Pará),unambiguous_accepted,wcvp,"{""climate_description"": ""wet tropical"", ""lifeform_description"": ""pseudobulbous epiphyte"", ""volume_and_page"": ""36: 26""}"
Catasetum ornaghiae,wcvp,0,,,Catasetum × ornaghiae U.L.C.Ferreira & Malaspina,U.L.C.Ferreira & Malaspina,Orchidaceae,Catasetum,ornaghiae,Species,,,3313609,77334670-1,,<NA>,(2023),Colet. Orquídeas Brasil.,Brazil (Rondônia),unambiguous_accepted,wcvp,"{""climate_description"": ""wet tropical"", ""hybrid"": true, ""lifeform_description"": ""pseudobulbous epiphyte"", ""volume_and_page"": ""19: 774""}"
Catasetum queirozii,wcvp,0,,,"Catasetum queirozii D.R.P.Krahl, Krahl, Cantuária & J.B.F.Silva","D.R.P.Krahl, Krahl, Cantuária & J.B.F.Silva",Orchidaceae,Catasetum,queirozii,Species,,,3313570,77334645-1,,<NA>,(2024),Acta Amazonica,Brazil (Pará),unambiguous_accepted,wcvp,"{""climate_description"": ""wet tropical"", ""lifeform_description"": ""pseudobulbous epiphyte"", ""volume_and_page"": ""54(1)-e54bc23180: 2""}"
Catasetum riosianum,wcvp,0,,,"Catasetum riosianum D.R.P.Krahl, Krahl, Cantuária & J.B.F.Silva","D.R.P.Krahl, Krahl, Cantuária & J.B.F.Silva",Orchidaceae,Catasetum,riosianum,Species,,,3312987,77340685-1,,<NA>,(2023),Biota Amazônia,Brazil (Pará),unambiguous_accepted,wcvp,"{""climate_description"": ""wet tropical"", ""lifeform_description"": ""pseudobulbous epiphyte"", ""volume_and_page"": ""13: 57""}"
Catasetum steyermarkii,wcvp,0,,,Catasetum × steyermarkii G.A.Romero & Carnevali,G.A.Romero & Carnevali,Orchidaceae,Catasetum,steyermarkii,Species,,,3313038,77344738-1,,<NA>,(2024),Harvard Pap. Bot.,Venezuela,unambiguous_accepted,wcvp,"{""climate_description"": ""wet tropical"", ""hybrid"": true, ""lifeform_description"": ""pseudobulbous epiphyte"", ""volume_and_page"": ""29: 6""}"
Catasetum tavaresii,wcvp,0,,,"Catasetum tavaresii Cantuária, D.R.P.Krahl, Krahl & J.B.F.Silva","Cantuária, D.R.P.Krahl, Krahl & J.B.F.Silva",Orchidaceae,Catasetum,tavaresii,Species,,,3313513,77336115-1,,<NA>,(2023),Lankesteriana,Brazil (Pará),unambiguous_accepted,wcvp,"{""climate_description"": ""wet tropical"", ""lifeform_description"": ""pseudobulbous epiphyte"", ""volume_and_page"": ""23: 487""}"
Catasetum vilhenense,wcvp,0,,,"Catasetum × vilhenense D.R.P.Krahl, Krahl, J.B.F.Silva & Cantuária","D.R.P.Krahl, Krahl, J.B.F.Silva & Cantuária",Orchidaceae,Catasetum,vilhenense,Species,,,3313611,77354455-1,,<NA>,(2024),Darwiniana,Brazil (Rondônia),unambiguous_accepted,wcvp,"{""climate_description"": ""wet tropical"", ""hybrid"": true, ""lifeform_description"": ""pseudobulbous epiphyte"", ""volume_and_page"": "", n.s., 12: 310""}"
Catasetum viridiﬂavum Hook.,cites_pdf,0,,,Catasetum viridiﬂavum Hook.,,Orchidaceae,Catasetum,serratum,,,,,,,,,,,unambiguous_accepted,cites_pdf,"{""page"": 169, ""y"": 156.2}"
Catasetum ﬁmbriatum (C.Morren) Lindl.,cites_pdf,12,"Catasetum pﬂanzii Schltr., Catasetum ﬁmbriatum var. aurantiacum Porsch., Catasetum ﬁmbriatum var. brevipetalum Porsch., Catasetum ﬁmbriatum var. inconstans (Hoehne) Mansf., Catasetum ﬁmbriatum var. micranthum Porsch, Catasetum ﬁmbriatum var. morrenianum Mansf., Catasetum ﬁmbriatum var. ornithorrhynchum (Porsch) Mansf., Catasetum ﬁmbriatum var. platypterum Rchb.f., Catasetum ﬁmbriatum var. subtropicale Hauman., Catasetum ﬁmbriatum var. viridulum Rchb.f., Catasetum ﬁmbriatum var. ﬁssum Rchb.f., Myanthus ﬁmbriatus C.Morren.","Catasetum pﬂanzii Schltr. [Unknown; cites_pdf], Catasetum ﬁmbriatum var. aurantiacum Porsch. [Unknown; cites_pdf], Catasetum ﬁmbriatum var. brevipetalum Porsch. [Unknown; cites_pdf], Catasetum ﬁmbriatum var. inconstans (Hoehne) Mansf. [Unknown; cites_pdf], Catasetum ﬁmbriatum var. micranthum Porsch [Unknown; cites_pdf], Catasetum ﬁmbriatum var. morrenianum Mansf. [Unknown; cites_pdf], Catasetum ﬁmbriatum var. ornithorrhynchum (Porsch) Mansf. [Unknown; cites_pdf], Catasetum ﬁmbriatum var. platypterum Rchb.f. [Unknown; cites_pdf], Catasetum ﬁmbriatum var. subtropicale Hauman. [Unknown; cites_pdf], Catasetum ﬁmbriatum var. viridulum Rchb.f. [Unknown; cites_pdf], Catasetum ﬁmbriatum var. ﬁssum Rchb.f. [Unknown; cites_pdf], Myanthus ﬁmbriatus C.Morren. [Unknown; cites_pdf]",Catasetum ﬁmbriatum (C.Morren) Lindl.,,Orchidaceae,Catasetum,cogniauxii,,,,,,,,,,,unambiguous_accepted,cites_pdf,"{""page"": 163, ""y"": 227.9}"
Catasetum ﬁnetianum L.Linden & Cogn.,cites_pdf,1,Catasetum tabulare var. ﬁnetianum,Catasetum tabulare var. ﬁnetianum [Unknown; cites_pdf],Catasetum ﬁnetianum L.Linden & Cogn.,,Orchidaceae,Catasetum,tabulare,,,,,,,,,,,unambiguous_accepted,cites_pdf,"{""page"": 169, ""y"": 706.1}"
Cattleya amesiana,wcvp,3,"Cattleya amesiae, Laelia amesiana, Laeliocattleya amesiana","Cattleya amesiae [Heterotypic; wcvp], Laelia amesiana [Homotypic; wcvp], Laeliocattleya amesiana [Homotypic; wcvp]",Cattleya × amesiana (Rchb.f.) B.S.Williams,(Rchb.f.) B.S.Williams,Orchidaceae,Laeliocattleya,amesiana,Species,,,107108,639729-1,,106895,(1887),"J. Linn. Soc., Bot.",,unambiguous_accepted,wcvp,"{""hybrid"": true, ""volume_and_page"": ""24: 168""}"
Cattleya ashtoniana,wcvp,0,,,Cattleya × ashtoniana Mast.,Mast.,Orchidaceae,Cattleya,ashtoniana,Species,,,35808,621972-1,,<NA>,(1893),Gard. Chron.,,unambiguous_accepted,wcvp,"{""hybrid"": true, ""volume_and_page"": "", ser. 3, 14: 406""}"
Cattleya attenboroughiana,wcvp,0,,,"Cattleya attenboroughiana E.L.F.Menezes, Giordani & R.A.Pinheiro","E.L.F.Menezes, Giordani & R.A.Pinheiro",Orchidaceae,Cattleya,attenboroughiana,Species,,,3313292,77343053-1,,<NA>,(2024),Kew Bull.,Brazil (Minas Gerais),unambiguous_accepted,wcvp,"{""climate_description"": ""seasonally dry tropical"", ""lifeform_description"": ""lithophyte"", ""volume_and_page"": ""79: 598""}"
Cattleya bahiensis,wcvp,0,,,Cattleya × bahiensis Rolfe,Rolfe,Orchidaceae,Cattleya,spectabilis,Species,,,36117,622241-1,,<NA>,(1907),Orchid Rev.,,unambiguous_accepted,wcvp,"{""hybrid"": true, ""nomenclatural_remarks"": "", nom. illeg."", ""volume_and_page"": ""15: 316""}"
Cattleya ballantiniana,wcvp,0,,,Cattleya × ballantiniana Rchb.f.,Rchb.f.,Orchidaceae,Cattleya,ballantiniana,Species,,,35814,622009-1,,<NA>,(1889),Gard. Chron.,,unambiguous_accepted,wcvp,"{""hybrid"": true, ""volume_and_page"": "", ser. 3, 5: 264""}"
Cattleya bicolor subsp. bicolor,cites_pdf,5,"Cattleya bicolor var. caerulea, Cattleya bicolor var. lewisii, Cattleya bicolor var. measuresiana, Cattleya bicolor var. splendida, Cattleya bicolor var. wrigleyana","Cattleya bicolor var. caerulea [Unknown; cites_pdf], Cattleya bicolor var. lewisii [Unknown; cites_pdf], Cattleya bicolor var. measuresiana [Unknown; cites_pdf], Cattleya bicolor var. splendida [Unknown; cites_pdf], Cattleya bicolor var. wrigleyana [Unknown; cites_pdf]",Cattleya bicolor subsp. bicolor,,Orchidaceae,Cattleya,bicolor,,,,,,,,,,,unambiguous_accepted,cites_pdf,"{""page"": 172, ""y"": 574.6}"
Cattleya bicolor subsp. brasiliensis,cites_pdf,1,Cattleya bicolor var. olocheilos,Cattleya bicolor var. olocheilos [Unknown; cites_pdf],Cattleya bicolor subsp. brasiliensis Fowlie,Fowlie,Orchidaceae,Cattleya,bicolor,,,,,,,,,,,unambiguous_accepted,cites_pdf,"{""page"": 172, ""y"": 670.3}"
Cattleya bicolor subsp. minasgeraensis,cites_pdf,2,"Cattleya bicolor f. alba, Cattleya bicolor var. grossii","Cattleya bicolor f. alba [Unknown; cites_pdf], Cattleya bicolor var. grossii [Unknown; cites_pdf]",Cattleya bicolor subsp. minasgeraensis Fowlie,Fowlie,Orchidaceae,Cattleya,bicolor,,,,,,,,,,,unambiguous_accepted,cites_pdf,"{""page"": 172, ""y"": 526.8}"
Cattleya blesensis,wcvp,1,Laeliocattleya blesensis,Laeliocattleya blesensis [Homotypic; wcvp],Cattleya × blesensis Maron,Maron,Orchidaceae,Laeliocattleya,blesensis,Species,,,107117,639738-1,,35829,(1895),Orchid Album,,unambiguous_accepted,wcvp,"{""hybrid"": true, ""volume_and_page"": ""11: t. 519""}"
Cattleya brabantiae,wcvp,0,,,Cattleya × brabantiae H.J.Veitch,H.J.Veitch,Orchidaceae,Cattleya,brabantiae,Species,,,35834,622018-1,,<NA>,(1864),Gard. Chron.,,unambiguous_accepted,wcvp,"{""hybrid"": true, ""volume_and_page"": ""1864: 413""}"
Cattleya burberryana,wcvp,0,,,Cattleya × burberryana Mast.,Mast.,Orchidaceae,Cattleya,burberryana,Species,,,35842,77238677-1,,<NA>,(1892),Gard. Chron.,,unambiguous_accepted,wcvp,"{""hybrid"": true, ""volume_and_page"": "", ser. 3, 11: 535""}"
Cattleya calummata,wcvp,1,Cattleya parthenia,Cattleya parthenia [Heterotypic; wcvp],Cattleya × calummata André,André,Orchidaceae,Cattleya,calummata,Species,,,35844,622028-1,,<NA>,(1883),Rev. Hort. (Paris),,unambiguous_accepted,wcvp,"{""hybrid"": true, ""volume_and_page"": ""55: 564""}"
Cattleya chamberlainiana,wcvp,0,,,Cattleya × chamberlainiana Rchb.f.,Rchb.f.,Orchidaceae,Cattleya,chamberlainiana,Species,,,35851,622034-1,,<NA>,(1881),Gard. Chron.,,unambiguous_accepted,wcvp,"{""hybrid"": true, ""volume_and_page"": "", n.s., 16: 427""}"
Cattleya citrinointermedia,wcvp,0,,,Cattleya × citrinointermedia Rolfe,Rolfe,Orchidaceae,Cattleya,citrinointermedia,Species,,,35858,622041-1,,<NA>,(1888),Orchidophile (Argenteuil),,unambiguous_accepted,wcvp,"{""hybrid"": true, ""volume_and_page"": ""8: 34""}"
Cattleya claesiana,cites_csv,0,,,Cattleya claesiana Rolfe,Rolfe,Orchidaceae,Cattleya,claesiana,SPECIES,II,,,,,,,,Brazil,unambiguous_accepted,cites_csv,"{""All_DistributionISOCodes"": ""BR"", ""NativeDistributionFullNames"": ""Brazil""}"
Cattleya clonia,wcvp,0,,,Cattleya × clonia J.Fraser,J.Fraser,Orchidaceae,Cattleya,clonia,Species,,,216309,77238787-1,,<NA>,(1894),Gard. World,,unambiguous_accepted,wcvp,"{""hybrid"": true, ""volume_and_page"": ""11: 134""}"
Cattleya cullenii,wcvp,4,"Brasicattleya pittiana, Hadrocattleya pittiana, Laeliocattleya pittiana, Sophrocattleya pittiana","Brasicattleya pittiana [Homotypic; wcvp], Hadrocattleya pittiana [Homotypic; wcvp], Laeliocattleya pittiana [Homotypic; wcvp], Sophrocattleya pittiana [Homotypic; wcvp]",Cattleya × cullenii U.B.Deshmukh & J.M.H.Shaw,U.B.Deshmukh & J.M.H.Shaw,Orchidaceae,Laeliocattleya,pittiana,Species,,,107168,321480-2,,<NA>,(1894),Gard. Chron.,NE. Brazil,unambiguous_accepted,wcvp,"{""hybrid"": true, ""volume_and_page"": "", ser. 3, 15: 264""}"
Cattleya dacruzii,wcvp,1,Hoffmannseggella dacruzii,Hoffmannseggella dacruzii [Homotypic; wcvp],Cattleya dacruzii (Rosim & Campacci) Van den Berg,(Rosim & Campacci) Van den Berg,Orchidaceae,Cattleya,dacruzii,Species,,,3303714,77314297-1,,3291811,(2022),Neodiversity,Brazil (Minas Gerais),unambiguous_accepted,wcvp,"{""climate_description"": ""seasonally dry tropical"", ""lifeform_description"": ""pseudobulbous lithophyte"", ""volume_and_page"": ""15: 1""}"
Cattleya deniseana,wcvp,1,Hoffmannseggella deniseana,Hoffmannseggella deniseana [Homotypic; wcvp],Cattleya × deniseana (Rosim) J.M.H.Shaw,(Rosim) J.M.H.Shaw,Orchidaceae,Cattleya,deniseana,Species,,,3303470,77321448-1,,3305206,(2023),Orchids (West Palm Beach),Brazil (Minas Gerais),unambiguous_accepted,wcvp,"{""climate_description"": ""seasonally dry tropical"", ""hybrid"": true, ""lifeform_description"": ""pseudobulbous lithophyte"", ""volume_and_page"": ""92: 326""}"
Cattleya dominiana,wcvp,0,,,Cattleya × dominiana Lindl.,Lindl.,Orchidaceae,Cattleya,dominiana,Species,,,35883,622061-1,,<NA>,(1859),Gard. Chron.,,unambiguous_accepted,wcvp,"{""hybrid"": true, ""volume_and_page"": ""1859: 948""}"
Cattleya dowiana var. aurea,cites_pdf,6,"Cattleya dowiana f. marmorata, Cattleya dowiana subsp. aurea, Cattleya dowiana var. aurea-alba, Cattleya dowiana var. aurea-marmorata, Cattleya dowiana var. chrysotoxa, Cattleya labiata subvar. aurea","Cattleya dowiana f. marmorata [Unknown; cites_pdf], Cattleya dowiana subsp. aurea [Unknown; cites_pdf], Cattleya dowiana var. aurea-alba [Unknown; cites_pdf], Cattleya dowiana var. aurea-marmorata [Unknown; cites_pdf], Cattleya dowiana var. chrysotoxa [Unknown; cites_pdf], Cattleya labiata subvar. aurea [Unknown; cites_pdf]",Cattleya dowiana var. aurea (Linden) B.S.Williams & T.Moore,(Linden) B.S.Williams & T.Moore,Orchidaceae,Cattleya,aurea,,,,,,,,,,,unambiguous_accepted,cites_pdf,"{""page"": 172, ""y"": 347.5}"
Cattleya dowiana var. dowiana,cites_pdf,3,"Cattleya dowiana f. carmoniana, Cattleya dowiana f. rosita, Cattleya dowiana var. rosita","Cattleya dowiana f. carmoniana [Unknown; cites_pdf], Cattleya dowiana f. rosita [Unknown; cites_pdf], Cattleya dowiana var. rosita [Unknown; cites_pdf]",Cattleya dowiana var. dowiana,,Orchidaceae,Cattleya,dowiana,,,,,,,,,,,unambiguous_accepted,cites_pdf,"{""page"": 175, ""y"": 96.4}"
Cattleya eximioides,wcvp,1,Laeliocattleya eximia,Laeliocattleya eximia [Homotypic; wcvp],Cattleya × eximioides J.M.H.Shaw,J.M.H.Shaw,Orchidaceae,Laeliocattleya,eximia,Species,,,107139,639758-1,,<NA>,(1891),Gard. Chron.,,unambiguous_accepted,wcvp,"{""hybrid"": true, ""volume_and_page"": "", ser. 3, 9: 800""}"
Cattleya exoniensis,wcvp,2,"Laelia exoniensis, Laeliocattleya exoniensis","Laelia exoniensis [Homotypic; wcvp], Laeliocattleya exoniensis [Homotypic; wcvp]",Cattleya × exoniensis J.Veitch f.,J.Veitch f.,Orchidaceae,Laelia,exoniensis,Species,,,106965,639601-1,,35906,(1887),Man. Orchid. Pl.,,unambiguous_accepted,wcvp,"{""hybrid"": true, ""volume_and_page"": ""2: 95""}"
Cattleya fausta,wcvp,1,Laeliocattleya fausta,Laeliocattleya fausta [Homotypic; wcvp],Cattleya × fausta Rchb.f.,Rchb.f.,Orchidaceae,Cattleya,fausta,Species,,,35908,622076-1,,<NA>,(1873),Gard. Chron.,,unambiguous_accepted,wcvp,"{""hybrid"": true, ""volume_and_page"": ""1873: 289""}"
Cattleya felix,wcvp,1,Laelia felix,Laelia felix [Homotypic; wcvp],Cattleya × felix Rchb.f.,Rchb.f.,Orchidaceae,Cattleya,felix,Species,,,35909,622077-1,,<NA>,(1876),Gard. Chron.,,unambiguous_accepted,wcvp,"{""hybrid"": true, ""volume_and_page"": "", n.s., 6: 68""}"
Cattleya fidalgoorum,wcvp,1,Hoffmannseggella fidalgoorum,Hoffmannseggella fidalgoorum [Homotypic; wcvp],Cattleya × fidalgoorum (Rosim & Campacci) J.M.H.Shaw,(Rosim & Campacci) J.M.H.Shaw,Orchidaceae,Cattleya,fidalgoorum,Species,,,3303468,77321449-1,,3305191,(2023),Orchids (West Palm Beach),Brazil (Minas Gerais),unambiguous_accepted,wcvp,"{""climate_description"": ""seasonally dry tropical"", ""hybrid"": true, ""lifeform_description"": ""pseudobulbous lithophyte"", ""volume_and_page"": ""92: 326""}"
Cattleya hatakeyamae,wcvp,1,Hoffmannseggella hatakeyamae,Hoffmannseggella hatakeyamae [Homotypic; wcvp],Cattleya × hatakeyamae (Rosim) J.M.H.Shaw,(Rosim) J.M.H.Shaw,Orchidaceae,Hoffmannseggella,hatakeyamae,Species,,,3305188,77313394-1,,<NA>,(2022),Colet. Orquídeas Brasil.,Brazil (Minas Gerais),unambiguous_accepted,wcvp,"{""hybrid"": true, ""volume_and_page"": ""18: 734""}"
Cattleya isabella,wfo,1,Epidendrum isabella,Epidendrum isabella [Unknown; wfo],Cattleya isabella Rchb.f.,Rchb.f.,Orchidaceae,Cattleya,fimbriata,species,,,,,wfo-0000821431,,Dict. Orch. Hybr. 6. 1895 [Apr-Jul 1895],,,unambiguous_accepted,wfo,"{""majorGroup"": ""A"", ""source"": ""World Checklist of Vascular Plants. Facilitated by the Royal Botanic Gardens, Kew."", ""taxonRemarks"": ""Source in seed data: wcs Updated namePublishedIn from Dict. Orch. Hybr. 6 1895 to Dict. Orch. Hybr. 6. 1895 [Apr-Jul 1895] , according to IPNI. Information provided by Alan E. on email Jul. 15 2020. More details could be found in <a href=http://www.thepl"", ""tplId"": ""kew-35910""}"
Cattleya leucoglossa,wcvp,0,,,Cattleya × leucoglossa Mast.,Mast.,Orchidaceae,Cattleya,leucoglossa,Species,,,35998,77238580-1,,<NA>,(1892),Gard. Chron.,,unambiguous_accepted,wcvp,"{""hybrid"": true, ""volume_and_page"": "", ser. 3, 12: 566""}"
Cattleya loddigesii subsp. loddigesii,cites_pdf,2,"Cattleya loddigesii f. virginalis, Cattleya loddigesii var. candida","Cattleya loddigesii f. virginalis [Unknown; cites_pdf], Cattleya loddigesii var. candida [Unknown; cites_pdf]",Cattleya loddigesii subsp. loddigesii,,Orchidaceae,Cattleya,arembergii,,,,,,,,,,,unambiguous_accepted,cites_pdf,"{""page"": 172, ""y"": 287.7}"
Cattleya manglesii,wcvp,0,,,Cattleya × manglesii Rchb.f.,Rchb.f.,Orchidaceae,Cattleya,manglesii,Species,,,36016,622152-1,,<NA>,(1880),Gard. Chron.,,unambiguous_accepted,wcvp,"{""hybrid"": true, ""volume_and_page"": "", n.s., 14: 556""}"
Cattleya mardellii,wcvp,1,Laeliocattleya mardellii,Laeliocattleya mardellii [Homotypic; wcvp],Cattleya × mardellii Seden ex Rchb.f.,Seden ex Rchb.f.,Orchidaceae,Laeliocattleya,mardellii,Species,,,107155,639773-1,,36018,(1889),Gard. Chron.,,unambiguous_accepted,wcvp,"{""hybrid"": true, ""volume_and_page"": "", ser. 3, 5: 746""}"
Cattleya maronii,wcvp,0,,,Cattleya × maronii Mast.,Mast.,Orchidaceae,Cattleya,maronii,Species,,,529191,77192327-1,,<NA>,(1898),Gard. Chron.,,unambiguous_accepted,wcvp,"{""hybrid"": true, ""volume_and_page"": "", ser. 3, 24: 332""}"
Cattleya marstersoniae,wcvp,1,Cattleya minacia,Cattleya minacia [Heterotypic; wcvp],Cattleya × marstersoniae Seden ex Rchb.f.,Seden ex Rchb.f.,Orchidaceae,Cattleya,marstersoniae,Species,,,36022,622158-1,,<NA>,(1878),Gard. Chron.,,unambiguous_accepted,wcvp,"{""hybrid"": true, ""volume_and_page"": "", n.s., 10: 556""}"
Cattleya meyeriana,wcvp,1,Hoffmannseggella meyeriana,Hoffmannseggella meyeriana [Homotypic; wcvp],Cattleya × meyeriana (P.Blaha & V.P.Castro) J.M.H.Shaw,(P.Blaha & V.P.Castro) J.M.H.Shaw,Orchidaceae,Cattleya,meyeriana,Species,,,3303365,77320380-1,,538694,(2022),Orchid Rev.,Brazil (Minas Gerais),unambiguous_accepted,wcvp,"{""climate_description"": ""seasonally dry tropical"", ""hybrid"": true, ""lifeform_description"": ""pseudobulbous lithophyte"", ""volume_and_page"": ""130(1338, Suppl.): 20""}"
Cattleya mitchellii,wcvp,0,,,Cattleya × mitchellii Rchb.f.,Rchb.f.,Orchidaceae,Cattleya,mitchellii,Species,,,36034,622169-1,,<NA>,(1876),Gard. Chron.,,unambiguous_accepted,wcvp,"{""hybrid"": true, ""volume_and_page"": "", n.s., 6: 386""}"
Cattleya paulae,wcvp,0,,,Cattleya × paulae E.L.F.Menezes & J.V.Corrêa,E.L.F.Menezes & J.V.Corrêa,Orchidaceae,Cattleya,paulae,Species,,,3313516,77335210-1,,<NA>,(2024),Phytotaxa,Brazil (Minas Gerais),unambiguous_accepted,wcvp,"{""climate_description"": ""seasonally dry tropical"", ""hybrid"": true, ""lifeform_description"": ""lithophyte"", ""volume_and_page"": ""635: 150""}"
Cattleya philo,wcvp,0,,,Cattleya × philo Mast.,Mast.,Orchidaceae,Cattleya,philo,Species,,,36065,77239118-1,,<NA>,(1892),Gard. Chron.,,unambiguous_accepted,wcvp,"{""hybrid"": true, ""volume_and_page"": "", ser. 3, 11: 535""}"
Cattleya pirapamaensis,wcvp,1,Hoffmannseggella pirapamaensis,Hoffmannseggella pirapamaensis [Homotypic; wcvp],Cattleya pirapamaensis (Rosim) J.M.H.Shaw,(Rosim) J.M.H.Shaw,Orchidaceae,Cattleya,pirapamaensis,Species,,,3303466,77321451-1,,3305207,(2023),Orchids (West Palm Beach),Brazil (Minas Gerais),unambiguous_accepted,wcvp,"{""climate_description"": ""seasonally dry tropical"", ""lifeform_description"": ""pseudobulbous lithophyte"", ""volume_and_page"": ""92: 326""}"
Cattleya porphyrascens,wcvp,0,,,Cattleya porphyrascens E.L.F.Menezes,E.L.F.Menezes,Orchidaceae,Cattleya,porphyrascens,Species,,,3302949,77311977-1,,<NA>,(2022),Phytotaxa,Brazil (Minas Gerais),unambiguous_accepted,wcvp,"{""climate_description"": ""seasonally dry tropical"", ""volume_and_page"": ""579: 62""}"
Cattleya porphyrophlebia,wcvp,1,Cattleya albertii,Cattleya albertii [Heterotypic; wcvp],Cattleya × porphyrophlebia Rchb.f.,Rchb.f.,Orchidaceae,Cattleya,albertii,Species,,,35783,621985-1,,<NA>,(1890),Orchidophile (Argenteuil),,unambiguous_accepted,wcvp,"{""hybrid"": true, ""volume_and_page"": ""10: 321""}"
Cattleya pﬁsteri (Pabst & Senghas) Van den Berg,cites_pdf,3,"Hoﬀmannseggella pﬁsteri (Pabst & Senghas) V.P.Castro & Chiron, Laelia pﬁsteri Pabst & Senghas, Sophronitis pﬁsteri (Pabst & Senghas) Van den Berg & M.W.Chase.","Hoﬀmannseggella pﬁsteri (Pabst & Senghas) V.P.Castro & Chiron [Unknown; cites_pdf], Laelia pﬁsteri Pabst & Senghas [Unknown; cites_pdf], Sophronitis pﬁsteri (Pabst & Senghas) Van den Berg & M.W.Chase. [Unknown; cites_pdf]",Cattleya pﬁsteri (Pabst & Senghas) Van den Berg,,Orchidaceae,Hoﬀmannseggella,pﬁsteri,,,,,,,,,,,unambiguous_accepted,cites_pdf,"{""accepted_genus"": ""Cattleya"", ""page"": 380, ""y"": 395.3}"
Cattleya quinquecolor,wcvp,0,,,Cattleya × quinquecolor Dombrain,Dombrain,Orchidaceae,Cattleya,quinquecolor,Species,,,36081,622210-1,,<NA>,(1886),Fl. Mag. (London),,unambiguous_accepted,wcvp,"{""hybrid"": true, ""volume_and_page"": ""1886: t. 511""}"
Cattleya rodriguesii,wcvp,1,Hoffmannseggella rodriguesii,Hoffmannseggella rodriguesii [Homotypic; wcvp],Cattleya rodriguesii (Rosim) Van den Berg,(Rosim) Van den Berg,Orchidaceae,Cattleya,rodriguesii,Species,,,3303270,77314296-1,,540200,(2022),Neodiversity,Brazil (Minas Gerais),unambiguous_accepted,wcvp,"{""climate_description"": ""seasonally dry tropical"", ""lifeform_description"": ""pseudobulbous lithophyte"", ""volume_and_page"": ""15: 1""}"
Cattleya schoﬁeldiana Rchb.f.,cites_pdf,5,"Cattleya granulosa f. schoﬁeldiana, Cattleya granulosa var. banneri, Cattleya granulosa var. schoﬁeldiana, Cattleya schoﬁeldiana var. banneri (Rolfe) Fowlie., Cattleya schoﬁeldiana var. tedescoana L.C.Menezes","Cattleya granulosa f. schoﬁeldiana [Unknown; cites_pdf], Cattleya granulosa var. banneri [Unknown; cites_pdf], Cattleya granulosa var. schoﬁeldiana [Unknown; cites_pdf], Cattleya schoﬁeldiana var. banneri (Rolfe) Fowlie. [Unknown; cites_pdf], Cattleya schoﬁeldiana var. tedescoana L.C.Menezes [Unknown; cites_pdf]",Cattleya schoﬁeldiana Rchb.f.,,Orchidaceae,Cattleya,granulosa,,,,,,,,,,,unambiguous_accepted,cites_pdf,"{""page"": 176, ""y"": 718.1}"
Cattleya sedeniana,wcvp,0,,,Cattleya × sedeniana G.Nicholson,G.Nicholson,Orchidaceae,Cattleya,sedeniana,Species,,,36108,621977-1,,<NA>,(1884),Ill. Dict. Gard.,,unambiguous_accepted,wcvp,"{""hybrid"": true, ""volume_and_page"": ""1: 283""}"
Cattleya sidneana,wcvp,0,,,Cattleya × sidneana Mottet,Mottet,Orchidaceae,Cattleya,sidneana,Species,,,528870,77191261-1,,<NA>,(1892-1893),Dict. Prat. Hort.,,unambiguous_accepted,wcvp,"{""hybrid"": true, ""volume_and_page"": ""1: 544""}"
Cattleya teretecaulis,wfo,0,,,Cattleya teretecaulis (Hoehne) Van den Berg,(Hoehne) Van den Berg,Orchidaceae,Laelia,tereticaulis,species,,,,,wfo-0000222134,,"Arq. Bot. Estado São Paulo, n.s., f.m., 2: 163 (1952)",,,unambiguous_accepted,wfo,"{""majorGroup"": ""A"", ""references"": ""https://powo.science.kew.org/taxon/urn:lsid:ipni.org:names:639704-1"", ""source"": ""World Checklist of Vascular Plants. Facilitated by the Royal Botanic Gardens, Kew."", ""taxonRemarks"": ""Source in seed data: wcs Updated namepublishedIn from Arq. Bot. Estado São Paulo n.s., f.m., 2: 163 1952 to Arq. Bot. Estado Sao Paulo (n. s., f.m.) 2: 162 (t. 60). 1952 , information provided by Alan E. on email Oct. 12 2020 More details could be found"", ""tplId"": ""kew-107078"", ""wfo_nomenclatural_status"": ""Valid""}"
Cattleya triophthalma,wcvp,2,"Laelia triophthalma, Laeliocattleya trionophthalma","Laelia triophthalma [Homotypic; wcvp], Laeliocattleya trionophthalma [Homotypic; wcvp]",Cattleya × triophthalma Rchb.f.,Rchb.f.,Orchidaceae,Laelia,triophthalma,Species,,,107083,134733-2,,36149,(1887),Man. Orchid. Pl.,,unambiguous_accepted,wcvp,"{""hybrid"": true, ""volume_and_page"": ""2: 97""}"
Cattleya veitchiana,wcvp,1,Laeliocattleya veitchiana,Laeliocattleya veitchiana [Homotypic; wcvp],Cattleya × veitchiana Dominy,Dominy,Orchidaceae,Laeliocattleya,veitchiana,Species,,,107188,639807-1,,36153,(1887),"J. Linn. Soc., Bot.",,unambiguous_accepted,wcvp,"{""hybrid"": true, ""volume_and_page"": ""24: 169""}"
Cattleya veitchii,wcvp,1,Laelia veitchii,Laelia veitchii [Homotypic; wcvp],Cattleya × veitchii (H.J.Veitch ex Rob.) Pfitzer,(H.J.Veitch ex Rob.) Pfitzer,Orchidaceae,Laelia,veitchii,Species,,,107086,77243077-1,,<NA>,(1874),"Garden (London, 1871-1927)",,unambiguous_accepted,wcvp,"{""hybrid"": true, ""volume_and_page"": ""5: 276""}"
Cattleya veriflora,wcvp,0,,,Cattleya × veriflora B.S.Williams,B.S.Williams,Orchidaceae,Cattleya,veriflora,Species,,,36157,621979-1,,<NA>,(1891),Orch.-Grow. Man.,,unambiguous_accepted,wcvp,"{""hybrid"": true, ""volume_and_page"": "", ed. 7: 192""}"
Cattleya viridiﬂora (Verola & Semir) Van den Berg,cites_pdf,1,Hoﬀmannseggella viridiﬂora Verola & Semir,Hoﬀmannseggella viridiﬂora Verola & Semir [Unknown; cites_pdf],Cattleya viridiﬂora (Verola & Semir) Van den Berg,,Orchidaceae,Hoﬀmannseggella,viridiﬂora,,,,,,,,,,,unambiguous_accepted,cites_pdf,"{""accepted_genus"": ""Cattleya"", ""page"": 380, ""y"": 658.3}"
Cattleya wendlandii,wcvp,0,,,Cattleya × wendlandii H.J.Veitch,H.J.Veitch,Orchidaceae,Cattleya,wendlandii,Species,,,36181,621981-1,,<NA>,(1894),Gard. Chron.,,unambiguous_accepted,wcvp,"{""hybrid"": true, ""volume_and_page"": "", ser. 3, 15: 447""}"
Cattleya zenobia,wcvp,3,"Cattleya cassandra, Laeliocattleya cassandra, Laeliocattleya zenobia","Cattleya cassandra [Heterotypic; wcvp], Laeliocattleya cassandra [Heterotypic; wcvp], Laeliocattleya zenobia [Homotypic; wcvp]",Cattleya × zenobia Rolfe,Rolfe,Orchidaceae,Laeliocattleya,zenobia,Species,,,107193,639812-1,,36184,(1889),Gard. Chron.,,unambiguous_accepted,wcvp,"{""hybrid"": true, ""volume_and_page"": "", ser. 3, 5: 802""}"
Cattleya ﬂavasulina (F.E.L.Miranda & K.G.Lacerda) Van den Berg,cites_pdf,2,"Hoﬀmannseggella ﬂavasulina F.E.L.Miranda & K.G.Lacerda, Sophronitis ﬂavasulina (F.E.L.Miranda & K.G.Lacerda) Van den Berg & M.W.Chase.","Hoﬀmannseggella ﬂavasulina F.E.L.Miranda & K.G.Lacerda [Unknown; cites_pdf], Sophronitis ﬂavasulina (F.E.L.Miranda & K.G.Lacerda) Van den Berg & M.W.Chase. [Unknown; cites_pdf]",Cattleya ﬂavasulina (F.E.L.Miranda & K.G.Lacerda) Van den Berg,,Orchidaceae,Hoﬀmannseggella,ﬂavasulina,,,,,,,,,,,unambiguous_accepted,cites_pdf,"{""accepted_genus"": ""Cattleya"", ""page"": 379, ""y"": 347.5}"
Cattleychea magdeburgensis,wcvp,1,Epicattleya magdeburgensis,Epicattleya magdeburgensis [Homotypic; wcvp],× Cattleychea magdeburgensis (Anon.) Molinari & Sánchez Och.,(Anon.) Molinari & Sánchez Och.,Orchidaceae,Epicattleya,magdeburgensis,Species,,,519886,60471935-2,,<NA>,(1905),Orchid Rev.,,unambiguous_accepted,wcvp,"{""hybrid"": true, ""volume_and_page"": ""13: 375""}"
Cattleychea pentomos,wcvp,1,Epicattleya pentomos,Epicattleya pentomos [Homotypic; wcvp],× Cattleychea pentomos (Anon.) Molinari & Sánchez Och.,(Anon.) Molinari & Sánchez Och.,Orchidaceae,Cattleychea,pentomos,Species,,,522642,60471934-2,,519918,(2016),Weberbauerella,,unambiguous_accepted,wcvp,"{""hybrid"": true, ""volume_and_page"": ""1(14): 4""}"
Cattleychea wolteri,wcvp,1,Epicattleya wolteri,Epicattleya wolteri [Homotypic; wcvp],× Cattleychea wolteri (Rolfe & Hurst) Molinari & Sánchez Och.,(Rolfe & Hurst) Molinari & Sánchez Och.,Orchidaceae,Epicattleya,wolteri,Species,,,519913,60471931-2,,<NA>,(1909),Orchid Stud-Book,,unambiguous_accepted,wcvp,"{""hybrid"": true, ""volume_and_page"": "": 267""}"
Cattlianthe wolteriana,wcvp,1,Epicattleya wolteriana,Epicattleya wolteriana [Homotypic; wcvp],× Cattlianthe wolteriana (Kraenzl.) Molinari & Sánchez Och.,(Kraenzl.) Molinari & Sánchez Och.,Orchidaceae,Cattlianthe,wolteriana,Species,,,522640,60471930-2,,519920,(2016),Weberbauerella,,unambiguous_accepted,wcvp,"{""hybrid"": true, ""volume_and_page"": ""1(14): 4""}"
Caucaea hirtzii,wcvp,0,,,Caucaea hirtzii H.Medina & J.Portilla,H.Medina & J.Portilla,Orchidaceae,Caucaea,hirtzii,Species,,,3313571,77337192-1,,<NA>,(2023),Orchids (West Palm Beach),Ecuador,unambiguous_accepted,wcvp,"{""climate_description"": ""wet tropical"", ""lifeform_description"": ""pseudobulbous epiphyte"", ""volume_and_page"": ""92: 943""}"
Cephalanthera chloidophylla,wcvp,3,"Epipactis chloidophylla, Limodorum chloidophyllum, Serapias chloidophylla","Epipactis chloidophylla [Homotypic; wcvp], Limodorum chloidophyllum [Homotypic; wcvp], Serapias chloidophylla [Homotypic; wcvp]",Cephalanthera chloidophylla Rchb.f.,Rchb.f.,Orchidaceae,Limodorum,chloidophyllum,Species,,,112404,640548-1,,36629,(1891),Revis. Gen. Pl.,,unambiguous_accepted,wcvp,"{""volume_and_page"": ""2: 672""}"
Cephalanthera yintiaolingensis,wcvp,0,,,"Cephalanthera yintiaolingensis Feng Chen, C.Xiong & X.H.Jin","Feng Chen, C.Xiong & X.H.Jin",Orchidaceae,Cephalanthera,yintiaolingensis,Species,,,3302983,77331526-1,,<NA>,(2023),Phytotaxa,China (Chongqing),unambiguous_accepted,wcvp,"{""climate_description"": ""temperate"", ""lifeform_description"": ""perennial"", ""volume_and_page"": ""626: 120""}"
Ceratostylis obscureviolacea,cites_csv,0,,,"Ceratostylis obscureviolacea Gilli, 1980 publ. 1983","Gilli, 1980 publ. 1983",Orchidaceae,Ceratostylis,obscureviolacea,SPECIES,II,,,,,,,,,unambiguous_accepted,cites_csv,
Chauliodon deflexicalcaratum,cites_csv,0,,,"Chauliodon deflexicalcaratum (De Wild.) L.Jonss., 1979","(De Wild.) L.Jonss., 1979",Orchidaceae,Chauliodon,deflexicalcaratum,SPECIES,II,,,,,,,,"Cameroon,Côte d'Ivoire,Democratic Republic of the Congo,Gabon,Ghana,Liberia,Nigeria",unambiguous_accepted,cites_csv,"{""All_DistributionISOCodes"": ""CM,CI,CD,GA,GH,LR,NG"", ""NativeDistributionFullNames"": ""Cameroon,Côte d'Ivoire,Democratic Republic of the Congo,Gabon,Ghana,Liberia,Nigeria""}"
Chauliodon deﬂexicalcaratum (De Wild.) L.Jonss.,cites_pdf,1,Angraecum deﬂexicalcaratum De Wild.,Angraecum deﬂexicalcaratum De Wild. [Unknown; cites_pdf],Chauliodon deﬂexicalcaratum (De Wild.) L.Jonss.,,Orchidaceae,Angraecum,deﬂexicalcaratum,,,,,,,,,,,unambiguous_accepted,cites_pdf,"{""accepted_genus"": ""Chauliodon"", ""page"": 33, ""y"": 670.3}"
Cheirostylis lidaoensis,wcvp,0,,,Cheirostylis lidaoensis S.S.Ying,S.S.Ying,Orchidaceae,Cheirostylis,lidaoensis,Species,,,3313444,77352258-1,,<NA>,(2024),New Taxa New Names,Taiwan,unambiguous_accepted,wcvp,"{""climate_description"": ""subtropical"", ""lifeform_description"": ""rhizomatous geophyte"", ""volume_and_page"": ""7: 510""}"
Cheirostylis raymundi,wfo,0,,,Cheirostylis raymundi Schltr.,Schltr.,Orchidaceae,Cheirostylis,raymundi,species,,,,,wfo-0000841953,,Bot. Jahrb. Syst. 52: 6 (1914),,,unambiguous_accepted,wfo,"{""majorGroup"": ""A"", ""references"": ""https://powo.science.kew.org/taxon/urn:lsid:ipni.org:names:622759-1"", ""source"": ""World Checklist of Vascular Plants. Facilitated by the Royal Botanic Gardens, Kew."", ""taxonRemarks"": ""Source in seed data: wcs Update namepublishedIn from Bot. Jahrb. Syst. 52(1-2): 6. 1914 [24 Nov 1914] to Bot. Jahrb. Syst. 52: 6 (1914), information provided by Alan E. on email Jun. 07 2021 More details could be found in <a href=http://www.theplantlist."", ""tplId"": ""kew-38795"", ""wfo_nomenclatural_status"": ""Valid""}"
Chelonistele sulphurea var. crassifolia,cites_pdf,1,Coelogyne craticulaelabris,Coelogyne craticulaelabris [Unknown; cites_pdf],Chelonistele sulphurea var. crassifolia (Carr) de Vogel,(Carr) de Vogel,Orchidaceae,Coelogyne,crassifolia,,,,,,,,,,,unambiguous_accepted,cites_pdf,"{""accepted_genus"": ""Chelonistele"", ""page"": 205, ""y"": 383.3}"
Chelonistele sulphurea var. sulphurea,cites_pdf,0,,,Chelonistele sulphurea var. sulphurea,,Orchidaceae,Coelogyne,beyrodtiana,,,,,,,,,,,unambiguous_accepted,cites_pdf,"{""accepted_genus"": ""Chelonistele"", ""page"": 204, ""y"": 347.5}"
Chiloschista breviseta,wcvp,0,,,"Chiloschista breviseta Chanokkhun, Watthana & Schuit.","Chanokkhun, Watthana & Schuit.",Orchidaceae,Chiloschista,breviseta,Species,,,3312975,77351467-1,,<NA>,(2024),Taiwania,Thailand,unambiguous_accepted,wcvp,"{""climate_description"": ""wet tropical"", ""lifeform_description"": ""epiphytic subshrub"", ""volume_and_page"": ""69: 450""}"
Chiloschista eckhardii,wcvp,0,,,"Chiloschista eckhardii Vuong, Aver., V.C.Nguyen, Wojtas & Q.T.Truong","Vuong, Aver., V.C.Nguyen, Wojtas & Q.T.Truong",Orchidaceae,Chiloschista,eckhardii,Species,,,3313287,77348035-1,,<NA>,(2024),Phytotaxa,China (Yunnan) to N. Indo-China,unambiguous_accepted,wcvp,"{""climate_description"": ""wet tropical"", ""lifeform_description"": ""epiphytic subshrub"", ""volume_and_page"": ""664: 140""}"
Chiloschista gelephuense,wfo,0,,,Chiloschista gelephuense C.Gyeltshen & Dalström,C.Gyeltshen & Dalström,Orchidaceae,Chiloschista,gelephuense,species,,,,,wfo-1000031322,,Lankesteriana 19: 25 (2019),,,unambiguous_accepted,wfo,"{""majorGroup"": ""A"", ""references"": ""https://powo.science.kew.org/taxon/urn:lsid:ipni.org:names:77200513-1"", ""source"": ""World Checklist of Vascular Plants. Facilitated by the Royal Botanic Gardens, Kew."", ""wfo_nomenclatural_status"": ""Valid""}"
Chiloschista gelephuensis,wcvp,0,,,Chiloschista gelephuensis C.Gyeltshen & Dalström,C.Gyeltshen & Dalström,Orchidaceae,Chiloschista,gelephuensis,Species,,,533324,77200513-1,,<NA>,(2019),Lankesteriana,Bhutan,unambiguous_accepted,wcvp,"{""climate_description"": ""wet tropical"", ""lifeform_description"": ""epiphyte"", ""volume_and_page"": ""19: 25""}"
Chiloschista quangdangii,wcvp,0,,,Chiloschista quangdangii Vuong & Aver.,Vuong & Aver.,Orchidaceae,Chiloschista,quangdangii,Species,,,3302395,77324372-1,,<NA>,(2023),Phytotaxa,Vietnam,unambiguous_accepted,wcvp,"{""climate_description"": ""wet tropical"", ""lifeform_description"": ""epiphytic subshrub"", ""volume_and_page"": ""606: 80""}"
Chiloschista shanica,wcvp,0,,,"Chiloschista shanica Wojtas, C.Bandara & Kumar","Wojtas, C.Bandara & Kumar",Orchidaceae,Chiloschista,shanica,Species,,,3302899,77326243-1,,<NA>,(2023),Phytotaxa,N. Myanmar,unambiguous_accepted,wcvp,"{""climate_description"": ""wet tropical"", ""lifeform_description"": ""epiphytic subshrub"", ""volume_and_page"": ""612: 58""}"
Chloraea collina,wcvp,1,Asarca collina,Asarca collina [Homotypic; wcvp],Chloraea collina Phil.,Phil.,Orchidaceae,Asarca,collina,Species,,,16481,617172-1,,39310,(1891),Revis. Gen. Pl.,,unambiguous_accepted,wcvp,"{""volume_and_page"": ""2: 652""}"
Chondroscaphe padreortizii,wcvp,0,,,"Chondroscaphe padreortizii Uribe Vélez, Sauleda & Szlach.","Uribe Vélez, Sauleda & Szlach.",Orchidaceae,Chondroscaphe,padreortizii,Species,,,3302947,77325270-1,,<NA>,(2022),New World Orchid. Nomencl. Notes,Colombia,unambiguous_accepted,wcvp,"{""climate_description"": ""wet tropical"", ""lifeform_description"": ""pseudobulbous epiphyte"", ""volume_and_page"": ""113: 1""}"
Chysis chelsonii,wcvp,0,,,Chysis × chelsonii Rchb.f.,Rchb.f.,Orchidaceae,Chysis,chelsonii,Species,,,40377,623114-1,,<NA>,(1874),Gard. Chron.,,unambiguous_accepted,wcvp,"{""hybrid"": true, ""volume_and_page"": "", n.s., 1: 585""}"
Cischweinfia gersonii,wcvp,0,,,"Cischweinfia gersonii Pupulin, Bogarín & Karremans","Pupulin, Bogarín & Karremans",Orchidaceae,Cischweinfia,gersonii,Species,,,3313654,77354486-1,,<NA>,(2020),Orquideologia,Costa Rica,unambiguous_accepted,wcvp,"{""climate_description"": ""wet tropical"", ""lifeform_description"": ""pseudobulbous epiphyte"", ""volume_and_page"": ""37: 6""}"
Cischweinﬁa parva,cites_pdf,0,,,Cischweinﬁa parva (C.Schweinf.) Dressler & N.H.Williams,(C.Schweinf.) Dressler & N.H.Williams,Orchidaceae,Miltonia,parva,,,,,,,,,,,unambiguous_accepted,cites_pdf,"{""accepted_genus"": ""Cischweinﬁa"", ""page"": 427, ""y"": 347.5}"
Claderia leontocampus,wcvp,0,,,Claderia leontocampus Niissalo,Niissalo,Orchidaceae,Claderia,leontocampus,Species,,,3302906,77326467-1,,<NA>,(2023),Gard. Bull. Singapore,Malaya to Sumatera,unambiguous_accepted,wcvp,"{""climate_description"": ""wet tropical"", ""lifeform_description"": ""epiphyte"", ""volume_and_page"": ""75: 30""}"
Cleisomeria lanata,wcvp,0,,,Cleisomeria lanata (Lindl.) Lindl. ex G.Don,(Lindl.) Lindl. ex G.Don,Orchidaceae,Gastrochilus,lanatus,Species,,,88707,635441-1,,41878,(1891),Revis. Gen. Pl.,Bangladesh to W. Malesia,unambiguous_accepted,wcvp,"{""volume_and_page"": ""2: 661""}"
Cleisomeria pilosula,wcvp,0,,,Cleisomeria pilosula (Gagnep.) Seidenf. & Garay,(Gagnep.) Seidenf. & Garay,Orchidaceae,Saccolabium,pilosulum,Species,,,181558,656142-1,,41920,(1951),Acta Phytotax. Sin.,Assam (Manipur) to Indo-China,unambiguous_accepted,wcvp,"{""volume_and_page"": ""1: 97""}"
Cleisostoma lendyana,wfo,0,,,Cleisostoma lendyana (Rchb.f.) Garay,(Rchb.f.) Garay,Orchidaceae,Sarcanthus,lendyanus,species,,,,,wfo-0000303237,,"Gard. Chron., n.s., 21: 44 (1884)",,,unambiguous_accepted,wfo,"{""majorGroup"": ""A"", ""references"": ""https://powo.science.kew.org/taxon/urn:lsid:ipni.org:names:656373-1"", ""source"": ""World Checklist of Vascular Plants. Facilitated by the Royal Botanic Gardens, Kew."", ""taxonRemarks"": ""Source in seed data: wcs Update namepublishedIn from Gard. Chron. n.s., 21: 44. 1884 to Gard. Chron. , n.s., 21: 44 (1884), information provided by Alan E. on email Jun. 07 2021 More details could be found in <a href=http://www.theplantlist.org/tpl1.1/re"", ""tplId"": ""kew-184742"", ""wfo_nomenclatural_status"": ""Valid""}"
Cleisostoma mulunense,wcvp,0,,,Cleisostoma mulunense Ying Qin & Yan Liu,Ying Qin & Yan Liu,Orchidaceae,Cleisostoma,mulunense,Species,,,3302755,77327784-1,,<NA>,(2023),Phytotaxa,China (Guangxi),unambiguous_accepted,wcvp,"{""climate_description"": ""subtropical"", ""lifeform_description"": ""epiphytic subshrub"", ""volume_and_page"": ""616: 295""}"
Cleisostoma nieuwenhuissii,wfo,0,,,Cleisostoma nieuwenhuissii (J.J.Sm.) Garay,(J.J.Sm.) Garay,Orchidaceae,Sarcanthus,inflexilobus,species,,,,,wfo-0000303221,,Gard. Bull. Singapore 11: 288 (1947),,,unambiguous_accepted,wfo,"{""majorGroup"": ""A"", ""references"": ""https://powo.science.kew.org/taxon/urn:lsid:ipni.org:names:656359-1"", ""source"": ""World Checklist of Vascular Plants. Facilitated by the Royal Botanic Gardens, Kew."", ""taxonRemarks"": ""Source in seed data: wcs Update namepublishedIn from Gard. Bull. Singapore 11: 288. 1947 to Gard. Bull. Singapore 11: 288 (1947), information provided by Alan E. on email Jun. 07 2021 More details could be found in <a href=http://www.theplantlist.org/tpl"", ""tplId"": ""kew-184728"", ""wfo_nomenclatural_status"": ""Valid""}"
Cleisostoma simondii var. simondii,cites_pdf,0,,,Cleisostoma simondii var. simondii,,Orchidaceae,Vanda,teretifolia,,,,,,,,,,,unambiguous_accepted,cites_pdf,"{""accepted_genus"": ""Cleisostoma"", ""page"": 509, ""y"": 754.0}"
Cleistes grandiﬂora (Aubl.) Schltr.,cites_pdf,1,Cymbidium grandiﬂorum (Aubl.) Sw.,Cymbidium grandiﬂorum (Aubl.) Sw. [Unknown; cites_pdf],Cleistes grandiﬂora (Aubl.) Schltr.,,Orchidaceae,Cymbidium,grandiﬂorum,,,,,,,,,,,unambiguous_accepted,cites_pdf,"{""accepted_genus"": ""Cleistes"", ""page"": 221, ""y"": 574.6}"
Cleistesiopsis ochlockneensis,wcvp,1,Cleistes ochlockoneensis,Cleistes ochlockoneensis [Nomenclatural; wcvp],Cleistesiopsis × ochlockneensis P.M.Br.,P.M.Br.,Orchidaceae,Cleistes,ochlockoneensis,Species,,,456878,60453089-2,,<NA>,(2004 publ. 2005),N. Amer. Native Orchid J.,,unambiguous_accepted,wcvp,"{""climate_description"": ""subtropical"", ""hybrid"": true, ""lifeform_description"": ""tuberous geophyte"", ""nomenclatural_remarks"": "", without diagnostic descr."", ""volume_and_page"": ""10: 22""}"
Cochleanthes ﬂabelliformis (Sw.) R.E.Schult. & Garay,cites_pdf,1,Cymbidium ﬂabelliforme (Sw.) Sw.,Cymbidium ﬂabelliforme (Sw.) Sw. [Unknown; cites_pdf],Cochleanthes ﬂabelliformis (Sw.) R.E.Schult. & Garay,,Orchidaceae,Cymbidium,ﬂabelliforme,,,,,,,,,,,unambiguous_accepted,cites_pdf,"{""accepted_genus"": ""Cochleanthes"", ""page"": 220, ""y"": 514.9}"
Coelogyne albomarginata,wcvp,0,,,"Coelogyne albomarginata Yudistira, Schuit. & J.Champ.","Yudistira, Schuit. & J.Champ.",Orchidaceae,Coelogyne,albomarginata,Species,,,3313058,77352576-1,,<NA>,(2024),Malesian Orchid J.,Sumatera,unambiguous_accepted,wcvp,"{""climate_description"": ""wet tropical"", ""lifeform_description"": ""pseudobulbous epiphyte"", ""volume_and_page"": ""27: 5""}"
Coelogyne burfordiensis,wcvp,0,,,Coelogyne × burfordiensis T.Lawr.,T.Lawr.,Orchidaceae,Coelogyne,burfordiensis,Species,,,3285923,<NA>,,<NA>,(1912),J. Roy. Hort. Soc.,,unambiguous_accepted,wcvp,"{""hybrid"": true, ""volume_and_page"": ""37: cli""}"
Coelogyne chen-tsii,wcvp,0,,,Coelogyne chen-tsii R.Rice,R.Rice,Orchidaceae,Pholidota,longipes,Species,,,152787,902758-1,,<NA>,(1983),Acta Phytotax. Sin.,China (SE. Yunnan) to N. Vietnam,unambiguous_accepted,wcvp,"{""climate_description"": ""subtropical"", ""lifeform_description"": ""pseudobulbous lithophyte"", ""volume_and_page"": ""21: 346""}"
Coelogyne chentsii,wfo,0,,,Coelogyne chentsii R.Rice,R.Rice,Orchidaceae,Pholidota,longipes,species,,,,,wfo-0000269891,,Acta Phytotax. Sin. 21: 346 (1983),,,unambiguous_accepted,wfo,"{""majorGroup"": ""A"", ""references"": ""https://powo.science.kew.org/taxon/urn:lsid:ipni.org:names:902758-1"", ""source"": ""World Checklist of Vascular Plants. Facilitated by the Royal Botanic Gardens, Kew."", ""taxonRemarks"": ""Source in seed data: wcs Update namepublishedIn from Acta Phytotax. Sin. 21(3): 346. 1983 [18 Aug 1983] to Acta Phytotax. Sin. 21: 346 (1983), information provided by Alan E. on email Jun. 07 2021 More details could be found in <a href=http://www.theplan"", ""tplId"": ""kew-152787"", ""wfo_nomenclatural_status"": ""Valid""}"
Coelogyne flos-susannae,wcvp,0,,,Coelogyne flos-susannae (J.J.Wood) M.W.Chase & Schuit.,(J.J.Wood) M.W.Chase & Schuit.,Orchidaceae,Coelogyne,flos-susannae,Species,,,546628,77220457-1,,59667,(2021),Phytotaxa,Borneo (Sarawak),unambiguous_accepted,wcvp,"{""climate_description"": ""wet tropical"", ""lifeform_description"": ""pseudobulbous epiphyte"", ""volume_and_page"": ""510: 111""}"
Coelogyne flossusannae,wfo,0,,,Coelogyne flossusannae (J.J.Wood) M.W.Chase & Schuit.,(J.J.Wood) M.W.Chase & Schuit.,Orchidaceae,Dendrochilum,flos-susannae,species,,,,,wfo-0000941202,,Orchid Rev. 105: 142 (1997),,,unambiguous_accepted,wfo,"{""majorGroup"": ""A"", ""references"": ""https://powo.science.kew.org/taxon/urn:lsid:ipni.org:names:995127-1"", ""source"": ""World Checklist of Vascular Plants. Facilitated by the Royal Botanic Gardens, Kew."", ""taxonRemarks"": ""Source in seed data: wcs Update namepublishedIn from Orchid Rev. 105(1215): 142 (1997). to Orchid Rev. 105: 142 (1997), information provided by Alan E. on email Jun. 07 2021 More details could be found in <a href=http://www.theplantlist.org/tpl1.1/record"", ""tplId"": ""kew-59667"", ""wfo_nomenclatural_status"": ""Valid""}"
Coelogyne foerstermanni,wfo,0,,,Coelogyne foerstermanni Rchb.f.,Rchb.f.,Orchidaceae,Pleione,foerstermannii,species,,,,,wfo-0000276389,,Revis. Gen. Pl. 2: 680 (1891),,,unambiguous_accepted,wfo,"{""majorGroup"": ""A"", ""originalNameUsageID"": ""wfo-0000907862"", ""references"": ""https://powo.science.kew.org/taxon/urn:lsid:ipni.org:names:652157-1"", ""source"": ""World Checklist of Vascular Plants. Facilitated by the Royal Botanic Gardens, Kew."", ""taxonRemarks"": ""Source in seed data: wcs Updated scientificnameAuthorship from (Rchb.f.) Kuntze to Kuntze, information provided by Alan E. on email Oct. 12 2020 More details could be found in <a href=http://www.theplantlist.org/tpl1.1/record/kew-159038 >The Plant List v"", ""tplId"": ""kew-159038"", ""wfo_nomenclatural_status"": ""Valid""}"
Coelogyne genuﬂexa Ames & C.Schweinf.,cites_pdf,1,Coelogyne reﬂexa J.J.Wood & C.L.Chan,Coelogyne reﬂexa J.J.Wood & C.L.Chan [Unknown; cites_pdf],Coelogyne genuﬂexa Ames & C.Schweinf.,,Orchidaceae,Coelogyne,reﬂexa,,,,,,,,,,,unambiguous_accepted,cites_pdf,"{""page"": 211, ""y"": 96.4}"
Coelogyne griﬃthii Hook.f.,cites_pdf,1,Pleione griﬃthii (Hook.f.) Kuntze,Pleione griﬃthii (Hook.f.) Kuntze [Unknown; cites_pdf],Coelogyne griﬃthii Hook.f.,,Orchidaceae,Pleione,griﬃthii,,,,,,,,,,,unambiguous_accepted,cites_pdf,"{""accepted_genus"": ""Coelogyne"", ""page"": 470, ""y"": 718.1}"
Coelogyne integerra,cites_csv,0,,,Coelogyne integerra Ames,Ames,Orchidaceae,Coelogyne,integerra,SPECIES,II,,,,,,,,Philippines,unambiguous_accepted,cites_csv,"{""All_DistributionISOCodes"": ""PH"", ""NativeDistributionFullNames"": ""Philippines""}"
Coelogyne johannis-winkleri,wcvp,0,,,Coelogyne johannis-winkleri (J.J.Sm.) M.W.Chase & Schuit.,(J.J.Sm.) M.W.Chase & Schuit.,Orchidaceae,Coelogyne,johannis-winkleri,Species,,,546509,77220504-1,,59715,(2021),Phytotaxa,W. Borneo,unambiguous_accepted,wcvp,"{""climate_description"": ""wet tropical"", ""lifeform_description"": ""pseudobulbous epiphyte"", ""volume_and_page"": ""510: 115""}"
Coelogyne johanniswinkleri,wfo,0,,,Coelogyne johanniswinkleri (J.J.Sm.) M.W.Chase & Schuit.,(J.J.Sm.) M.W.Chase & Schuit.,Orchidaceae,Dendrochilum,johannis-winkleri,species,,,,,wfo-0000941254,,Mitt. Inst. Allg. Bot. Hamburg 7: 36 (1927),,,unambiguous_accepted,wfo,"{""majorGroup"": ""A"", ""references"": ""https://powo.science.kew.org/taxon/urn:lsid:ipni.org:names:629108-1"", ""source"": ""World Checklist of Vascular Plants. Facilitated by the Royal Botanic Gardens, Kew."", ""taxonRemarks"": ""Source in seed data: wcs Update namepublishedIn from Mitt. Inst. Bot. Hamburg vii. 36 (1927). to Mitt. Inst. Allg. Bot. Hamburg 7: 36 (1927), information provided by Alan E. on email Jun. 07 2021 More details could be found in <a href=http://www.theplant"", ""tplId"": ""kew-59715"", ""wfo_nomenclatural_status"": ""Valid""}"
Coelogyne laetitia-reginae,wcvp,0,,,Coelogyne laetitia-reginae (de Vogel) M.W.Chase & Schuit.,(de Vogel) M.W.Chase & Schuit.,Orchidaceae,Chelonistele,laetitia-reginae,Species,,,38841,989502-1,,<NA>,(1996),Blumea,Borneo (Sarawak),unambiguous_accepted,wcvp,"{""climate_description"": ""wet tropical"", ""lifeform_description"": ""pseudobulbous epiphyte"", ""volume_and_page"": ""41: 23""}"
Coelogyne laetitiareginae,wfo,0,,,Coelogyne laetitiareginae (de Vogel) M.W.Chase & Schuit.,(de Vogel) M.W.Chase & Schuit.,Orchidaceae,Chelonistele,laetitia-reginae,species,,,,,wfo-0000842438,,Blumea 41: 23 (1996),,,unambiguous_accepted,wfo,"{""majorGroup"": ""A"", ""references"": ""https://powo.science.kew.org/taxon/urn:lsid:ipni.org:names:989502-1"", ""source"": ""World Checklist of Vascular Plants. Facilitated by the Royal Botanic Gardens, Kew."", ""taxonRemarks"": ""Source in seed data: wcs Update namepublishedIn from Blumea 41(1): 23 (1996). to Blumea 41: 23 (1996), information provided by Alan E. on email Jun. 07 2021 More details could be found in <a href=http://www.theplantlist.org/tpl1.1/record/kew-38841 >The P"", ""tplId"": ""kew-38841"", ""wfo_nomenclatural_status"": ""Valid""}"
Coelogyne lecongkietii,wcvp,0,,,"Coelogyne lecongkietii Vuong, Aver. & Q.T.Truong","Vuong, Aver. & Q.T.Truong",Orchidaceae,Coelogyne,lecongkietii,Species,,,3302652,77311839-1,,<NA>,(2023),Kew Bull.,Vietnam,unambiguous_accepted,wcvp,"{""climate_description"": ""wet tropical"", ""volume_and_page"": ""78: 197""}"
Coelogyne lucbanense,wfo,1,Acoridium lucbanense,Acoridium lucbanense [Unknown; wfo],Coelogyne lucbanense (Ames) M.W.Chase & Schuit.,(Ames) M.W.Chase & Schuit.,Orchidaceae,Acoridium,longibulbum,species,,,,,wfo-0000344112,,Orchidaceae 7: 81 (1922),,,unambiguous_accepted,wfo,"{""majorGroup"": ""A"", ""originalNameUsageID"": ""wfo-0000941286"", ""references"": ""https://powo.science.kew.org/taxon/urn:lsid:ipni.org:names:614777-1"", ""source"": ""World Checklist of Vascular Plants. Facilitated by the Royal Botanic Gardens, Kew."", ""taxonRemarks"": ""Source in seed data: wcs Updated scientificnameAuthorship from (Ames) Ames to Ames, information provided by Alan E. on email Oct. 12 2020 More details could be found in <a href=http://www.theplantlist.org/tpl1.1/record/kew-2242 >The Plant List v.1.1.</a>"", ""tplId"": ""kew-2242"", ""wfo_nomenclatural_status"": ""Valid""}"
Coelogyne lucbanensis,wcvp,1,Acoridium luchanense,Acoridium luchanense [Homotypic; wcvp],Coelogyne lucbanensis (Ames) M.W.Chase & Schuit.,(Ames) M.W.Chase & Schuit.,Orchidaceae,Acoridium,longibulbum,Species,,,2242,614777-1,,59745,(1922),Orchidaceae,Philippines (Luzon),unambiguous_accepted,wcvp,"{""volume_and_page"": ""7: 81""}"
Coelogyne maximae-reginae,wcvp,0,,,"Coelogyne maximae-reginae (de Vogel, Vugt, M.Perry, E.Winkel & Hoogend.) R.Rice","(de Vogel, Vugt, M.Perry, E.Winkel & Hoogend.) R.Rice",Orchidaceae,Chelonistele,maximae-reginae,Species,,,489582,77131110-1,,<NA>,(2013),Malesian Orchid J.,Borneo (Sabah),unambiguous_accepted,wcvp,"{""climate_description"": ""wet tropical"", ""lifeform_description"": ""pseudobulbous epiphyte"", ""volume_and_page"": ""12: 6""}"
Coelogyne maximaereginae,wfo,0,,,"Coelogyne maximaereginae (de Vogel, Vugt, M.Perry, E.Winkel & Hoogend.) R.Rice","(de Vogel, Vugt, M.Perry, E.Winkel & Hoogend.) R.Rice",Orchidaceae,Chelonistele,maximae-reginae,species,,,,,wfo-0001336678,,Malesian Orchid J. 12: 6 (2013),,,unambiguous_accepted,wfo,"{""majorGroup"": ""A"", ""references"": ""https://powo.science.kew.org/taxon/urn:lsid:ipni.org:names:77131110-1"", ""source"": ""World Checklist of Vascular Plants. Facilitated by the Royal Botanic Gardens, Kew."", ""taxonRemarks"": ""Source in seed data: ipni Update namepublishedIn from Malesian Orchid J. 12: 6. 2013 [28 Jun 2013] to Malesian Orchid J. 12: 6 (2013), information provided by Alan E. on email Jun. 07 2021"", ""wfo_nomenclatural_status"": ""Valid""}"
Coelogyne odoardi,wcvp,0,,,Coelogyne odoardi Schltr.,Schltr.,Orchidaceae,Coelogyne,odoardi,Species,,,45180,623971-1,,<NA>,(1921),Notizbl. Bot. Gart. Berlin-Dahlem,N. & NW. Borneo,unambiguous_accepted,wcvp,"{""climate_description"": ""wet tropical"", ""lifeform_description"": ""pseudobulbous epiphyte"", ""volume_and_page"": ""8: 14""}"
Coelogyne pallide-flavens,wcvp,1,Dendrochilum pallide-flavens,Dendrochilum pallide-flavens [Homotypic; wcvp],Coelogyne pallide-flavens (Blume) M.W.Chase & Schuit.,(Blume) M.W.Chase & Schuit.,Orchidaceae,Coelogyne,pallide-flavens,Species,,,546671,77220590-1,,59810,(2021),Phytotaxa,Indo-China to W. & C. Malesia; S. Indo-China to W. & C. Malesia; Borneo (Sarawak); Borneo (Brunei),unambiguous_accepted,wcvp,"{""climate_description"": ""wet tropical"", ""lifeform_description"": ""pseudobulbous epiphyte"", ""volume_and_page"": ""510: 121""}"
Coelogyne pallidiflavens,wfo,0,,,Coelogyne pallidiflavens var. brevilabrata (Rendle) M.W.Chase & Schuit.,(Rendle) M.W.Chase & Schuit.,Orchidaceae,Platyclinis,brevilabrata,species,,,,,wfo-0000274845,,J. Bot. 39: 173 (1901),,,unambiguous_accepted,wfo,"{""majorGroup"": ""A"", ""references"": ""https://powo.science.kew.org/taxon/urn:lsid:ipni.org:names:651956-1"", ""source"": ""World Checklist of Vascular Plants. Facilitated by the Royal Botanic Gardens, Kew."", ""taxonRemarks"": ""Source in seed data: wcs Update namepublishedIn from J. Bot. 39: 173. 1901 to J. Bot. 39: 173 (1901), information provided by Alan E. on email Jun. 07 2021 More details could be found in <a href=http://www.theplantlist.org/tpl1.1/record/kew-157517 >The P"", ""tplId"": ""kew-157517"", ""wfo_nomenclatural_status"": ""Valid""}"
Coelogyne phitamii,wcvp,0,,,Coelogyne phitamii Aver. & K.S.Nguyen,Aver. & K.S.Nguyen,Orchidaceae,Coelogyne,phitamii,Species,,,3303076,77319208-1,,<NA>,(2023),Phytotaxa,"Sikkim, NW. Thailand, Vietnam",unambiguous_accepted,wcvp,"{""climate_description"": ""wet tropical"", ""lifeform_description"": ""pseudobulbous epiphyte"", ""volume_and_page"": ""597: 89""}"
Coelogyne radicosus,wfo,0,,,Coelogyne radicosus Ridl.,Ridl.,Orchidaceae,Coelogyne,carnea,species,,,,,wfo-0000907131,,Fl. Brit. India 5: 838 (1890),,,unambiguous_accepted,wfo,"{""majorGroup"": ""A"", ""references"": ""https://powo.science.kew.org/taxon/urn:lsid:ipni.org:names:623800-1"", ""source"": ""World Checklist of Vascular Plants. Facilitated by the Royal Botanic Gardens, Kew."", ""taxonRemarks"": ""Source in seed data: wcs Update namepublishedIn from Fl. Brit. India [J. D. Hooker] 5(16): 838. 1890 [Apr 1890] to Fl. Brit. India 5: 838 (1890), information provided by Alan E. on email Jun. 07 2021 Illegitimate"", ""tplId"": ""kew-44977"", ""wfo_nomenclatural_status"": ""Illegitimate""}"
Coelogyne rochusseni,wfo,1,Coelogyne steffensii,Coelogyne steffensii [Unknown; wfo],Coelogyne rochusseni de Vriese,de Vriese,Orchidaceae,Pleione,macrobulbon,species,,,,,wfo-0000276432,,Revis. Gen. Pl. 2: 680 (1891),,,unambiguous_accepted,wfo,"{""majorGroup"": ""A"", ""originalNameUsageID"": ""wfo-0000908433"", ""references"": ""https://powo.science.kew.org/taxon/urn:lsid:ipni.org:names:652184-1"", ""source"": ""World Checklist of Vascular Plants. Facilitated by the Royal Botanic Gardens, Kew."", ""taxonRemarks"": ""Source in seed data: wcs Updated scientificnameAuthorship from (Hook.f.) Kuntze to Kuntze, information provided by Alan E. on email Oct. 12 2020 More details could be found in <a href=http://www.theplantlist.org/tpl1.1/record/kew-159077 >The Plant List v"", ""tplId"": ""kew-159077"", ""wfo_nomenclatural_status"": ""Valid""}"
Coelogyne sagittata,wcvp,1,Panisea sagittata,Panisea sagittata [Homotypic; wcvp],"Coelogyne sagittata (T.C.Hsu, H.C.Hung & Luu) R.Kr.Singh & Sanjeet Kumar","(T.C.Hsu, H.C.Hung & Luu) R.Kr.Singh & Sanjeet Kumar",Orchidaceae,Coelogyne,sagittata,Species,,,3312860,77350092-1,,539086,(2024),J. Biodivers. Conservation,Vietnam,unambiguous_accepted,wcvp,"{""climate_description"": ""wet tropical"", ""lifeform_description"": ""pseudobulbous epiphyte"", ""volume_and_page"": ""8(4): 88""}"
Coelogyne sarrasinorum,wfo,0,,,Coelogyne sarrasinorum Kraenzl.,Kraenzl.,Orchidaceae,Coelogyne,sarrasinorum,species,,,,,wfo-0000909234,,"Pflanzenr., IV, 50 II B 7: 29 (1907)",,,unambiguous_accepted,wfo,"{""majorGroup"": ""A"", ""references"": ""https://powo.science.kew.org/taxon/urn:lsid:ipni.org:names:624045-1"", ""source"": ""World Checklist of Vascular Plants. Facilitated by the Royal Botanic Gardens, Kew."", ""taxonRemarks"": ""Source in seed data: wcs Update namepublishedIn from Pflanzenr. (Engler) Orch.-Coelog. 29 (1907). to Pflanzenr. , IV, 50 II B 7: 29 (1907), information provided by Alan E. on email Jun. 07 2021 More details could be found in <a href=http://www.theplantli"", ""tplId"": ""kew-45267"", ""wfo_nomenclatural_status"": ""Valid""}"
Coelogyne speciosa subsp. incarnata,cites_pdf,2,"Coelogyne speciosa var. incarnata, Coelogyne speciosa var. major","Coelogyne speciosa var. incarnata [Unknown; cites_pdf], Coelogyne speciosa var. major [Unknown; cites_pdf]",Coelogyne speciosa subsp. incarnata Gravend.,Gravend.,Orchidaceae,Coelogyne,speciosa,,,,,,,,,,,unambiguous_accepted,cites_pdf,"{""page"": 211, ""y"": 754.0}"
Coelogyne speciosa subsp. speciosa,cites_pdf,3,"Coelogyne speciosa var. alba, Coelogyne speciosa var. albicans, Coelogyne speciosa var. rubiginosa","Coelogyne speciosa var. alba [Unknown; cites_pdf], Coelogyne speciosa var. albicans [Unknown; cites_pdf], Coelogyne speciosa var. rubiginosa [Unknown; cites_pdf]",Coelogyne speciosa subsp. speciosa,,Orchidaceae,Coelogyne,speciosa,,,,,,,,,,,unambiguous_accepted,cites_pdf,"{""page"": 211, ""y"": 658.3}"
Coelogyne speciosa subsp. ﬁmbriata,cites_pdf,1,Coelogyne speciosa var. ﬁmbriata,Coelogyne speciosa var. ﬁmbriata [Unknown; cites_pdf],Coelogyne speciosa subsp. ﬁmbriata (J.J.Sm.) Gravend.,(J.J.Sm.) Gravend.,Orchidaceae,Coelogyne,speciosa,,,,,,,,,,,unambiguous_accepted,cites_pdf,"{""page"": 211, ""y"": 718.1}"
Coelogyne spinifera,wcvp,0,,,"Coelogyne spinifera Yudistira, Schuit. & J.Champ.","Yudistira, Schuit. & J.Champ.",Orchidaceae,Coelogyne,spinifera,Species,,,3313088,77352578-1,,<NA>,(2024),Malesian Orchid J.,Maluku,unambiguous_accepted,wcvp,"{""climate_description"": ""wet tropical"", ""lifeform_description"": ""pseudobulbous epiphyte"", ""volume_and_page"": ""27: 11""}"
Coelogyne tripurensis,wcvp,0,,,Coelogyne tripurensis Adit,Adit,Orchidaceae,Coelogyne,tripurensis,Species,,,3313674,77349938-1,,<NA>,(2024),Phytotaxa,Assam (Tripura),unambiguous_accepted,wcvp,"{""climate_description"": ""wet tropical"", ""lifeform_description"": ""pseudobulbous epiphyte"", ""volume_and_page"": ""668: 92""}"
Coelogyne ﬁlipeda Gagnep.,cites_pdf,0,,,Coelogyne ﬁlipeda Gagnep.,,Orchidaceae,Coelogyne,longiana,,,,,,,,,,,unambiguous_accepted,cites_pdf,"{""page"": 208, ""y"": 275.7}"
Coelogyne ﬁmbriata Lindl.,cites_pdf,1,Pleione ﬁmbriata (Lindl.) Kuntze.,Pleione ﬁmbriata (Lindl.) Kuntze. [Unknown; cites_pdf],Coelogyne ﬁmbriata Lindl.,,Orchidaceae,Pleione,ﬁmbriata,,,,,,,,,,,unambiguous_accepted,cites_pdf,"{""accepted_genus"": ""Coelogyne"", ""page"": 470, ""y"": 467.0}"
Coelogyne ﬁmbriata var. leungiana (S.Y.Hu) P.J.Cribb & S.W.Gale,cites_pdf,0,,,Coelogyne ﬁmbriata var. leungiana (S.Y.Hu) P.J.Cribb & S.W.Gale,,Orchidaceae,Coelogyne,leungiana,,,,,,,,,,,unambiguous_accepted,cites_pdf,"{""page"": 208, ""y"": 180.1}"
Coelogyne ﬁmbriata var. ﬁmbriata,cites_pdf,3,"Coelogyne ﬁmbriata var. acuminata Regel, Coelogyne ﬁmbriata var. annamica Finet ex Gagnep., Coelogyne ﬁmbriata var. primulina (Barretto) Roeth.","Coelogyne ﬁmbriata var. acuminata Regel [Unknown; cites_pdf], Coelogyne ﬁmbriata var. annamica Finet ex Gagnep. [Unknown; cites_pdf], Coelogyne ﬁmbriata var. primulina (Barretto) Roeth. [Unknown; cites_pdf]",Coelogyne ﬁmbriata var. ﬁmbriata,,Orchidaceae,Broughtonia,linearis,,,,,,,,,,,unambiguous_accepted,cites_pdf,"{""accepted_genus"": ""Coelogyne"", ""page"": 58, ""y"": 634.4}"
Coelogyne ﬂaccida Lindl.,cites_pdf,3,"Coelogyne huettneriana var. lactea, Coelogyne ﬂaccida var. longiracemosa Roeth, Pleione ﬂaccida (Lindl.) Kuntze","Coelogyne huettneriana var. lactea [Unknown; cites_pdf], Coelogyne ﬂaccida var. longiracemosa Roeth [Unknown; cites_pdf], Pleione ﬂaccida (Lindl.) Kuntze [Unknown; cites_pdf]",Coelogyne ﬂaccida Lindl.,,Orchidaceae,Coelogyne,esquirolii,,,,,,,,,,,unambiguous_accepted,cites_pdf,"{""page"": 206, ""y"": 311.6}"
Coelogyne ﬂexuosa Rolfe,cites_pdf,1,Ptychogyne ﬂexuosa (Rolfe) Pﬁtzer,Ptychogyne ﬂexuosa (Rolfe) Pﬁtzer [Unknown; cites_pdf],Coelogyne ﬂexuosa Rolfe,,Orchidaceae,Coelogyne,bimaculata,,,,,,,,,,,unambiguous_accepted,cites_pdf,"{""page"": 204, ""y"": 419.2}"
Coeloplatanthera brueggeri,wcvp,1,Dactylanthera brueggeri,Dactylanthera brueggeri [Nomenclatural; wcvp],× Coeloplatanthera brueggeri Cif. & Giacom.,Cif. & Giacom.,Orchidaceae,Dactylanthera,brueggeri,Species,,,472236,77118756-1,,472144,(2012),Bull. Soc. Bot. Centre-Ouest,,unambiguous_accepted,wcvp,"{""hybrid"": true, ""nomenclatural_remarks"": "", basionym not validly publ."", ""volume_and_page"": ""42: 271""}"
Comparettia coccinea var. coccinea,cites_pdf,0,,,Comparettia coccinea var. coccinea,,Orchidaceae,Comparettia,peruviana,,,,,,,,,,,unambiguous_accepted,cites_pdf,"{""page"": 215, ""y"": 586.6}"
Comparettia crucirornibus,wfo,0,,,"Comparettia crucirornibus (Senghas, D.E.Benn. & Christenson) M.W.Chase & N.H.Williams","(Senghas, D.E.Benn. & Christenson) M.W.Chase & N.H.Williams",Orchidaceae,Scelochilus,crucicornibus,species,,,,,wfo-0000305464,,Brittonia 50: 183 (1998),,,unambiguous_accepted,wfo,"{""majorGroup"": ""A"", ""references"": ""https://powo.science.kew.org/taxon/urn:lsid:ipni.org:names:315926-2"", ""source"": ""World Checklist of Vascular Plants. Facilitated by the Royal Botanic Gardens, Kew."", ""taxonRemarks"": ""Source in seed data: wcs Updated namepublishedIn from Brittonia 50: 183 1998 to Brittonia 50(2): 183. 1998 , information provided by Alan E. on email Oct. 12 2020 More details could be found in <a href=http://www.theplantlist.org/tpl1.1/record/kew-186839"", ""tplId"": ""kew-186839"", ""wfo_nomenclatural_status"": ""Valid""}"
Comparettia falcata var. falcata,cites_pdf,2,"Comparettia falcata f. alba, Orchis pauciﬂora Sess´e & Moc.","Comparettia falcata f. alba [Unknown; cites_pdf], Orchis pauciﬂora Sess´e & Moc. [Unknown; cites_pdf]",Comparettia falcata var. falcata,,Orchidaceae,Comparettia,cryptocera,,,,,,,,,,,unambiguous_accepted,cites_pdf,"{""page"": 214, ""y"": 287.7}"
Comparettia falcata var. paulensis,cites_pdf,0,,,Comparettia falcata var. paulensis (Cogn.) I.Bock,(Cogn.) I.Bock,Orchidaceae,Comparettia,paulensis,,,,,,,,,,,unambiguous_accepted,cites_pdf,"{""page"": 215, ""y"": 538.8}"
Comparettia markgraﬁi (Friedrich) M.W.Chase & N.H.Williams,cites_pdf,2,"Neokoehleria markgraﬁi Friedrich, Scelochilus markgraﬁi (Friedrich) Dodson & M.W.Chase","Neokoehleria markgraﬁi Friedrich [Unknown; cites_pdf], Scelochilus markgraﬁi (Friedrich) Dodson & M.W.Chase [Unknown; cites_pdf]",Comparettia markgraﬁi (Friedrich) M.W.Chase & N.H.Williams,,Orchidaceae,Neokoehleria,markgraﬁi,,,,,,,,,,,unambiguous_accepted,cites_pdf,"{""accepted_genus"": ""Comparettia"", ""page"": 433, ""y"": 550.7}"
Comparettia pacensia,wfo,0,,,Comparettia pacensia (Senghas & Leferenz) M.W.Chase & N.H.Williams,(Senghas & Leferenz) M.W.Chase & N.H.Williams,Orchidaceae,Comparettia,pacensia,species,,,,,wfo-0001035275,,Lindleyana 21(3): 29 (2008),,,unambiguous_accepted,wfo,"{""majorGroup"": ""A"", ""originalNameUsageID"": ""wfo-0000305492"", ""references"": ""https://powo.science.kew.org/taxon/urn:lsid:ipni.org:names:77102046-1"", ""source"": ""World Checklist of Vascular Plants. Facilitated by the Royal Botanic Gardens, Kew."", ""taxonRemarks"": ""Source in seed data: tro Update namepublishedIn from Lindleyana 21(3): 29 2008 to Lindleyana 21(3): 29 (2008), information provided by Alan E. on email Jun. 07 2021 More details could be found in <a href=http://www.theplantlist.org/tpl1.1/record/tro-1003"", ""tplId"": ""tro-100354746"", ""wfo_nomenclatural_status"": ""Valid""}"
Comparettia penduliﬂora (Senghas & Thiv) M.W.Chase & N.H.Williams,cites_pdf,2,"Neokoehleria penduliﬂora Senghas & Thiv., Scelochilus penduliﬂorus (Senghas & Thiv) K¨oniger","Neokoehleria penduliﬂora Senghas & Thiv. [Unknown; cites_pdf], Scelochilus penduliﬂorus (Senghas & Thiv) K¨oniger [Unknown; cites_pdf]",Comparettia penduliﬂora (Senghas & Thiv) M.W.Chase & N.H.Williams,,Orchidaceae,Neokoehleria,penduliﬂora,,,,,,,,,,,unambiguous_accepted,cites_pdf,"{""accepted_genus"": ""Comparettia"", ""page"": 433, ""y"": 730.0}"
Comparettia rubriﬂora (Senghas) M.W.Chase & N.H.Williams,cites_pdf,1,Scelochilus rubriﬂorus Senghas.,Scelochilus rubriﬂorus Senghas. [Unknown; cites_pdf],Comparettia rubriﬂora (Senghas) M.W.Chase & N.H.Williams,,Orchidaceae,Scelochilus,rubriﬂorus,,,,,,,,,,,unambiguous_accepted,cites_pdf,"{""accepted_genus"": ""Comparettia"", ""page"": 488, ""y"": 132.3}"
Corallorhiza triﬁda Chˆatel.,cites_pdf,0,,,Corallorhiza triﬁda Chˆatel.,,Orchidaceae,Cymbidium,corallorhiza,,,,,,,,,,,unambiguous_accepted,cites_pdf,"{""accepted_genus"": ""Corallorhiza"", ""page"": 218, ""y"": 658.3}"
Coryanthes microsmophora,wcvp,0,,,Coryanthes microsmophora Marçal & Chiron,Marçal & Chiron,Orchidaceae,Coryanthes,microsmophora,Species,,,3313357,77345992-1,,<NA>,(2024),"Richardiana, N.S.",Brazil (Mato Grosso),unambiguous_accepted,wcvp,"{""climate_description"": ""wet tropical"", ""lifeform_description"": ""pseudobulbous epiphyte"", ""volume_and_page"": ""8: 77""}"
Corybas calliferus,wfo,0,,,Corybas calliferus (J.J.Sm.) Schltr.,(J.J.Sm.) Schltr.,Orchidaceae,Calcearia,callifera,species,,,,,wfo-0000343184,,Orchadian 13: 444 (2002),,,unambiguous_accepted,wfo,"{""majorGroup"": ""A"", ""originalNameUsageID"": ""wfo-0000925865"", ""references"": ""https://powo.science.kew.org/taxon/urn:lsid:ipni.org:names:20004446-1"", ""source"": ""World Checklist of Vascular Plants. Facilitated by the Royal Botanic Gardens, Kew."", ""taxonRemarks"": ""Source in seed data: wcs Update namepublishedIn from Orchadian 13(10): 444 (30 Jan. 2002). to Orchadian 13: 444 (2002), information provided by Alan E. on email Jun. 07 2021 More details could be found in <a href=http://www.theplantlist.org/tpl1.1/record"", ""tplId"": ""kew-223316"", ""wfo_nomenclatural_status"": ""Valid""}"
Corybas carinuliferus,wfo,0,,,Corybas carinuliferus (Schltr.) P.Royen,(Schltr.) P.Royen,Orchidaceae,Calcearia,carinulifera,species,,,,,wfo-0000343187,,Orchadian 13: 444 (2002),,,unambiguous_accepted,wfo,"{""majorGroup"": ""A"", ""originalNameUsageID"": ""wfo-0000925870"", ""references"": ""https://powo.science.kew.org/taxon/urn:lsid:ipni.org:names:20004467-1"", ""source"": ""World Checklist of Vascular Plants. Facilitated by the Royal Botanic Gardens, Kew."", ""taxonRemarks"": ""Source in seed data: wcs Update namepublishedIn from Orchadian 13(10): 444 (30 Jan. 2002). to Orchadian 13: 444 (2002), information provided by Alan E. on email Jun. 07 2021 More details could be found in <a href=http://www.theplantlist.org/tpl1.1/record"", ""tplId"": ""kew-223319"", ""wfo_nomenclatural_status"": ""Valid""}"
Corybas hamiguitanensis,wcvp,0,,,"Corybas hamiguitanensis Tandang, Galindon & R.Bustam.","Tandang, Galindon & R.Bustam.",Orchidaceae,Corybas,hamiguitanensis,Species,,,3303272,77319712-1,,<NA>,(2023),Phytotaxa,Philippines (Mindanao),unambiguous_accepted,wcvp,"{""climate_description"": ""wet tropical"", ""lifeform_description"": ""tuberous geophyte"", ""volume_and_page"": ""598: 82""}"
Corybas mammilliferus,wfo,0,,,Corybas mammilliferus P.Royen,P.Royen,Orchidaceae,Calcearia,mammillifera,species,,,,,wfo-0000343210,,Orchadian 13: 445 (2002),,,unambiguous_accepted,wfo,"{""majorGroup"": ""A"", ""originalNameUsageID"": ""wfo-0000925113"", ""references"": ""https://powo.science.kew.org/taxon/urn:lsid:ipni.org:names:20004601-1"", ""source"": ""World Checklist of Vascular Plants. Facilitated by the Royal Botanic Gardens, Kew."", ""taxonRemarks"": ""Source in seed data: wcs Update namepublishedIn from Orchadian 13(10): 445 (30 Jan. 2002). to Orchadian 13: 445 (2002), information provided by Alan E. on email Jun. 07 2021 More details could be found in <a href=http://www.theplantlist.org/tpl1.1/record"", ""tplId"": ""kew-223340"", ""wfo_nomenclatural_status"": ""Valid""}"
Corybas muscicolus,wfo,0,,,Corybas muscicolus (Schltr.) Schltr.,(Schltr.) Schltr.,Orchidaceae,Corybas,muscicolus,species,,,,,wfo-0000925126,,Repert. Spec. Nov. Regni Veg. 19: 20 (1923),,,unambiguous_accepted,wfo,"{""majorGroup"": ""A"", ""originalNameUsageID"": ""wfo-0000925901"", ""references"": ""https://powo.science.kew.org/taxon/urn:lsid:ipni.org:names:624372-1"", ""source"": ""World Checklist of Vascular Plants. Facilitated by the Royal Botanic Gardens, Kew."", ""taxonRemarks"": ""Source in seed data: wcs Update namepublishedIn from Repert. Spec. Nov. Regni Veg. 19: 20 1923 to Repert. Spec. Nov. Regni Veg. 19: 20 (1923), information provided by Alan E. on email Jun. 07 2021 More details could be found in <a href=http://www.theplan"", ""tplId"": ""kew-47752"", ""wfo_nomenclatural_status"": ""Valid""}"
Corybas paleariferus,wfo,1,Gastrosiphon paleariferus,Gastrosiphon paleariferus [Unknown; wfo],Corybas paleariferus (J.J.Sm.) Schltr.,(J.J.Sm.) Schltr.,Orchidaceae,Gastrosiphon,paleariferus,species,,,,,wfo-0000428927,,Orchadian 13: 448 (2002),,,unambiguous_accepted,wfo,"{""majorGroup"": ""A"", ""originalNameUsageID"": ""wfo-0000925911"", ""references"": ""https://powo.science.kew.org/taxon/urn:lsid:ipni.org:names:20004682-1"", ""source"": ""World Checklist of Vascular Plants. Facilitated by the Royal Botanic Gardens, Kew."", ""taxonRemarks"": ""Source in seed data: wcs Update namepublishedIn from Orchadian 13(10): 448 (30 Jan. 2002). to Orchadian 13: 448 (2002), information provided by Alan E. on email Jun. 07 2021 More details could be found in <a href=http://www.theplantlist.org/tpl1.1/record"", ""tplId"": ""kew-246819"", ""wfo_nomenclatural_status"": ""Valid""}"
Corybas pilifer,cites_csv,0,,,"Corybas pilifer J.Dransf., 1986","J.Dransf., 1986",Orchidaceae,Corybas,pilifer,SPECIES,II,,,,,,,,Malaysia,unambiguous_accepted,cites_csv,"{""All_DistributionISOCodes"": ""MY"", ""NativeDistributionFullNames"": ""Malaysia""}"
Corybas rosea,wfo,0,,,Corybas rosea (Janch.) Janch. ex J.J.Sm.,(Janch.) Janch. ex J.J.Sm.,Orchidaceae,Corybas,rosea,species,,,,,wfo-0001222992,,Repert. Spec. Nov. Regni Veg. 32: 138 (1933),,,unambiguous_accepted,wfo,"{""majorGroup"": ""A"", ""references"": ""https://powo.science.kew.org/taxon/urn:lsid:ipni.org:names:624384-1"", ""source"": ""World Checklist of Vascular Plants. Facilitated by the Royal Botanic Gardens, Kew."", ""taxonRemarks"": ""Source in seed data: tro Update namepublishedIn from Oesterr. Bot. Z. 79: 354 1930 to Repert. Spec. Nov. Regni Veg. 32: 138 (1933), information provided by Alan E. on email Jun. 07 2021 More details could be found in <a href=http://www.theplantlist.org/t"", ""tplId"": ""tro-50026025"", ""wfo_nomenclatural_status"": ""Valid""}"
Corycium mundii,wfo,0,,,Corycium mundii Schltr.,Schltr.,Orchidaceae,Corycium,mundii,species,,,,,wfo-0001088265,,Not listed in IK.,,,unambiguous_accepted,wfo,"{""majorGroup"": ""A"", ""source"": ""World Checklist of Vascular Plants. Facilitated by the Royal Botanic Gardens, Kew."", ""taxonRemarks"": ""Source in seed data: tro More details could be found in <a href=http://www.theplantlist.org/tpl1.1/record/tro-23505527 >The Plant List v.1.1.</a> Originally in <a href=http://www.theplantlist.org/tpl/record/tro-23505527 >The Plant List v.1.0</a>"", ""tplId"": ""tro-23505527"", ""wfo_nomenclatural_status"": ""Valid""}"
Corycium patersoniae,wfo,0,,,Corycium patersoniae Schltr.,Schltr.,Orchidaceae,Corycium,patersoniae,species,,,,,wfo-0001088266,,Not listed in IK.,,,unambiguous_accepted,wfo,"{""majorGroup"": ""A"", ""source"": ""World Checklist of Vascular Plants. Facilitated by the Royal Botanic Gardens, Kew."", ""taxonRemarks"": ""Source in seed data: tro More details could be found in <a href=http://www.theplantlist.org/tpl1.1/record/tro-23505530 >The Plant List v.1.1.</a> Originally in <a href=http://www.theplantlist.org/tpl/record/tro-23505530 >The Plant List v.1.0</a>"", ""tplId"": ""tro-23505530"", ""wfo_nomenclatural_status"": ""Valid""}"
Crepidium auriculatum,wcvp,0,,,Crepidium auriculatum (P.O'Byrne & J.J.Verm.) Ormerod & Juswara,(P.O'Byrne & J.J.Verm.) Ormerod & Juswara,Orchidaceae,Malaxis,auriculata,Species,,,347295,77080834-1,,<NA>,(2006),Malayan Orchid Rev.,Sulawesi,unambiguous_accepted,wcvp,"{""climate_description"": ""wet tropical"", ""lifeform_description"": ""pseudobulbous epiphyte"", ""volume_and_page"": ""40: 101""}"
Crepidium circeum,wcvp,1,Microstylis circea,Microstylis circea [Homotypic; wcvp],Crepidium circeum (Ridl.) Szlach.,(Ridl.) Szlach.,Orchidaceae,Microstylis,circea,Species,,,127723,644274-1,,<NA>,(1916),"Trans. Linn. Soc. London, Bot.",W. New Guinea,unambiguous_accepted,wcvp,"{""volume_and_page"": ""9: 160""}"
Crepidium crassilabre,wfo,0,,,Crepidium crassilabre (J.J.Sm.) Marg.,(J.J.Sm.) Marg.,Orchidaceae,Malaxis,crassilabris,species,,,,,wfo-0000233783,,Lindleyana 17: 41 (2002),,,unambiguous_accepted,wfo,"{""majorGroup"": ""A"", ""originalNameUsageID"": ""wfo-0000243808"", ""references"": ""https://powo.science.kew.org/taxon/urn:lsid:ipni.org:names:20006005-1"", ""source"": ""World Checklist of Vascular Plants. Facilitated by the Royal Botanic Gardens, Kew."", ""taxonRemarks"": ""Source in seed data: wcs Update namepublishedIn from Lindleyana 17(1): 41 (2002). to Lindleyana 17: 41 (2002), information provided by Alan E. on email Jun. 07 2021 More details could be found in <a href=http://www.theplantlist.org/tpl1.1/record/kew-1181"", ""tplId"": ""kew-118196"", ""wfo_nomenclatural_status"": ""Valid""}"
Crepidium discolor,wcvp,0,,,Crepidium discolor (Lindl.) R.Kr.Singh & Sanjeet Kumar,(Lindl.) R.Kr.Singh & Sanjeet Kumar,Orchidaceae,Crepidium,discolor,Species,,,3312861,77350093-1,,127755,(2024),J. Biodivers. Conservation,Sri Lanka,unambiguous_accepted,wcvp,"{""climate_description"": ""seasonally dry tropical"", ""lifeform_description"": ""pseudobulbous geophyte"", ""volume_and_page"": ""8(4): 88""}"
Crepidium dolichostachys,wcvp,2,"Malaxis dolichostachys, Microstylis dolichostachys","Malaxis dolichostachys [Homotypic; wcvp], Microstylis dolichostachys [Homotypic; wcvp]",Crepidium dolichostachys (Schltr.) Szlach.,(Schltr.) Szlach.,Orchidaceae,Malaxis,dolichostachys,Species,,,118229,915253-1,,127758,(1984 publ. 1985),Bot. Mus. Leafl.,Papua New Guinea,unambiguous_accepted,wcvp,"{""climate_description"": ""wet tropical"", ""lifeform_description"": ""pseudobulbous geophyte"", ""volume_and_page"": ""30: 96""}"
Crepidium hippocrepiforme,wcvp,0,,,Crepidium hippocrepiforme (J.J.Wood) Marg. & Szlach.,(J.J.Wood) Marg. & Szlach.,Orchidaceae,Malaxis,hippocrepiformis,Species,,,118282,898150-1,,<NA>,(1981),Orchid Rev.,Papua New Guinea,unambiguous_accepted,wcvp,"{""climate_description"": ""wet tropical"", ""lifeform_description"": ""rhizomatous geophyte"", ""volume_and_page"": ""89(1053): 209""}"
Crepidium kerstigianum,wfo,0,,,Crepidium kerstigianum (Schltr.) Szlach.,(Schltr.) Szlach.,Orchidaceae,Malaxis,kerstingiana,species,,,,,wfo-0000233918,,Micronesica 20: 143 (1987),,,unambiguous_accepted,wfo,"{""majorGroup"": ""A"", ""originalNameUsageID"": ""wfo-0000243905"", ""references"": ""https://powo.science.kew.org/taxon/urn:lsid:ipni.org:names:944984-1"", ""source"": ""World Checklist of Vascular Plants. Facilitated by the Royal Botanic Gardens, Kew."", ""taxonRemarks"": ""Source in seed data: wcs Update namepublishedIn from Micronesica 20(1–2): 143 (1987):. to Micronesica 20: 143 (1987), information provided by Alan E. on email Jun. 07 2021 More details could be found in <a href=http://www.theplantlist.org/tpl1.1/record"", ""tplId"": ""kew-118318"", ""wfo_nomenclatural_status"": ""Valid""}"
Crepidium lancifolium,wcvp,0,,,Crepidium lancifolium (Thwaites) R.Kr.Singh & Sanjeet Kumar,(Thwaites) R.Kr.Singh & Sanjeet Kumar,Orchidaceae,Malaxis,lancifolia,Species,,,118332,642275-1,,127840,(1891),Revis. Gen. Pl.,Sri Lanka,unambiguous_accepted,wcvp,"{""nomenclatural_remarks"": "", nom. illeg."", ""volume_and_page"": ""2: 673""}"
Crepidium maboroense,wcvp,0,,,Crepidium maboroense (Schltr.) Szlach.,(Schltr.) Szlach.,Orchidaceae,Malaxis,maboroensis,Species,,,118380,642311-1,,127869,(1970),Kew Bull.,Papua New Guinea,unambiguous_accepted,wcvp,"{""climate_description"": ""wet tropical"", ""lifeform_description"": ""pseudobulbous geophyte"", ""volume_and_page"": ""24: 81""}"
Crepidium magnicallosum,wcvp,0,,,Crepidium magnicallosum (Marg. & Szlach.) J.M.H.Shaw,(Marg. & Szlach.) J.M.H.Shaw,Orchidaceae,Pseudoliparis,magnicallosa,Species,,,166358,20000583-1,,<NA>,(2001),Polish Bot. J.,Solomon Is.,unambiguous_accepted,wcvp,"{""volume_and_page"": ""46: 39""}"
Crepidium malabaricum,wcvp,0,,,Crepidium malabaricum (Marg. & Szlach.) J.M.H.Shaw,(Marg. & Szlach.) J.M.H.Shaw,Orchidaceae,Crepidium,malabaricum,Species,,,489444,77139711-1,,190400,(2014),Orchid Rev.,SW. India,unambiguous_accepted,wcvp,"{""climate_description"": ""seasonally dry tropical"", ""lifeform_description"": ""pseudobulbous geophyte"", ""volume_and_page"": ""122(1306, Suppl.): 37""}"
Crepidium malinowskianum,wcvp,1,Pseudoliparis malinowskiana,Pseudoliparis malinowskiana [Homotypic; wcvp],Crepidium malinowskianum (Marg.) Ormerod & Juswara,(Marg.) Ormerod & Juswara,Orchidaceae,Crepidium,malinowskianum,Species,,,3313379,77346093-1,,538240,(2024),Harvard Pap. Bot.,Papua New Guinea,unambiguous_accepted,wcvp,"{""climate_description"": ""wet tropical"", ""volume_and_page"": ""29: 144""}"
Crepidium manikathilum,wcvp,1,Seidenfia manikathila,Seidenfia manikathila [Homotypic; wcvp],"Crepidium manikathilum (J.Mathew, P.M.Salim & Szlach.) R.Kr.Singh & Sanjeet Kumar","(J.Mathew, P.M.Salim & Szlach.) R.Kr.Singh & Sanjeet Kumar",Orchidaceae,Crepidium,manikathilum,Species,,,3312863,77350095-1,,3295892,(2024),J. Biodivers. Conservation,India (Kerala),unambiguous_accepted,wcvp,"{""climate_description"": ""wet tropical"", ""volume_and_page"": ""8(4): 89""}"
Crepidium meghalayensis,wcvp,0,,,"Crepidium meghalayensis Murug., Sushil K.Singh & A.A.Mao","Murug., Sushil K.Singh & A.A.Mao",Orchidaceae,Crepidium,meghalayensis,Species,,,3313362,77346756-1,,<NA>,(2016),Keanean J. Sci.,Assam (Meghalaya),unambiguous_accepted,wcvp,"{""climate_description"": ""wet tropical"", ""volume_and_page"": ""5: 9""}"
Crepidium oculus-draconis,wcvp,0,,,Crepidium oculus-draconis P.T.Ong,P.T.Ong,Orchidaceae,Crepidium,oculus-draconis,Species,,,3303083,77319088-1,,<NA>,(2023),Malesian Orchid J.,Pen. Malaysia,unambiguous_accepted,wcvp,"{""climate_description"": ""wet tropical"", ""volume_and_page"": ""26: 27""}"
Crepidium papuanum,wcvp,1,Saurolophorkis papuana,Saurolophorkis papuana [Homotypic; wcvp],Crepidium papuanum (Marg.) Ormerod & Juswara,(Marg.) Ormerod & Juswara,Orchidaceae,Crepidium,papuanum,Species,,,3313378,77346094-1,,531329,(2024),Harvard Pap. Bot.,Papua New Guinea,unambiguous_accepted,wcvp,"{""climate_description"": ""wet tropical"", ""volume_and_page"": ""29: 144""}"
Crepidium purpureoviride,wfo,0,,,Crepidium purpureoviride (J.J.Sm.) Marg.,(J.J.Sm.) Marg.,Orchidaceae,Malaxis,purpureoviridis,species,,,,,wfo-0000234151,,Lindleyana 17: 42 (2002),,,unambiguous_accepted,wfo,"{""majorGroup"": ""A"", ""originalNameUsageID"": ""wfo-0000244064"", ""references"": ""https://powo.science.kew.org/taxon/urn:lsid:ipni.org:names:20006015-1"", ""source"": ""World Checklist of Vascular Plants. Facilitated by the Royal Botanic Gardens, Kew."", ""taxonRemarks"": ""Source in seed data: wcs Update namepublishedIn from Lindleyana 17(1): 42 (2002). to Lindleyana 17: 42 (2002), information provided by Alan E. on email Jun. 07 2021 More details could be found in <a href=http://www.theplantlist.org/tpl1.1/record/kew-1185"", ""tplId"": ""kew-118531"", ""wfo_nomenclatural_status"": ""Valid""}"
Crepidium roohutuense,wcvp,0,,,Crepidium roohutuense (Fukuy.) T.C.Hsu,(Fukuy.) T.C.Hsu,Orchidaceae,Malaxis,roohutuensis,Species,,,118566,642474-1,,127998,(1972),Biol. Mag.,S. Taiwan,unambiguous_accepted,wcvp,"{""volume_and_page"": ""9: 41""}"
Crepidium van-royenii,cites_csv,0,,,Crepidium van-royenii (Szlach. & Marg.) Schuit. & de Vogel,(Szlach. & Marg.) Schuit. & de Vogel,Orchidaceae,Crepidium,van-royenii,SPECIES,II,,,,,,,,,unambiguous_accepted,cites_csv,
Crepidium wheatleyi,wcvp,0,,,Crepidium wheatleyi Ormerod,Ormerod,Orchidaceae,Crepidium,wheatleyi,Species,,,3313522,77336452-1,,<NA>,(2023),Orchadian,Vanuatu,unambiguous_accepted,wcvp,"{""climate_description"": ""wet tropical"", ""volume_and_page"": ""21(2): 52""}"
Crossoglossa aurantilineata,wfo,0,,,Crossoglossa aurantilineata Pupulin,Pupulin,Orchidaceae,Crossoglossa,aurantilineata,species,,,,,wfo-0000927156,,Lindleyana 15(1): 23 (2000).,,,unambiguous_accepted,wfo,"{""majorGroup"": ""A"", ""source"": ""World Checklist of Vascular Plants. Facilitated by the Royal Botanic Gardens, Kew."", ""taxonRemarks"": ""Source in seed data: wcs Updated namepublishedIn from Lindleyana 15: 23 2000 to Lindleyana 15(1): 23 (2000). , information provided by Alan E. on email Oct. 12 2020 More details could be found in <a href=http://www.theplantlist.org/tpl1.1/record/kew-4914"", ""tplId"": ""kew-49149"", ""wfo_nomenclatural_status"": ""Valid""}"
Cryptochilus lutea,wfo,0,,,Cryptochilus lutea Lindl.,Lindl.,Orchidaceae,Cryptochilus,farreri,species,,,,,wfo-0000933154,,Repert. Spec. Nov. Regni Veg. 20: 384 (1924),,,unambiguous_accepted,wfo,"{""majorGroup"": ""A"", ""references"": ""https://powo.science.kew.org/taxon/urn:lsid:ipni.org:names:624684-1"", ""source"": ""World Checklist of Vascular Plants. Facilitated by the Royal Botanic Gardens, Kew."", ""taxonRemarks"": ""Source in seed data: wcs Update namepublishedIn from Repert. Spec. Nov. Regni Veg. 20: 384. 1924 to Repert. Spec. Nov. Regni Veg. 20: 384 (1924), information provided by Alan E. on email Jun. 07 2021 More details could be found in <a href=http://www.thep"", ""tplId"": ""kew-51944"", ""wfo_nomenclatural_status"": ""Valid""}"
Cryptochilus sanguinea,wfo,0,,,Cryptochilus sanguinea Wall.,Wall.,Orchidaceae,Cryptochilus,sanguinea,species,,,,,wfo-0000933159,,Tent. Fl. Napal. : 36 (1824),,,unambiguous_accepted,wfo,"{""majorGroup"": ""A"", ""references"": ""https://powo.science.kew.org/taxon/urn:lsid:ipni.org:names:624689-1"", ""source"": ""World Checklist of Vascular Plants. Facilitated by the Royal Botanic Gardens, Kew."", ""taxonRemarks"": ""Source in seed data: wcs Update namepublishedIn from Tent. Fl. Napal. 1: 36. 1824 [Jul-Dec 1824] to Tent. Fl. Napal. : 36 (1824), information provided by Alan E. on email Jun. 07 2021 More details could be found in <a href=http://www.theplantlist.org/tpl"", ""tplId"": ""kew-51949"", ""wfo_nomenclatural_status"": ""Valid""}"
Cyclopogon camara-lereti,wcvp,0,,,Cyclopogon camara-lereti Szlach. & Kolan.,Szlach. & Kolan.,Orchidaceae,Cyclopogon,camara-lereti,Species,,,533252,77202368-1,,<NA>,(2019),Mater. Orchid Fl. Colombia,Colombia (Cundinamarca),unambiguous_accepted,wcvp,"{""climate_description"": ""wet tropical"", ""lifeform_description"": ""tuberous geophyte"", ""volume_and_page"": ""2: 245""}"
Cyclopogon camaraleretii,wfo,0,,,Cyclopogon camaraleretii Szlach. & Kolan.,Szlach. & Kolan.,Orchidaceae,Cyclopogon,camaraleretii,species,,,,,wfo-1000031835,,Mater. Orchid Fl. Colombia 2: 245 (2019),,,unambiguous_accepted,wfo,"{""majorGroup"": ""A"", ""references"": ""https://powo.science.kew.org/taxon/urn:lsid:ipni.org:names:77202368-1"", ""source"": ""World Checklist of Vascular Plants. Facilitated by the Royal Botanic Gardens, Kew."", ""wfo_nomenclatural_status"": ""Valid""}"
Cyclopogon guayanensis,wcvp,0,,,Cyclopogon guayanensis (Lindl.) B.M.Carvalho & Meneguzzo,(Lindl.) B.M.Carvalho & Meneguzzo,Orchidaceae,Spiranthes,guayanensis,Species,,,194327,242686-2,,91828,(1895),Fl. Bras.,"Mexico to S. Trop. America, Trinidad",unambiguous_accepted,wcvp,"{""volume_and_page"": ""3(4): 209""}"
Cyclopogon pabstii,wcvp,2,"Brachystele hatschbachii, Stigmatosema hatschbachii","Brachystele hatschbachii [Homotypic; wcvp], Stigmatosema hatschbachii [Homotypic; wcvp]",Cyclopogon pabstii U.B.Deshmukh & J.M.H.Shaw,U.B.Deshmukh & J.M.H.Shaw,Orchidaceae,Brachystele,hatschbachii,Species,,,23907,35991-2,,<NA>,(1976),Bradea,Brazil (Paraná),unambiguous_accepted,wcvp,"{""volume_and_page"": ""2: 80""}"
Cyclopogon secundus,wfo,0,,,Cyclopogon secundus Christenson,Christenson,Orchidaceae,Cyclopogon,secundus,species,,,,,wfo-0000835241,,J. Bot. Res. Inst. Texas 1: 1001 (2007),,,unambiguous_accepted,wfo,"{""majorGroup"": ""A"", ""references"": ""https://powo.science.kew.org/taxon/urn:lsid:ipni.org:names:77094303-1"", ""source"": ""World Checklist of Vascular Plants. Facilitated by the Royal Botanic Gardens, Kew."", ""taxonRemarks"": ""Source in seed data: wcs Update namepublishedIn from J. Bot. Res. Inst. Texas 1(2): 1001 (-1002; fig. 1). 2007 [12 Dec 2007] to J. Bot. Res. Inst. Texas 1: 1001 (2007), information provided by Alan E. on email Jun. 07 2021 More details could be found in"", ""tplId"": ""kew-372467"", ""wfo_nomenclatural_status"": ""Valid""}"
Cyclopogon soniae-juaniorum,wcvp,0,,,Cyclopogon soniae-juaniorum Zambrano,Zambrano,Orchidaceae,Cyclopogon,soniae-juaniorum,Species,,,529030,77192125-1,,<NA>,(2018),Phytotaxa,Ecuador,unambiguous_accepted,wcvp,"{""climate_description"": ""wet tropical"", ""lifeform_description"": ""tuberous geophyte"", ""volume_and_page"": ""376: 202""}"
Cyclopogon soniaejuaniorum,wfo,0,,,Cyclopogon soniaejuaniorum Zambrano,Zambrano,Orchidaceae,Cyclopogon,soniaejuaniorum,species,,,,,wfo-1000003688,,Phytotaxa 376: 202 (2018),,,unambiguous_accepted,wfo,"{""majorGroup"": ""A"", ""references"": ""https://powo.science.kew.org/taxon/urn:lsid:ipni.org:names:77192125-1"", ""source"": ""World Checklist of Vascular Plants. Facilitated by the Royal Botanic Gardens, Kew."", ""wfo_nomenclatural_status"": ""Valid""}"
Cycnoches edgertonianum,wfo,0,,,Cycnoches edgertonianum var. viride Lindl.,Lindl.,Orchidaceae,Cycnoches,edgertonianum,variety,,,,,wfo-0000934181,,Edwards's Bot. Reg. 32: t. 46 (1846),,,unambiguous_accepted,wfo,"{""majorGroup"": ""A"", ""references"": ""https://powo.science.kew.org/taxon/urn:lsid:ipni.org:names:73812-2"", ""source"": ""World Checklist of Vascular Plants. Facilitated by the Royal Botanic Gardens, Kew."", ""taxonRemarks"": ""Source in seed data: wcs Update namepublishedIn from Edwards's Bot. Reg. 32: tab. 46. 1846 to Edwards's Bot. Reg. 32: t. 46 (1846), information provided by Alan E. on email Jun. 07 2021 More details could be found in <a href=http://www.theplantlist.org/t"", ""tplId"": ""kew-52967"", ""wfo_nomenclatural_status"": ""Valid""}"
Cylindrolobus amphlettiae,wcvp,0,,,Cylindrolobus amphlettiae Ormerod & K.Metzg.,Ormerod & K.Metzg.,Orchidaceae,Cylindrolobus,amphlettiae,Species,,,3313409,77342378-1,,<NA>,(2024),"Orchidee, Taxon. Mitt.",Papua New Guinea,unambiguous_accepted,wcvp,"{""climate_description"": ""wet tropical"", ""lifeform_description"": ""epiphyte"", ""volume_and_page"": ""10: 68""}"
Cylindrolobus decipiens,wcvp,0,,,Cylindrolobus decipiens (Schltr.) R.Kr.Singh & Sanjeet Kumar,(Schltr.) R.Kr.Singh & Sanjeet Kumar,Orchidaceae,Cylindrolobus,decipiens,Species,,,3312834,77350096-1,,71051,(2024),J. Biodivers. Conservation,Sulawesi,unambiguous_accepted,wcvp,"{""climate_description"": ""wet tropical"", ""lifeform_description"": ""epiphyte"", ""volume_and_page"": ""8(4): 89""}"
Cylindrolobus fastigatifolius,wfo,1,Eria fastigatifolia,Eria fastigatifolia [Unknown; wfo],Cylindrolobus fastigatifolius (Ames) Suárez,(Ames) Suárez,Orchidaceae,Trichotosia,fastigiatifolia,species,,,,,wfo-0000327973,,"Pflanzenr., IV, 50(50): 162 (1911)",,,unambiguous_accepted,wfo,"{""majorGroup"": ""A"", ""originalNameUsageID"": ""wfo-0000953014"", ""references"": ""https://powo.science.kew.org/taxon/urn:lsid:ipni.org:names:660658-1"", ""source"": ""World Checklist of Vascular Plants. Facilitated by the Royal Botanic Gardens, Kew."", ""taxonRemarks"": ""Source in seed data: wcs Updated scientificnameAuthorship from (Ames) Kraenzl. to Kraenzl., information provided by Alan E. on email Oct. 12 2020 More details could be found in <a href=http://www.theplantlist.org/tpl1.1/record/kew-208539 >The Plant List"", ""tplId"": ""kew-208539"", ""wfo_nomenclatural_status"": ""Valid""}"
Cylindrolobus gaoligongensis,wcvp,0,,,Cylindrolobus gaoligongensis J.D.Ya & H.Jiang,J.D.Ya & H.Jiang,Orchidaceae,Cylindrolobus,gaoligongensis,Species,,,3312974,77334026-1,,<NA>,(2023),Nordic J. Bot.,Arunachal Pradesh to China (Yunnan),unambiguous_accepted,wcvp,"{""climate_description"": ""subtropical"", ""lifeform_description"": ""epiphyte"", ""volume_and_page"": ""2023(12)-e04075: 2""}"
Cylindrolobus glanduliferus,wfo,0,,,Cylindrolobus glanduliferus (Deori & Phukan) A.N.Rao,(Deori & Phukan) A.N.Rao,Orchidaceae,Eria,glandulifera,species,,,,,wfo-0000953053,,J. Orchid Soc. India 2: 55 (1988),,,unambiguous_accepted,wfo,"{""majorGroup"": ""A"", ""references"": ""https://powo.science.kew.org/taxon/urn:lsid:ipni.org:names:936256-1"", ""source"": ""World Checklist of Vascular Plants. Facilitated by the Royal Botanic Gardens, Kew."", ""taxonRemarks"": ""Source in seed data: wcs Update namepublishedIn from J. Orchid Soc. India 2(1–2): 55 (1988). to J. Orchid Soc. India 2: 55 (1988), information provided by Alan E. on email Jun. 07 2021 More details could be found in <a href=http://www.theplantlist.org/"", ""tplId"": ""kew-71134"", ""wfo_nomenclatural_status"": ""Valid""}"
Cylindrolobus perspicabilis,wfo,0,,,Cylindrolobus perspicabilis (Ames) Suárez,(Ames) Suárez,Orchidaceae,Cylindrolobus,perspicabilis,species,,,,,wfo-0000917253,,OrchideenJ. 17: 13 (2010),,,unambiguous_accepted,wfo,"{""majorGroup"": ""A"", ""originalNameUsageID"": ""wfo-0000953351"", ""references"": ""https://powo.science.kew.org/taxon/urn:lsid:ipni.org:names:77104264-1"", ""source"": ""World Checklist of Vascular Plants. Facilitated by the Royal Botanic Gardens, Kew."", ""taxonRemarks"": ""Source in seed data: wcs Update namepublishedIn from OrchideenJ. 17(1): 13 (-14). 2010 [15 Feb 2010] to OrchideenJ. 17: 13 (2010), information provided by Alan E. on email Jun. 07 2021 More details could be found in <a href=http://www.theplantlist.org/tp"", ""tplId"": ""kew-462586"", ""wfo_nomenclatural_status"": ""Valid""}"
Cymbidiella ﬂabellata (Thouars) Rolfe,cites_pdf,1,Cymbidium ﬂabellatum (Thouars) Spreng.,Cymbidium ﬂabellatum (Thouars) Spreng. [Unknown; cites_pdf],Cymbidiella ﬂabellata (Thouars) Rolfe,,Orchidaceae,Cymbidium,ﬂabellatum,,,,,,,,,,,unambiguous_accepted,cites_pdf,"{""accepted_genus"": ""Cymbidiella"", ""page"": 220, ""y"": 490.9}"
Cymbidium bicolor subsp. pubescens,cites_pdf,2,"Cymbidium aloifolium var. pubescens, Cymbidium pubescens var. celebicum","Cymbidium aloifolium var. pubescens [Unknown; cites_pdf], Cymbidium pubescens var. celebicum [Unknown; cites_pdf]",Cymbidium bicolor subsp. pubescens (Lindl.) Du Puy & P.J.Cribb,(Lindl.) Du Puy & P.J.Cribb,Orchidaceae,Cymbidium,aloifolium,,,,,,,,,,,unambiguous_accepted,cites_pdf,"{""page"": 217, ""y"": 395.3}"
Cymbidium cyperifolium subsp. cyperifolium,cites_pdf,1,Cymbidium viridiﬂorum Griﬀ.,Cymbidium viridiﬂorum Griﬀ. [Unknown; cites_pdf],Cymbidium cyperifolium subsp. cyperifolium,,Orchidaceae,Cymbidium,carnosum,,,,,,,,,,,unambiguous_accepted,cites_pdf,"{""page"": 218, ""y"": 419.2}"
Cymbidium cyperifolium var. szechuanicum,cites_pdf,1,Cymbidium faberi var. szechuanicum,Cymbidium faberi var. szechuanicum [Unknown; cites_pdf],Cymbidium cyperifolium var. szechuanicum (Y.S.Wu & S.C.Chen) S.C.Chen & Z.J.Liu,(Y.S.Wu & S.C.Chen) S.C.Chen & Z.J.Liu,Orchidaceae,Cymbidium,faberi,,,,,,,,,,,unambiguous_accepted,cites_pdf,"{""page"": 220, ""y"": 371.4}"
Cymbidium elegans var. elegans,cites_pdf,3,"Cymbidium densiﬂorum Griﬀ., Cymbidium elegans var. lutescens, Cymbidium elegans var. obcordatum","Cymbidium densiﬂorum Griﬀ. [Unknown; cites_pdf], Cymbidium elegans var. lutescens [Unknown; cites_pdf], Cymbidium elegans var. obcordatum [Unknown; cites_pdf]",Cymbidium elegans var. elegans,,Orchidaceae,Cymbidium,densiﬂorum,,,,,,,,,,,unambiguous_accepted,cites_pdf,"{""page"": 219, ""y"": 311.6}"
Cymbidium elegans var. lushuiense,cites_pdf,0,,,"Cymbidium elegans var. lushuiense (Z.J.Liu, S.C.Chen & X.C.Shi) Z.J.Liu & S.C.Chen","(Z.J.Liu, S.C.Chen & X.C.Shi) Z.J.Liu & S.C.Chen",Orchidaceae,Cymbidium,lushuiense,,,,,,,,,,,unambiguous_accepted,cites_pdf,"{""page"": 223, ""y"": 514.9}"
Cymbidium erythraeum var. erythraeum,cites_pdf,0,,,Cymbidium erythraeum var. erythraeum,,Orchidaceae,Cymbidium,hennisianum,,,,,,,,,,,unambiguous_accepted,cites_pdf,"{""page"": 221, ""y"": 718.1}"
Cymbidium erythraeum var. ﬂavum,cites_pdf,1,Cymbidium ﬂavum Z.J.Liu & J.Yong Zhang.,Cymbidium ﬂavum Z.J.Liu & J.Yong Zhang. [Unknown; cites_pdf],"Cymbidium erythraeum var. ﬂavum (Z.J.Liu & J.Yong Zhang) Z.J.Liu, S.C.Chen & P.J.Cribb","(Z.J.Liu & J.Yong Zhang) Z.J.Liu, S.C.Chen & P.J.Cribb",Orchidaceae,Cymbidium,ﬂavum,,,,,,,,,,,unambiguous_accepted,cites_pdf,"{""page"": 220, ""y"": 562.7}"
Cymbidium fugongense,wcvp,0,,,"Cymbidium × fugongense S.Ke, S.R.Lan & Z.J.Liu","S.Ke, S.R.Lan & Z.J.Liu",Orchidaceae,Cymbidium,fugongense,Species,,,3302926,77324815-1,,<NA>,(2023),Phytotaxa,China (SE. Yunnan),unambiguous_accepted,wcvp,"{""climate_description"": ""subtropical"", ""hybrid"": true, ""lifeform_description"": ""pseudobulbous epiphyte"", ""volume_and_page"": ""606: 288""}"
Cymbidium gongshanense,cites_csv,0,,,Cymbidium gongshanense H.Li & G.H.Feng,H.Li & G.H.Feng,Orchidaceae,Cymbidium,gongshanense,SPECIES,II,,,,,,,,,unambiguous_accepted,cites_csv,
Cymbidium hanburyanum,wcvp,1,Cymbidium fuerstenbergianum,Cymbidium fuerstenbergianum [Heterotypic; wcvp],Cymbidium × hanburyanum Rolfe,Rolfe,Orchidaceae,Cymbidium,fuerstenbergianum,Species,,,53188,625014-1,,<NA>,(1918),Orchis,,unambiguous_accepted,wcvp,"{""hybrid"": true, ""volume_and_page"": ""12: 47""}"
Cymbidium ledinhhienii,wcvp,0,,,"Cymbidium ledinhhienii Aver., Vuong & V.C.Nguyen","Aver., Vuong & V.C.Nguyen",Orchidaceae,Cymbidium,ledinhhienii,Species,,,3313109,77352396-1,,<NA>,(2024),Turczaninowia,Vietnam,unambiguous_accepted,wcvp,"{""climate_description"": ""subtropical"", ""volume_and_page"": ""27(3): 7""}"
Cymbidium lowianum var. kalawense,cites_pdf,2,"Cymbidium grandiﬂorum var. kalawense Colyear., Cymbidium lowianum var. iansonii","Cymbidium grandiﬂorum var. kalawense Colyear. [Unknown; cites_pdf], Cymbidium lowianum var. iansonii [Unknown; cites_pdf]",Cymbidium lowianum var. kalawense (Colyear) Govaerts,(Colyear) Govaerts,Orchidaceae,Cymbidium,grandiﬂorum,,,,,,,,,,,unambiguous_accepted,cites_pdf,"{""page"": 221, ""y"": 610.5}"
Cymbidium lowianum var. lowianum,cites_pdf,4,"Cymbidium lowianum f. concolor, Cymbidium lowianum var. concolor, Cymbidium lowianum var. superbissimum, Cymbidium lowianum var. viride","Cymbidium lowianum f. concolor [Unknown; cites_pdf], Cymbidium lowianum var. concolor [Unknown; cites_pdf], Cymbidium lowianum var. superbissimum [Unknown; cites_pdf], Cymbidium lowianum var. viride [Unknown; cites_pdf]",Cymbidium lowianum var. lowianum,,Orchidaceae,Cymbidium,lowianum,,,,,,,,,,,unambiguous_accepted,cites_pdf,"{""page"": 223, ""y"": 371.4}"
Cymbidium magnificum,wcvp,0,,,Cymbidium × magnificum Schltr.,Schltr.,Orchidaceae,Cymbidium,magnificum,Species,,,53286,625083-1,,<NA>,(1918),Orchis,,unambiguous_accepted,wcvp,"{""hybrid"": true, ""volume_and_page"": ""12: 47""}"
Cymbidium maronii,wcvp,0,,,Cymbidium × maronii Rolfe & Hurst,Rolfe & Hurst,Orchidaceae,Cymbidium,maronii,Species,,,53291,77239568-1,,<NA>,(1909),Orchid Stud-Book,,unambiguous_accepted,wcvp,"{""hybrid"": true, ""volume_and_page"": "": 70""}"
Cymbidium munroanum,wfo,0,,,Cymbidium munroanum King & Pantl.,King & Pantl.,Orchidaceae,Cymbidium,ensifolium,variety,,,,,wfo-0000834347,,Acta Phytotax. Sin. 1: 91 1951,,,unambiguous_accepted,wfo,"{""majorGroup"": ""A"", ""originalNameUsageID"": ""wfo-0000934531"", ""source"": ""World Checklist of Vascular Plants. Facilitated by the Royal Botanic Gardens, Kew."", ""taxonRemarks"": ""Source in seed data: wcs More details could be found in <a href=http://www.theplantlist.org/tpl1.1/record/kew-371532 >The Plant List v.1.1.</a> Originally in <a href=http://www.theplantlist.org/tpl/record/kew-371532 >The Plant List v.1.0</a>"", ""tplId"": ""kew-371532""}"
Cymbidium pauwelsii,wcvp,1,Cymbidium lawrenceanum,Cymbidium lawrenceanum [Heterotypic; wcvp],Cymbidium × pauwelsii J.G.Fowler,J.G.Fowler,Orchidaceae,Cymbidium,lawrenceanum,Species,,,53264,77239768-1,,<NA>,(1911),Orchid Rev.,,unambiguous_accepted,wcvp,"{""hybrid"": true, ""volume_and_page"": ""19: 87""}"
Cymbidium sangii,wcvp,0,,,Cymbidium sangii Aver. & V.C.Nguyen,Aver. & V.C.Nguyen,Orchidaceae,Cymbidium,sangii,Species,,,3303074,77319212-1,,<NA>,(2023),Phytotaxa,Vietnam,unambiguous_accepted,wcvp,"{""climate_description"": ""wet tropical"", ""lifeform_description"": ""pseudobulbous epiphyte"", ""volume_and_page"": ""597: 96""}"
Cymbidium sedenii,wcvp,0,,,Cymbidium × sedenii Rolfe & Hurst,Rolfe & Hurst,Orchidaceae,Cymbidium,sedenii,Species,,,53368,77240243-1,,<NA>,(1909),Orchid Stud-Book,,unambiguous_accepted,wcvp,"{""hybrid"": true, ""volume_and_page"": "": 70""}"
Cymbidium sungwookii,wcvp,0,,,"Cymbidium sungwookii Aver., Vuong & V.C.Nguyen","Aver., Vuong & V.C.Nguyen",Orchidaceae,Cymbidium,sungwookii,Species,,,3313110,77352397-1,,<NA>,(2024),Turczaninowia,Vietnam,unambiguous_accepted,wcvp,"{""climate_description"": ""subtropical"", ""volume_and_page"": ""27(3): 10""}"
Cymbidium tortisepalum var. longibracteatum,cites_pdf,1,Cymbidium goeringii var. longibracteatum,Cymbidium goeringii var. longibracteatum [Unknown; cites_pdf],Cymbidium tortisepalum var. longibracteatum (Y.S.Wu & S.C.Chen) S.C.Chen & Z.J.Liu,(Y.S.Wu & S.C.Chen) S.C.Chen & Z.J.Liu,Orchidaceae,Cymbidium,goeringii,,,,,,,,,,,unambiguous_accepted,cites_pdf,"{""page"": 221, ""y"": 383.3}"
Cymbidium tortisepalum var. tortisepalum,cites_pdf,3,"Cymbidium faberi f. viridiﬂorum, Cymbidium goeringii f. viridiﬂorum, Cymbidium tortisepalum var. viridiﬂorum","Cymbidium faberi f. viridiﬂorum [Unknown; cites_pdf], Cymbidium goeringii f. viridiﬂorum [Unknown; cites_pdf], Cymbidium tortisepalum var. viridiﬂorum [Unknown; cites_pdf]",Cymbidium tortisepalum var. tortisepalum,,Orchidaceae,Cymbidium,faberi,,,,,,,,,,,unambiguous_accepted,cites_pdf,"{""page"": 220, ""y"": 407.3}"
Cymbidium veitchii,wcvp,0,,,Cymbidium × veitchii Rolfe & Hurst,Rolfe & Hurst,Orchidaceae,Cymbidium,veitchii,Species,,,53435,77240087-1,,<NA>,(1909),Orchid Stud-Book,,unambiguous_accepted,wcvp,"{""hybrid"": true, ""volume_and_page"": "": 70""}"
Cymbidium wiganianum,wcvp,0,,,Cymbidium × wiganianum Rolfe & Hurst,Rolfe & Hurst,Orchidaceae,Cymbidium,wiganianum,Species,,,53446,77240128-1,,<NA>,(1909),Orchid Stud-Book,,unambiguous_accepted,wcvp,"{""hybrid"": true, ""volume_and_page"": "": 72""}"
Cymbidium winnianum,wcvp,0,,,Cymbidium × winnianum Anon.,Anon.,Orchidaceae,Cymbidium,winnianum,Species,,,53448,77239620-1,,<NA>,(1894),Reichenbachiana,,unambiguous_accepted,wcvp,"{""hybrid"": true, ""volume_and_page"": ""2: 6, t. 75""}"
Cymbidium x,cites_pdf,1,Cyperorchis x,Cyperorchis x [Unknown; cites_pdf],Cymbidium x ballianum Rolfe,ballianum Rolfe,Orchidaceae,Cyperorchis,x,,,,,,,,,,,unambiguous_accepted,cites_pdf,"{""accepted_genus"": ""Cymbidium"", ""page"": 229, ""y"": 168.2}"
Cymbidium ﬁnlaysonianum Lindl.,cites_pdf,1,Cymbidium pendulum var. brevilabre,Cymbidium pendulum var. brevilabre [Unknown; cites_pdf],Cymbidium ﬁnlaysonianum Lindl.,,Orchidaceae,Cymbidium,pendulum,,,,,,,,,,,unambiguous_accepted,cites_pdf,"{""page"": 225, ""y"": 156.2}"
Cymbidium ﬂoribundum Lindl.,cites_pdf,3,"Cymbidium pumilum f. virescens, Cymbidium ﬂoribundum f. virescens (Makino) O.Gruss & M.Wolﬀ, Cymbidium ﬂoribundum var. pumilum (Rolfe) Y.S.Wu & S.C.Chen","Cymbidium pumilum f. virescens [Unknown; cites_pdf], Cymbidium ﬂoribundum f. virescens (Makino) O.Gruss & M.Wolﬀ [Unknown; cites_pdf], Cymbidium ﬂoribundum var. pumilum (Rolfe) Y.S.Wu & S.C.Chen [Unknown; cites_pdf]",Cymbidium ﬂoribundum Lindl.,,Orchidaceae,Cymbidium,chawalongense,,,,,,,,,,,unambiguous_accepted,cites_pdf,"{""page"": 218, ""y"": 514.9}"
Cynorkis adeleana,wcvp,0,,,Cynorkis adeleana Pailler,Pailler,Orchidaceae,Cynorkis,adeleana,Species,,,3303127,77332388-1,,<NA>,(2023),Phytotaxa,Réunion,unambiguous_accepted,wcvp,"{""climate_description"": ""wet tropical"", ""lifeform_description"": ""tuberous geophyte"", ""volume_and_page"": ""629: 181""}"
Cynorkis kaessneriana,wfo,1,Bicornella kassneriana,Bicornella kassneriana [Unknown; wfo],Cynorkis kaessneriana Kraenzl.,Kraenzl.,Orchidaceae,Bicornella,kassneriana,species,,,,,wfo-0000911667,,Richardiana 6: 145 (2006),,,unambiguous_accepted,wfo,"{""majorGroup"": ""A"", ""originalNameUsageID"": ""wfo-0000934892"", ""references"": ""https://powo.science.kew.org/taxon/urn:lsid:ipni.org:names:60452119-2"", ""source"": ""World Checklist of Vascular Plants. Facilitated by the Royal Botanic Gardens, Kew."", ""taxonRemarks"": ""Source in seed data: wcs Update namepublishedIn from Richardiana 6(3): 145. 2006 [30 Jun 2006] to Richardiana 6: 145 (2006), information provided by Alan E. on email Jun. 07 2021 More details could be found in <a href=http://www.theplantlist.org/tpl1.1/r"", ""tplId"": ""kew-456559"", ""wfo_nomenclatural_status"": ""Valid""}"
Cynorkis kiehnii,wcvp,0,,,"Cynorkis kiehnii Hermans, Sieder & Prehsler","Hermans, Sieder & Prehsler",Orchidaceae,Cynorkis,kiehnii,Species,,,3310697,<NA>,,<NA>,(2020),Kew Bull.,Madagascar,unambiguous_accepted,wcvp,"{""climate_description"": ""seasonally dry tropical"", ""lifeform_description"": ""tuberous geophyte"", ""volume_and_page"": ""75(4)-50: 1""}"
Cynorkis manompanensis,wcvp,0,,,"Cynorkis manompanensis Hervouet, Pailler & V.Lavergne","Hervouet, Pailler & V.Lavergne",Orchidaceae,Cynorkis,manompanensis,Species,,,3312780,77353485-1,,<NA>,(2024),Orchids (West Palm Beach),Madagascar,unambiguous_accepted,wcvp,"{""climate_description"": ""seasonally dry tropical"", ""lifeform_description"": ""tuberous geophyte"", ""volume_and_page"": ""93: 865""}"
Cynorkis marianneae,wcvp,0,,,Cynorkis marianneae Hermans,Hermans,Orchidaceae,Cynorkis,marianneae,Species,,,3310698,<NA>,,<NA>,(2020),Kew Bull.,Madagascar,unambiguous_accepted,wcvp,"{""climate_description"": ""seasonally dry tropical"", ""lifeform_description"": ""tuberous geophyte"", ""volume_and_page"": ""75(4)-50: 2""}"
Cynorkis marmorata,wcvp,0,,,Cynorkis marmorata Hermans,Hermans,Orchidaceae,Cynorkis,marmorata,Species,,,3310699,<NA>,,<NA>,(2020),Kew Bull.,Madagascar,unambiguous_accepted,wcvp,"{""climate_description"": ""seasonally dry tropical"", ""lifeform_description"": ""tuberous geophyte"", ""volume_and_page"": ""75(4)-50: 6""}"
Cynorkis mauritiana,wcvp,0,,,Cynorkis mauritiana (A.Rich.) Pailler & Baider,(A.Rich.) Pailler & Baider,Orchidaceae,Cynorkis,mauritiana,Species,,,3312996,77349411-1,,15873,(2024),Adansonia,"Mauritius, Réunion",unambiguous_accepted,wcvp,"{""climate_description"": ""wet tropical"", ""lifeform_description"": ""tuberous geophyte"", ""volume_and_page"": "", sér. 3, 46: 164""}"
Cynorkis murex,wcvp,0,,,Cynorkis murex Hermans,Hermans,Orchidaceae,Cynorkis,murex,Species,,,3310700,<NA>,,<NA>,(2020),Kew Bull.,Madagascar,unambiguous_accepted,wcvp,"{""climate_description"": ""seasonally dry tropical"", ""lifeform_description"": ""tuberous geophyte"", ""volume_and_page"": ""75(4)-50: 9""}"
Cypholoron convexa,wfo,0,,,Cypholoron convexa Schuit. & A.Vogel,Schuit. & A.Vogel,Orchidaceae,Cypholoron,convexa,species,,,,,wfo-0001088802,,Orchideeën 44: 20 (1982),,,unambiguous_accepted,wfo,"{""majorGroup"": ""A"", ""source"": ""World Checklist of Vascular Plants. Facilitated by the Royal Botanic Gardens, Kew."", ""taxonRemarks"": ""Source in seed data: tro Updated scientificnameAuthorship from Schuit. & de Vogel to Schuit. & A.Vogel, information provided by Alan E. on email Oct. 12 2020 More details could be found in <a href=http://www.theplantlist.org/tpl1.1/record/tro-23519401 >T"", ""tplId"": ""tro-23519401"", ""wfo_nomenclatural_status"": ""Valid""}"
Cypripedium albopurpureum,wcvp,1,Selenipedium albopurpureum,Selenipedium albopurpureum [Homotypic; wcvp],Cypripedium × albopurpureum Rchb.f.,Rchb.f.,Orchidaceae,Selenipedium,albopurpureum,Species,,,190411,77192264-1,,53878,(1887),Ill. Dict. Gard.,,unambiguous_accepted,wcvp,"{""hybrid"": true, ""volume_and_page"": ""3: 413""}"
Cypripedium alcides,wcvp,0,,,Cypripedium × alcides Rolfe,Rolfe,Orchidaceae,Cypripedium,alcides,Species,,,53881,625585-1,,<NA>,(1891),Gard. Chron.,,unambiguous_accepted,wcvp,"{""hybrid"": true, ""volume_and_page"": "", ser. 3, 9: 40""}"
Cypripedium alfredii,wcvp,0,,,Cypripedium × alfredii N.E.Br.,N.E.Br.,Orchidaceae,Cypripedium,alfredii,Species,,,53882,625586-1,,<NA>,(1890),Gard. Chron.,,unambiguous_accepted,wcvp,"{""hybrid"": true, ""volume_and_page"": "", ser. 3, 8: 294""}"
Cypripedium alice,wcvp,0,,,Cypripedium × alice N.E.Br.,N.E.Br.,Orchidaceae,Paphiopedilum,stonei,Subspecies,,,147261,887777-1,,<NA>,(1977),Orchid Rev.,,unambiguous_accepted,wcvp,"{""volume_and_page"": ""85: 157""}"
Cypripedium almum,wcvp,0,,,Cypripedium × almum Rchb.f.,Rchb.f.,Orchidaceae,Cypripedium,almum,Species,,,53885,625588-1,,<NA>,(1887),Gard. Chron.,,unambiguous_accepted,wcvp,"{""hybrid"": true, ""volume_and_page"": "", ser. 3, 1: 512""}"
Cypripedium aphrodite,wcvp,1,Cypripedium antigone,Cypripedium antigone [Heterotypic; wcvp],Cypripedium × aphrodite A.H.Kent,A.H.Kent,Orchidaceae,Cypripedium,antigone,Species,,,53892,625594-1,,<NA>,(1896),Gard. Chron.,,unambiguous_accepted,wcvp,"{""hybrid"": true, ""volume_and_page"": "", ser. 3, 20: 716""}"
Cypripedium apiculatum,wcvp,0,,,Cypripedium × apiculatum Veitch ex Rchb.f.,Veitch ex Rchb.f.,Orchidaceae,Cypripedium,apiculatum,Species,,,53894,625595-1,,<NA>,(1886),Gard. Chron.,,unambiguous_accepted,wcvp,"{""hybrid"": true, ""volume_and_page"": "", n.s., 25: 617""}"
Cypripedium arnoldianum,wcvp,0,,,Cypripedium × arnoldianum Manda,Manda,Orchidaceae,Cypripedium,arnoldianum,Species,,,53900,625600-1,,<NA>,(1890),Gard. Chron.,,unambiguous_accepted,wcvp,"{""hybrid"": true, ""volume_and_page"": "", ser. 3, 8: 632""}"
Cypripedium arthurianum,wcvp,0,,,Cypripedium × arthurianum Rchb.f.,Rchb.f.,Orchidaceae,Cypripedium,arthurianum,Species,,,53902,625510-1,,<NA>,(1887),Lindenia,,unambiguous_accepted,wcvp,"{""hybrid"": true, ""volume_and_page"": ""3: 53""}"
Cypripedium ashworthiae,wcvp,0,,,Cypripedium × ashworthiae B.S.Williams,B.S.Williams,Orchidaceae,Cypripedium,ashworthiae,Species,,,53905,625512-1,,<NA>,(1894),Orch.-Grow. Man.,,unambiguous_accepted,wcvp,"{""hybrid"": true, ""volume_and_page"": "", ed. 7: 232""}"
Cypripedium auroreum,wcvp,0,,,Cypripedium × auroreum Rchb.f.,Rchb.f.,Orchidaceae,Cypripedium,auroreum,Species,,,53911,625513-1,,<NA>,(1887),Gard. Chron.,,unambiguous_accepted,wcvp,"{""hybrid"": true, ""volume_and_page"": "", ser. 3, 1: 179""}"
Cypripedium aylingii,wcvp,0,,,Cypripedium × aylingii L.Castle,L.Castle,Orchidaceae,Cypripedium,aylingii,Species,,,53912,625606-1,,<NA>,(1896),J. Hort. Pract. Gard.,,unambiguous_accepted,wcvp,"{""hybrid"": true, ""volume_and_page"": ""1896: 480""}"
Cypripedium baconis,wcvp,3,"Cypripedium edithae, Selenipedium baconis, Selenipedium edithae","Cypripedium edithae [Heterotypic; wcvp], Selenipedium baconis [Homotypic; wcvp], Selenipedium edithae [Heterotypic; wcvp]",Cypripedium × baconis Kraenzl.,Kraenzl.,Orchidaceae,Selenipedium,edithae,Species,,,371583,77246258-1,,54052,(1893),Orchid Rev.,,unambiguous_accepted,wcvp,"{""hybrid"": true, ""volume_and_page"": ""1: 358""}"
Cypripedium beatrice,wcvp,0,,,Cypripedium × beatrice N.E.Br.,N.E.Br.,Orchidaceae,Cypripedium,beatrice,Species,,,53924,625613-1,,<NA>,(1889),Gard. Chron.,,unambiguous_accepted,wcvp,"{""hybrid"": true, ""volume_and_page"": "", ser. 3, 6: 266""}"
Cypripedium berenice,wcvp,0,,,Cypripedium × berenice Rolfe,Rolfe,Orchidaceae,Cypripedium,berenice,Species,,,53928,625615-1,,<NA>,(1891),Gard. Chron.,,unambiguous_accepted,wcvp,"{""hybrid"": true, ""volume_and_page"": "", ser. 3, 9: 136""}"
Cypripedium brysa,wcvp,2,"Cypripedium thersites, Selenipedium brysa","Cypripedium thersites [Nomenclatural; wcvp], Selenipedium brysa [Heterotypic; wcvp]",Cypripedium × brysa Mast.,Mast.,Orchidaceae,Selenipedium,brysa,Variety,,,371593,77291253-1,,371592,(1895),Orchid Rev.,,unambiguous_accepted,wcvp,"{""hybrid"": true, ""volume_and_page"": ""3: 80""}"
Cypripedium buchanianum,wcvp,0,,,Cypripedium × buchanianum Gower,Gower,Orchidaceae,Cypripedium,buchanianum,Species,,,53941,625627-1,,<NA>,(1889),"Garden (London, 1871-1927)",,unambiguous_accepted,wcvp,"{""hybrid"": true, ""volume_and_page"": ""35: 8""}"
Cypripedium burfordiense,wcvp,0,,,Cypripedium × burfordiense Rchb.f.,Rchb.f.,Orchidaceae,Cypripedium,burfordiense,Species,,,53945,625632-1,,<NA>,(1888),Gard. Chron.,,unambiguous_accepted,wcvp,"{""hybrid"": true, ""volume_and_page"": "", ser. 3, 4: 724""}"
Cypripedium calanthum,wcvp,0,,,Cypripedium × calanthum Rchb.f.,Rchb.f.,Orchidaceae,Cypripedium,calanthum,Species,,,53947,625633-1,,<NA>,(1880),Gard. Chron.,,unambiguous_accepted,wcvp,"{""hybrid"": true, ""volume_and_page"": "", n.s., 14: 652""}"
Cypripedium calophyllum,wcvp,0,,,Cypripedium × calophyllum Rchb.f.,Rchb.f.,Orchidaceae,Cypripedium,calophyllum,Species,,,53957,625641-1,,<NA>,(1881),Gard. Chron.,,unambiguous_accepted,wcvp,"{""hybrid"": true, ""volume_and_page"": "", n.s., 15: 169""}"
Cypripedium calypso,wcvp,0,,,Cypripedium × calypso B.S.Williams,B.S.Williams,Orchidaceae,Cypripedium,calypso,Species,,,53959,625520-1,,<NA>,(1894),Orch.-Grow. Man.,,unambiguous_accepted,wcvp,"{""hybrid"": true, ""volume_and_page"": "", ed. 7: 238""}"
Cypripedium canhamiae,wcvp,0,,,Cypripedium × canhamiae T.Moore & Mast.,T.Moore & Mast.,Orchidaceae,Cypripedium,canhamiae,Species,,,53963,625647-1,,<NA>,(1887),Gard. Chron.,,unambiguous_accepted,wcvp,"{""hybrid"": true, ""volume_and_page"": "", ser. 3, 2: 746""}"
Cypripedium carrierei,wcvp,0,,,Cypripedium × carrierei Anon.,Anon.,Orchidaceae,Cypripedium,carrierei,Species,,,53969,77239627-1,,<NA>,(1887),Monit. Hort. Arboric. Vitic. Sci. Arts Industr. Hort.,,unambiguous_accepted,wcvp,"{""hybrid"": true, ""volume_and_page"": ""1887: 54""}"
Cypripedium cassiope,wcvp,1,Cypripedium rubrum,Cypripedium rubrum [Heterotypic; wcvp],Cypripedium × cassiope Rolfe,Rolfe,Orchidaceae,Cypripedium,cassiope,Species,,,53970,625654-1,,<NA>,(1889),Gard. Chron.,,unambiguous_accepted,wcvp,"{""hybrid"": true, ""volume_and_page"": "", ser. 3, 5: 200""}"
Cypripedium castleanum,wcvp,0,,,Cypripedium × castleanum Rolfe,Rolfe,Orchidaceae,Cypripedium,castleanum,Species,,,53971,625655-1,,<NA>,(1891),Gard. Chron.,,unambiguous_accepted,wcvp,"{""hybrid"": true, ""volume_and_page"": "", ser. 3, 9: 39""}"
Cypripedium celia,wcvp,0,,,Cypripedium × celia Rolfe,Rolfe,Orchidaceae,Cypripedium,celia,Species,,,53975,625658-1,,<NA>,(1891),Gard. Chron.,,unambiguous_accepted,wcvp,"{""hybrid"": true, ""volume_and_page"": "", ser. 3, 9: 104""}"
Cypripedium ceres,wcvp,2,"Cypripedium huybrechtsianum, Cypripedium memoria-moensi","Cypripedium huybrechtsianum [Heterotypic; wcvp], Cypripedium memoria-moensi [Heterotypic; wcvp]",Cypripedium × ceres N.E.Br.,N.E.Br.,Orchidaceae,Cypripedium,ceres,Species,,,53976,625659-1,,<NA>,(1891),Gard. Chron.,,unambiguous_accepted,wcvp,"{""hybrid"": true, ""volume_and_page"": "", ser. 3, 9: 360""}"
Cypripedium claptonense,wcvp,0,,,Cypripedium × claptonense Rchb.f.,Rchb.f.,Orchidaceae,Cypripedium,claptonense,Species,,,53990,625671-1,,<NA>,(1889),Gard. Chron.,,unambiguous_accepted,wcvp,"{""hybrid"": true, ""volume_and_page"": "", ser. 3, 5: 168""}"
Cypripedium cleopatra,wcvp,0,,,Cypripedium × cleopatra O'Brien,O'Brien,Orchidaceae,Cypripedium,cleopatra,Species,,,53992,625673-1,,<NA>,(1892),Gard. Chron.,,unambiguous_accepted,wcvp,"{""hybrid"": true, ""volume_and_page"": "", ser. 3, 11: 458""}"
Cypripedium clinkaberryanum,wcvp,2,"Cypripedium corningianum, Cypripedium youngianum","Cypripedium corningianum [Heterotypic; wcvp], Cypripedium youngianum [Heterotypic; wcvp]",Cypripedium × clinkaberryanum O'Brien,O'Brien,Orchidaceae,Cypripedium,clinkaberryanum,Species,,,53993,625674-1,,<NA>,(1893),Gard. Chron.,,unambiguous_accepted,wcvp,"{""hybrid"": true, ""volume_and_page"": "", ser. 3, 14: 86""}"
Cypripedium concolawre,wcvp,0,,,Cypripedium × concolawre Anon.,Anon.,Orchidaceae,Cypripedium,concolawre,Species,,,53998,77239904-1,,<NA>,(1894),Orchid Rev.,,unambiguous_accepted,wcvp,"{""hybrid"": true, ""volume_and_page"": ""2: 339""}"
Cypripedium constance,wcvp,0,,,Cypripedium × constance N.E.Br.,N.E.Br.,Orchidaceae,Cypripedium,constance,Species,,,54006,625681-1,,<NA>,(1890),Gard. Chron.,,unambiguous_accepted,wcvp,"{""hybrid"": true, ""volume_and_page"": "", ser. 3, 8: 294""}"
Cypripedium coppinianum,wcvp,1,Selenipedium coppinianum,Selenipedium coppinianum [Homotypic; wcvp],Cypripedium × coppinianum Measures,Measures,Orchidaceae,Selenipedium,coppinianum,Species,,,371601,77246823-1,,371600,(1893),Orchid Rev.,,unambiguous_accepted,wcvp,"{""hybrid"": true, ""volume_and_page"": ""1: 325""}"
Cypripedium cowleyanum,wcvp,0,,,Cypripedium × cowleyanum O'Brien,O'Brien,Orchidaceae,Cypripedium,cowleyanum,Species,,,54014,625687-1,,<NA>,(1892),Gard. Chron.,,unambiguous_accepted,wcvp,"{""hybrid"": true, ""volume_and_page"": "", ser. 3, 11: 72""}"
Cypripedium cythera,wcvp,2,"Cypripedium diana, Cypripedium hermione","Cypripedium diana [Heterotypic; wcvp], Cypripedium hermione [Heterotypic; wcvp]",Cypripedium × cythera Rolfe,Rolfe,Orchidaceae,Cypripedium,cythera,Species,,,54023,625694-1,,<NA>,(1890),Gard. Chron.,,unambiguous_accepted,wcvp,"{""hybrid"": true, ""volume_and_page"": "", ser. 3, 7: 72""}"
Cypripedium doris,wcvp,0,,,Cypripedium × doris Rolfe,Rolfe,Orchidaceae,Cypripedium,doris,Species,,,54049,625715-1,,<NA>,(1890),Gard. Chron.,,unambiguous_accepted,wcvp,"{""hybrid"": true, ""volume_and_page"": "", ser. 3, 8: 716""}"
Cypripedium elinor,wcvp,0,,,Cypripedium × elinor N.E.Br.,N.E.Br.,Orchidaceae,Cypripedium,elinor,Species,,,54057,625722-1,,<NA>,(1890),Gard. Chron.,,unambiguous_accepted,wcvp,"{""hybrid"": true, ""volume_and_page"": "", ser. 3, 8: 38""}"
Cypripedium elsteadianum,wcvp,1,Selenipedium elsteadianum,Selenipedium elsteadianum [Homotypic; wcvp],Cypripedium × elsteadianum Measures,Measures,Orchidaceae,Selenipedium,elsteadianum,Species,,,190427,77246587-1,,371602,(1893),Orchid Rev.,,unambiguous_accepted,wcvp,"{""hybrid"": true, ""volume_and_page"": ""1: 358""}"
Cypripedium enfieldiense,wcvp,1,Cypripedium richardsonii,Cypripedium richardsonii [Heterotypic; wcvp],Cypripedium × enfieldiense Mast.,Mast.,Orchidaceae,Cypripedium,enfieldiense,Species,,,54059,625724-1,,<NA>,(1892),Gard. Chron.,,unambiguous_accepted,wcvp,"{""hybrid"": true, ""volume_and_page"": "", ser. 3, 11: 88""}"
Cypripedium eucharis,wcvp,0,,,Cypripedium × eucharis Desbois,Desbois,Orchidaceae,Cypripedium,eucharis,Species,,,54063,625729-1,,<NA>,(1893),Gard. Chron.,,unambiguous_accepted,wcvp,"{""hybrid"": true, ""volume_and_page"": "", ser. 3, 13: 195""}"
Cypripedium euryale,wcvp,3,"Cypripedium goweri, Cypripedium robinsonianum, Cypripedium sylvia","Cypripedium goweri [Heterotypic; wcvp], Cypripedium robinsonianum [Nomenclatural; wcvp], Cypripedium sylvia [Heterotypic; wcvp]",Cypripedium × euryale A.H.Kent,A.H.Kent,Orchidaceae,Cypripedium,robinsonianum,Species,,,499782,625941-1,,<NA>,(1893),Coll. Cyprip.,,unambiguous_accepted,wcvp,"{""hybrid"": true, ""nomenclatural_remarks"": "", nom. nud."", ""volume_and_page"": "", ed. 2: 40""}"
Cypripedium euryandrum,wcvp,0,,,Cypripedium × euryandrum Rchb.f.,Rchb.f.,Orchidaceae,Cypripedium,euryandrum,Species,,,54065,625731-1,,<NA>,(1875),Gard. Chron.,,unambiguous_accepted,wcvp,"{""hybrid"": true, ""volume_and_page"": "", n.s., 4: 772""}"
Cypripedium figaro,wcvp,0,,,Cypripedium × figaro O'Brien,O'Brien,Orchidaceae,Cypripedium,figaro,Species,,,54078,625742-1,,<NA>,(1889),Gard. Chron.,,unambiguous_accepted,wcvp,"{""hybrid"": true, ""volume_and_page"": "", ser. 3, 6: 750""}"
Cypripedium fraseri,wcvp,0,,,Cypripedium × fraseri Rchb.f.,Rchb.f.,Orchidaceae,Cypripedium,fraseri,Species,,,54087,625748-1,,<NA>,(1896),Lindenia,,unambiguous_accepted,wcvp,"{""hybrid"": true, ""volume_and_page"": ""6: 29""}"
Cypripedium galatea,wcvp,2,"Cypripedium creon, Cypripedium electra","Cypripedium creon [Heterotypic; wcvp], Cypripedium electra [Heterotypic; wcvp]",Cypripedium × galatea Rolfe,Rolfe,Orchidaceae,Cypripedium,electra,Species,,,54055,625720-1,,<NA>,(1888),Gard. Chron.,,unambiguous_accepted,wcvp,"{""hybrid"": true, ""volume_and_page"": "", ser. 3, 3: 297""}"
Cypripedium germinyanum,wcvp,0,,,Cypripedium × germinyanum Veitch ex Rchb.f.,Veitch ex Rchb.f.,Orchidaceae,Cypripedium,germinyanum,Species,,,54095,625753-1,,<NA>,(1886),Gard. Chron.,,unambiguous_accepted,wcvp,"{""hybrid"": true, ""volume_and_page"": "", n.s., 25: 200""}"
Cypripedium gigas,wcvp,0,,,Cypripedium × gigas O'Brien,O'Brien,Orchidaceae,Cypripedium,gigas,Species,,,54097,625755-1,,<NA>,(1892),Gard. Chron.,,unambiguous_accepted,wcvp,"{""hybrid"": true, ""volume_and_page"": "", ser. 3, 11: 136""}"
Cypripedium godseffianum,wcvp,1,Cypripedium bragaianum,Cypripedium bragaianum [Heterotypic; wcvp],Cypripedium × godseffianum Rolfe,Rolfe,Orchidaceae,Cypripedium,godseffianum,Species,,,54103,625759-1,,<NA>,(1888),Gard. Chron.,,unambiguous_accepted,wcvp,"{""hybrid"": true, ""volume_and_page"": "", ser. 3, 3: 296""}"
Cypripedium hardyanum,wcvp,2,"Cypripedium penalus, Selenipedium hardyanum","Cypripedium penalus [Heterotypic; wcvp], Selenipedium hardyanum [Homotypic; wcvp]",Cypripedium × hardyanum Mast.,Mast.,Orchidaceae,Selenipedium,hardyanum,Species,,,371597,77246758-1,,371596,(1893),Orchid Rev.,,unambiguous_accepted,wcvp,"{""hybrid"": true, ""volume_and_page"": ""1: 358""}"
Cypripedium harrisianum,wcvp,4,"Cypripedium dauthieri, Cypripedium lucienianum, Cypripedium vanhoutteanum, Cypripedium williamsianum","Cypripedium dauthieri [Heterotypic; wcvp], Cypripedium lucienianum [Heterotypic; wcvp], Cypripedium vanhoutteanum [Heterotypic; wcvp], Cypripedium williamsianum [Heterotypic; wcvp]",Cypripedium × harrisianum Rchb.f.,Rchb.f.,Orchidaceae,Cypripedium,lucienianum,Species,,,54197,77239910-1,,<NA>,(1892),Lindenia,,unambiguous_accepted,wcvp,"{""hybrid"": true, ""volume_and_page"": ""8: 55""}"
Cypripedium hornianum,wcvp,2,"Cypripedium adonis, Cypripedium picturatum","Cypripedium adonis [Heterotypic; wcvp], Cypripedium picturatum [Heterotypic; wcvp]",Cypripedium × hornianum Rchb.f.,Rchb.f.,Orchidaceae,Cypripedium,hornianum,Species,,,54131,625779-1,,<NA>,(1887),Gard. Chron.,,unambiguous_accepted,wcvp,"{""hybrid"": true, ""volume_and_page"": "", ser. 3, 1: 428""}"
Cypripedium io,wcvp,0,,,Cypripedium × io Rchb.f.,Rchb.f.,Orchidaceae,Cypripedium,io,Species,,,54143,625788-1,,<NA>,(1886),Gard. Chron.,,unambiguous_accepted,wcvp,"{""hybrid"": true, ""volume_and_page"": "", n.s., 25: 488""}"
Cypripedium johnsonianum,wcvp,0,,,Cypripedium × johnsonianum Sander,Sander,Orchidaceae,Cypripedium,johnsonianum,Species,,,54151,625540-1,,<NA>,(1892),Gard. Chron.,,unambiguous_accepted,wcvp,"{""hybrid"": true, ""volume_and_page"": "", ser. 3, 12: 744""}"
Cypripedium juno,wcvp,0,,,Cypripedium × juno N.E.Br.,N.E.Br.,Orchidaceae,Cypripedium,juno,Species,,,54153,625795-1,,<NA>,(1891),Gard. Chron.,,unambiguous_accepted,wcvp,"{""hybrid"": true, ""volume_and_page"": "", ser. 3, 9: 360""}"
Cypripedium lawrebel,wcvp,0,,,Cypripedium × lawrebel Linden,Linden,Orchidaceae,Cypripedium,lawrebel,Species,,,54170,77240147-1,,<NA>,(1892),Gard. Chron.,,unambiguous_accepted,wcvp,"{""hybrid"": true, ""volume_and_page"": "", ser. 3, 11: 502""}"
Cypripedium leeanum,wcvp,2,"Cypripedium albertianum, Cypripedium engelhardtae","Cypripedium albertianum [Heterotypic; wcvp], Cypripedium engelhardtae [Heterotypic; wcvp]",Cypripedium × leeanum Rchb.f.,Rchb.f.,Orchidaceae,Cypripedium,engelhardtae,Species,,,54060,625725-1,,<NA>,(1890),Lindenia,,unambiguous_accepted,wcvp,"{""hybrid"": true, ""volume_and_page"": ""6: 81""}"
Cypripedium leonae,wcvp,0,,,Cypripedium × leonae Linden,Linden,Orchidaceae,Cypripedium,leonae,Species,,,54180,625818-1,,<NA>,(1892),Lindenia,,unambiguous_accepted,wcvp,"{""hybrid"": true, ""volume_and_page"": ""8: 51""}"
Cypripedium lynchianum,wcvp,0,,,Cypripedium × lynchianum Sander,Sander,Orchidaceae,Cypripedium,lynchianum,Species,,,54210,625547-1,,<NA>,(1893),Gard. Chron.,,unambiguous_accepted,wcvp,"{""hybrid"": true, ""volume_and_page"": "", ser. 3, 14: 692""}"
Cypripedium macfarlanei,wcvp,0,,,Cypripedium × macfarlanei Kraenzl.,Kraenzl.,Orchidaceae,Cypripedium,macfarlanei,Species,,,54211,625834-1,,<NA>,(1891),Gard. Chron.,,unambiguous_accepted,wcvp,"{""hybrid"": true, ""volume_and_page"": "", ser. 3, 10: 300""}"
Cypripedium macropterum,wcvp,0,,,Cypripedium × macropterum Rchb.f.,Rchb.f.,Orchidaceae,Cypripedium,macropterum,Species,,,54224,625837-1,,<NA>,(1882),Gard. Chron.,,unambiguous_accepted,wcvp,"{""hybrid"": true, ""volume_and_page"": "", n.s., 18: 552""}"
Cypripedium marmorophyllum,wcvp,2,"Cypripedium fitchianum, Cypripedium gemmiferum","Cypripedium fitchianum [Heterotypic; wcvp], Cypripedium gemmiferum [Heterotypic; wcvp]",Cypripedium × marmorophyllum Rchb.f.,Rchb.f.,Orchidaceae,Cypripedium,marmorophyllum,Species,,,54232,625844-1,,<NA>,(1876),Gard. Chron.,,unambiguous_accepted,wcvp,"{""hybrid"": true, ""volume_and_page"": "", n.s., 6: 130""}"
Cypripedium massainum,wcvp,0,,,Cypripedium × massainum Weathers,Weathers,Orchidaceae,Cypripedium,massainum,Species,,,54234,625845-1,,<NA>,(1893),Gard. Chron.,,unambiguous_accepted,wcvp,"{""hybrid"": true, ""volume_and_page"": "", ser. 3, 14: 267""}"
Cypripedium maynardii,wcvp,0,,,Cypripedium × maynardii Rolfe,Rolfe,Orchidaceae,Cypripedium,maynardii,Species,,,54238,625848-1,,<NA>,(1890),Gard. Chron.,,unambiguous_accepted,wcvp,"{""hybrid"": true, ""volume_and_page"": "", ser. 3, 8: 702""}"
Cypripedium minerva,wcvp,0,,,Cypripedium × minerva Rolfe,Rolfe,Orchidaceae,Cypripedium,minerva,Species,,,54247,625856-1,,<NA>,(1889),Gard. Chron.,,unambiguous_accepted,wcvp,"{""hybrid"": true, ""volume_and_page"": "", ser. 3, 6: 464""}"
Cypripedium morganiae,wcvp,0,,,Cypripedium × morganiae Rchb.f.,Rchb.f.,Orchidaceae,Cypripedium,morganiae,Species,,,54256,625862-1,,<NA>,(1880),Gard. Chron.,,unambiguous_accepted,wcvp,"{""hybrid"": true, ""volume_and_page"": "", n.s., 14: 134""}"
Cypripedium murillo,wcvp,1,Cypripedium dibdin,Cypripedium dibdin [Heterotypic; wcvp],Cypripedium × murillo Desbois,Desbois,Orchidaceae,Cypripedium,murillo,Species,,,54257,625863-1,,<NA>,(1893),Gard. Chron.,,unambiguous_accepted,wcvp,"{""hybrid"": true, ""volume_and_page"": "", ser. 3, 13: 163""}"
Cypripedium niobe,wcvp,2,"Cypripedium gaskellianum, Cypripedium minos","Cypripedium gaskellianum [Heterotypic; wcvp], Cypripedium minos [Heterotypic; wcvp]",Cypripedium × niobe Rolfe,Rolfe,Orchidaceae,Cypripedium,niobe,Species,,,54262,625867-1,,<NA>,(1890),Gard. Chron.,,unambiguous_accepted,wcvp,"{""hybrid"": true, ""volume_and_page"": "", ser. 3, 7: 91""}"
Cypripedium nitidissimum,wcvp,5,"Cypripedium chrysocomes, Cypripedium clonius, Selenipedium clonius, Selenipedium hybridum, Selenipedium nitidissimum","Cypripedium chrysocomes [Heterotypic; wcvp], Cypripedium clonius [Heterotypic; wcvp], Selenipedium clonius [Heterotypic; wcvp], Selenipedium hybridum [Heterotypic; wcvp], Selenipedium nitidissimum [Homotypic; wcvp]",Cypripedium × nitidissimum Rchb.f.,Rchb.f.,Orchidaceae,Selenipedium,nitidissimum,Species,,,371577,657525-1,,54264,(1894),Reichenbachiana,,unambiguous_accepted,wcvp,"{""hybrid"": true, ""volume_and_page"": "", ser. 2, 2: 57""}"
Cypripedium numa,wcvp,0,,,Cypripedium × numa Rolfe,Rolfe,Orchidaceae,Cypripedium,numa,Species,,,54267,625871-1,,<NA>,(1890),Gard. Chron.,,unambiguous_accepted,wcvp,"{""hybrid"": true, ""volume_and_page"": "", ser. 3, 7: 608""}"
Cypripedium orphanum,wcvp,0,,,Cypripedium × orphanum Veitch ex Rchb.f.,Veitch ex Rchb.f.,Orchidaceae,Cypripedium,orphanum,Species,,,54278,625881-1,,<NA>,(1886),Gard. Chron.,,unambiguous_accepted,wcvp,"{""hybrid"": true, ""volume_and_page"": "", n.s., 26: 166""}"
Cypripedium orpheus,wcvp,0,,,Cypripedium × orpheus Rolfe,Rolfe,Orchidaceae,Cypripedium,orpheus,Species,,,54279,625882-1,,<NA>,(1891),Gard. Chron.,,unambiguous_accepted,wcvp,"{""hybrid"": true, ""volume_and_page"": "", ser. 3, 9: 39""}"
Cypripedium pageanum,wcvp,1,Cypripedium oenone,Cypripedium oenone [Heterotypic; wcvp],Cypripedium × pageanum Rchb.f.,Rchb.f.,Orchidaceae,Cypripedium,oenone,Species,,,54271,625875-1,,<NA>,(1890),Gard. Chron.,,unambiguous_accepted,wcvp,"{""hybrid"": true, ""volume_and_page"": "", ser. 3, 7: 260""}"
Cypripedium paris,wcvp,0,,,Cypripedium × paris Rolfe,Rolfe,Orchidaceae,Cypripedium,paris,Species,,,54286,625890-1,,<NA>,(1893),Orchid Rev.,,unambiguous_accepted,wcvp,"{""hybrid"": true, ""volume_and_page"": ""1: 88""}"
Cypripedium parviﬂorum Salisb.,cites_pdf,7,"Calceolus parviﬂorus (Salisb.) Nieuwl., Criosanthes parviﬂora (Salisb.) Raf., Cypripedium bulbosum var. parviﬂorum, Cypripedium calceolus subsp. parviﬂorum, Cypripedium calceolus var. parviﬂorum, Cypripedium hirsutum var. parviﬂorum, Cypripedium luteum var. parviﬂorum","Calceolus parviﬂorus (Salisb.) Nieuwl. [Unknown; cites_pdf], Criosanthes parviﬂora (Salisb.) Raf. [Unknown; cites_pdf], Cypripedium bulbosum var. parviﬂorum [Unknown; cites_pdf], Cypripedium calceolus subsp. parviﬂorum [Unknown; cites_pdf], Cypripedium calceolus var. parviﬂorum [Unknown; cites_pdf], Cypripedium hirsutum var. parviﬂorum [Unknown; cites_pdf], Cypripedium luteum var. parviﬂorum [Unknown; cites_pdf]",Cypripedium parviﬂorum Salisb.,,Orchidaceae,Calceolus,parviﬂorus,,,,,,,,,,,unambiguous_accepted,cites_pdf,"{""accepted_genus"": ""Cypripedium"", ""page"": 152, ""y"": 371.4}"
Cypripedium parviﬂorum var. makasin (Farw.) Sheviak,cites_pdf,1,Cypripedium pubescens var. makasin,Cypripedium pubescens var. makasin [Unknown; cites_pdf],Cypripedium parviﬂorum var. makasin (Farw.) Sheviak,,Orchidaceae,Cypripedium,makasin,,,,,,,,,,,unambiguous_accepted,cites_pdf,"{""page"": 233, ""y"": 658.3}"
Cypripedium parviﬂorum var. parviﬂorum,cites_pdf,2,"Cypripedium biﬁdum Raf., Cypripedium parviﬂorum f. albolabium Magrath & J.L.Norman","Cypripedium biﬁdum Raf. [Unknown; cites_pdf], Cypripedium parviﬂorum f. albolabium Magrath & J.L.Norman [Unknown; cites_pdf]",Cypripedium parviﬂorum var. parviﬂorum,,Orchidaceae,Cypripedium,biﬁdum,,,,,,,,,,,unambiguous_accepted,cites_pdf,"{""page"": 230, ""y"": 311.6}"
Cypripedium parviﬂorum var. pubescens (Willd.) O.W.Knight,cites_pdf,16,"Cypripedium bulbosum var. pubescens, Cypripedium bulbosum var. ﬂavescens, Cypripedium calceolus f. rupestre, Cypripedium calceolus var. planipetalum, Cypripedium calceolus var. pubescens, Cypripedium luteum var. angustifolium, Cypripedium luteum var. biﬂorum, Cypripedium luteum var. concolor, Cypripedium luteum var. glabrum, Cypripedium luteum var. grandiﬂorum, Cypripedium luteum var. maculatum, Cypripedium luteum var. pubescens, Cypripedium parviﬂorum f. planipetalum (Fernald) P.J.Cribb, Cypripedium parviﬂorum var. planipetalum Fernald, Cypripedium vittatum var. tortile, Cypripedium ﬂavescens Redout´e","Cypripedium bulbosum var. pubescens [Unknown; cites_pdf], Cypripedium bulbosum var. ﬂavescens [Unknown; cites_pdf], Cypripedium calceolus f. rupestre [Unknown; cites_pdf], Cypripedium calceolus var. planipetalum [Unknown; cites_pdf], Cypripedium calceolus var. pubescens [Unknown; cites_pdf], Cypripedium luteum var. angustifolium [Unknown; cites_pdf], Cypripedium luteum var. biﬂorum [Unknown; cites_pdf], Cypripedium luteum var. concolor [Unknown; cites_pdf], Cypripedium luteum var. glabrum [Unknown; cites_pdf], Cypripedium luteum var. grandiﬂorum [Unknown; cites_pdf], Cypripedium luteum var. maculatum [Unknown; cites_pdf], Cypripedium luteum var. pubescens [Unknown; cites_pdf], Cypripedium parviﬂorum f. planipetalum (Fernald) P.J.Cribb [Unknown; cites_pdf], Cypripedium parviﬂorum var. planipetalum Fernald [Unknown; cites_pdf], Cypripedium vittatum var. tortile [Unknown; cites_pdf], Cypripedium ﬂavescens Redout´e [Unknown; cites_pdf]",Cypripedium parviﬂorum var. pubescens (Willd.) O.W.Knight,,Orchidaceae,Cypripedium,assurgens,,,,,,,,,,,unambiguous_accepted,cites_pdf,"{""page"": 230, ""y"": 180.1}"
Cypripedium pavoninum,wcvp,1,Cypripedium desboisianum,Cypripedium desboisianum [Heterotypic; wcvp],Cypripedium × pavoninum Rchb.f.,Rchb.f.,Orchidaceae,Cypripedium,pavoninum,Species,,,54299,625900-1,,<NA>,(1888),Gard. Chron.,,unambiguous_accepted,wcvp,"{""hybrid"": true, ""volume_and_page"": "", ser. 3, 3: 264""}"
Cypripedium penelans,wcvp,0,,,Cypripedium × penelans H.J.Veitch,H.J.Veitch,Orchidaceae,Cypripedium,penelans,Species,,,54303,77239711-1,,<NA>,(1892),J. Hort. Pract. Gard.,,unambiguous_accepted,wcvp,"{""hybrid"": true, ""volume_and_page"": ""26: 319""}"
Cypripedium perseus,wcvp,3,"Cypripedium phaedra, Selenipedium perseus, Selenipedium phaedra","Cypripedium phaedra [Heterotypic; wcvp], Selenipedium perseus [Homotypic; wcvp], Selenipedium phaedra [Heterotypic; wcvp]",Cypripedium × perseus Rchb.f.,Rchb.f.,Orchidaceae,Selenipedium,perseus,Species,,,371586,77246799-1,,371585,(1893),Orchid Rev.,,unambiguous_accepted,wcvp,"{""hybrid"": true, ""volume_and_page"": ""1: 358""}"
Cypripedium pollettianum,wcvp,0,,,Cypripedium × pollettianum Rolfe,Rolfe,Orchidaceae,Cypripedium,pollettianum,Species,,,54320,625919-1,,<NA>,(1891),J. Hort. Pract. Gard.,,unambiguous_accepted,wcvp,"{""hybrid"": true, ""volume_and_page"": ""23: 559""}"
Cypripedium pryorianum,wcvp,0,,,Cypripedium × pryorianum B.S.Williams,B.S.Williams,Orchidaceae,Cypripedium,pryorianum,Species,,,54328,625925-1,,<NA>,(1893),Orch.-Grow. Man.,,unambiguous_accepted,wcvp,"{""hybrid"": true, ""volume_and_page"": "", ed. 7: 293""}"
Cypripedium pycnopterum,wcvp,1,Cypripedium porphyrospilum,Cypripedium porphyrospilum [Nomenclatural; wcvp],Cypripedium × pycnopterum Rchb.f.,Rchb.f.,Orchidaceae,Cypripedium,porphyrospilum,Species,,,54323,625923-1,,<NA>,(1893),Orch.-Grow. Man.,,unambiguous_accepted,wcvp,"{""hybrid"": true, ""nomenclatural_remarks"": "", nom. illeg."", ""volume_and_page"": "", ed. 7: 293""}"
Cypripedium radiosum,wcvp,1,Cypripedium variopictum,Cypripedium variopictum [Heterotypic; wcvp],Cypripedium × radiosum Rchb.f.,Rchb.f.,Orchidaceae,Cypripedium,radiosum,Species,,,54336,625932-1,,<NA>,(1885),Gard. Chron.,,unambiguous_accepted,wcvp,"{""hybrid"": true, ""volume_and_page"": "", n.s., 24: 424""}"
Cypripedium savageanum,wcvp,1,Cypripedium seegerianum,Cypripedium seegerianum [Heterotypic; wcvp],Cypripedium × savageanum Rchb.f.,Rchb.f.,Orchidaceae,Cypripedium,savageanum,Species,,,54359,625954-1,,<NA>,(1888),Gard. Chron.,,unambiguous_accepted,wcvp,"{""hybrid"": true, ""volume_and_page"": "", ser. 3, 4: 407""}"
Cypripedium schroederae,wcvp,1,Selenipedium schroederae,Selenipedium schroederae [Heterotypic; wcvp],Cypripedium × schroederae Rchb.f.,Rchb.f.,Orchidaceae,Selenipedium,schroederae,Variety,,,371595,77291771-1,,<NA>,(1895),Orchid Rev.,,unambiguous_accepted,wcvp,"{""hybrid"": true, ""volume_and_page"": ""3: 80""}"
Cypripedium selligerum,wcvp,1,Cypripedium peetersianum,Cypripedium peetersianum [Heterotypic; wcvp],Cypripedium × selligerum Veitch,Veitch,Orchidaceae,Cypripedium,peetersianum,Species,,,54301,625902-1,,<NA>,(1888),Gard. Chron.,,unambiguous_accepted,wcvp,"{""hybrid"": true, ""volume_and_page"": "", ser. 3, 3: 331""}"
Cypripedium southgatense,wcvp,0,,,Cypripedium × southgatense Anon.,Anon.,Orchidaceae,Cypripedium,southgatense,Species,,,54379,77239406-1,,<NA>,(1892),J. Hort. Pract. Gard.,,unambiguous_accepted,wcvp,"{""hybrid"": true, ""volume_and_page"": ""25: 39""}"
Cypripedium statterianum,wcvp,0,,,Cypripedium × statterianum B.S.Williams,B.S.Williams,Orchidaceae,Cypripedium,statterianum,Species,,,54386,77239893-1,,<NA>,(1893),J. Hort. Pract. Gard.,,unambiguous_accepted,wcvp,"{""hybrid"": true, ""volume_and_page"": ""27: 417""}"
Cypripedium superciliare,wcvp,1,Cypripedium barbatoveitchianum,Cypripedium barbatoveitchianum [Heterotypic; wcvp],Cypripedium × superciliare Rchb.f.,Rchb.f.,Orchidaceae,Cypripedium,barbatoveitchianum,Species,,,53914,625608-1,,<NA>,(1889),Lindenia,,unambiguous_accepted,wcvp,"{""hybrid"": true, ""volume_and_page"": ""5: 75""}"
Cypripedium swanianum,wcvp,1,Cypripedium delicatulum,Cypripedium delicatulum [Heterotypic; wcvp],Cypripedium × swanianum Rchb.f.,Rchb.f.,Orchidaceae,Cypripedium,delicatulum,Species,,,54037,625705-1,,<NA>,(1887),Gard. Chron.,,unambiguous_accepted,wcvp,"{""hybrid"": true, ""volume_and_page"": "", ser. 3, 2: 552""}"
Cypripedium swinburnei,wcvp,0,,,Cypripedium × swinburnei O'Brien,O'Brien,Orchidaceae,Cypripedium,swinburnei,Species,,,54394,77239381-1,,<NA>,(1892),Gard. Chron.,,unambiguous_accepted,wcvp,"{""hybrid"": true, ""volume_and_page"": "", ser. 3, 11: 88""}"
Cypripedium tautzianum,wcvp,0,,,Cypripedium × tautzianum Rchb.f.,Rchb.f.,Orchidaceae,Cypripedium,tautzianum,Species,,,54398,625988-1,,<NA>,(1886),Gard. Chron.,,unambiguous_accepted,wcvp,"{""hybrid"": true, ""volume_and_page"": "", n.s., 26: 681""}"
Cypripedium tessellatum,wcvp,0,,,Cypripedium × tessellatum Rchb.f.,Rchb.f.,Orchidaceae,Cypripedium,tessellatum,Species,,,54399,625989-1,,<NA>,(1875),Gard. Chron.,,unambiguous_accepted,wcvp,"{""hybrid"": true, ""volume_and_page"": "", n.s., 4: 614""}"
Cypripedium thibautianum,wcvp,0,,,Cypripedium × thibautianum Veitch ex Rchb.f.,Veitch ex Rchb.f.,Orchidaceae,Cypripedium,thibautianum,Species,,,54401,625990-1,,<NA>,(1886),Gard. Chron.,,unambiguous_accepted,wcvp,"{""hybrid"": true, ""volume_and_page"": "", n.s., 25: 104""}"
Cypripedium vexillarium,wcvp,0,,,Cypripedium × vexillarium Rchb.f.,Rchb.f.,Orchidaceae,Cypripedium,vexillarium,Species,,,54426,626008-1,,<NA>,(1870),Gard. Chron.,,unambiguous_accepted,wcvp,"{""hybrid"": true, ""volume_and_page"": ""1870: 1373""}"
Cypripedium vipanii,wcvp,0,,,Cypripedium × vipanii Anon.,Anon.,Orchidaceae,Cypripedium,vipanii,Species,,,54431,77239456-1,,<NA>,(1891),Bull. Misc. Inform. Kew,,unambiguous_accepted,wcvp,"{""hybrid"": true, ""volume_and_page"": ""1891(Add. 2): 41""}"
Cypripedium watsonianum,wcvp,0,,,Cypripedium × watsonianum Sander,Sander,Orchidaceae,Cypripedium,watsonianum,Species,,,54442,625574-1,,<NA>,(1893),Orchid Rev.,,unambiguous_accepted,wcvp,"{""hybrid"": true, ""volume_and_page"": ""1: 244""}"
Cypripedium winnianum,wcvp,0,,,Cypripedium × winnianum Rchb.f.,Rchb.f.,Orchidaceae,Cypripedium,winnianum,Species,,,54452,626027-1,,<NA>,(1886),Gard. Chron.,,unambiguous_accepted,wcvp,"{""hybrid"": true, ""volume_and_page"": "", n.s., 25: 362""}"
Cypripedium x,cites_pdf,4,"Cypripedium macranthos f. ventricosum, Cypripedium macranthos subsp. ventricosum, Cypripedium macranthos var. ventricosum, Sacodon x","Cypripedium macranthos f. ventricosum [Unknown; cites_pdf], Cypripedium macranthos subsp. ventricosum [Unknown; cites_pdf], Cypripedium macranthos var. ventricosum [Unknown; cites_pdf], Sacodon x [Unknown; cites_pdf]",Cypripedium x ventricosum Sw.,ventricosum Sw.,Orchidaceae,Cypripedium,macranthos,,,,,,,,,,,unambiguous_accepted,cites_pdf,"{""page"": 233, ""y"": 598.5}"
Cypripedium ﬂavum P.F.Hunt & Summerh.,cites_pdf,0,,,Cypripedium ﬂavum P.F.Hunt & Summerh.,,Orchidaceae,Cypripedium,luteum,,,,,,,,,,,unambiguous_accepted,cites_pdf,"{""page"": 233, ""y"": 96.4}"
Cyrtochilum bellum,wcvp,0,,,Cyrtochilum bellum (Schltr.) Dalström,(Schltr.) Dalström,Orchidaceae,Odontoglossum,bellum,Species,,,137575,172226-2,,<NA>,(1921),Repert. Spec. Nov. Regni Veg. Beih.,Peru,unambiguous_accepted,wcvp,"{""volume_and_page"": ""9: 108""}"
Cyrtochilum cinnamoneum,wcvp,0,,,Cyrtochilum cinnamoneum Dalström & Deburghgr.,Dalström & Deburghgr.,Orchidaceae,Cyrtochilum,cinnamoneum,Species,,,3313320,77343142-1,,<NA>,(2024),Orchids (West Palm Beach),Ecuador,unambiguous_accepted,wcvp,"{""climate_description"": ""wet tropical"", ""lifeform_description"": ""pseudobulbous epiphyte"", ""volume_and_page"": ""93: 391""}"
Cyrtochilum machupicchuense,wcvp,0,,,Cyrtochilum machupicchuense (D.E.Benn. & Christenson) Dalström,(D.E.Benn. & Christenson) Dalström,Orchidaceae,Odontoglossum,machupicchuense,Species,,,137783,322911-2,,<NA>,(2001),Icon. Orchid. Peruv.,Peru,unambiguous_accepted,wcvp,"{""climate_description"": ""wet tropical"", ""lifeform_description"": ""pseudobulbous epiphyte"", ""volume_and_page"": "": t. 730""}"
Cyrtochilum scaphochilum,wcvp,1,Odontoglossum scaphochilum,Odontoglossum scaphochilum [Homotypic; wcvp],Cyrtochilum scaphochilum Kraenzl.,Kraenzl.,Orchidaceae,Odontoglossum,scaphochilum,Species,,,137898,172403-2,,54631,(1970),Taxon,,unambiguous_accepted,wcvp,"{""volume_and_page"": ""19: 446""}"
Cyrtochilum schmidt-mummii,wcvp,0,,,Cyrtochilum schmidt-mummii Dalström & C.Castro,Dalström & C.Castro,Orchidaceae,Cyrtochilum,schmidt-mummii,Species,,,546949,77219095-1,,<NA>,(2020),Lankesteriana,Colombia,unambiguous_accepted,wcvp,"{""climate_description"": ""wet tropical"", ""lifeform_description"": ""pseudobulbous epiphyte"", ""volume_and_page"": ""20: 249""}"
Cyrtochilum schmidtmummii,wfo,0,,,Cyrtochilum schmidtmummii Dalström & C.Castro,Dalström & C.Castro,Orchidaceae,Cyrtochilum,schmidtmummii,species,,,,,wfo-1000022041,,Lankesteriana 20: 249 (2020),,,unambiguous_accepted,wfo,"{""majorGroup"": ""A"", ""references"": ""https://powo.science.kew.org/taxon/urn:lsid:ipni.org:names:77219095-1"", ""source"": ""World Checklist of Vascular Plants. Facilitated by the Royal Botanic Gardens, Kew."", ""wfo_nomenclatural_status"": ""Valid""}"
Cyrtochilum ulopterum,wcvp,0,,,Cyrtochilum ulopterum (Linden & Rchb.f.) Dalström,(Linden & Rchb.f.) Dalström,Orchidaceae,Cyrtochilum,ulopterum,Species,,,3313317,77343145-1,,137938,(2024),Orchids (West Palm Beach),Ecuador,unambiguous_accepted,wcvp,"{""climate_description"": ""wet tropical"", ""lifeform_description"": ""pseudobulbous epiphyte"", ""volume_and_page"": ""93: 394""}"
Cyrtopodium izaguirreae,wcvp,0,,,Cyrtopodium izaguirreae Andrés González & J.A.N.Bat.,Andrés González & J.A.N.Bat.,Orchidaceae,Cyrtopodium,izaguirreae,Species,,,3302624,77327126-1,,<NA>,(2023),Phytotaxa,N. Uruguay,unambiguous_accepted,wcvp,"{""climate_description"": ""subtropical"", ""lifeform_description"": ""pseudobulbous geophyte"", ""volume_and_page"": ""613: 129""}"
Cyrtopodium lageanum,wcvp,0,,,Cyrtopodium lageanum (J.A.N.Bat. & Bianch.) J.A.N.Bat.,(J.A.N.Bat. & Bianch.) J.A.N.Bat.,Orchidaceae,Cyrtopodium,brandonianum,Subspecies,,,343927,60441553-2,,<NA>,(2005),Darwiniana,Brazil (Minas Gerais to Santa Catarina),unambiguous_accepted,wcvp,"{""volume_and_page"": ""43: 80""}"
Cyrtopodium valebellae,wcvp,0,,,Cyrtopodium valebellae J.A.N.Bat.,J.A.N.Bat.,Orchidaceae,Cyrtopodium,valebellae,Species,,,3303183,77316228-1,,<NA>,(2023),Phytotaxa,Bolivia to NW. Argentina,unambiguous_accepted,wcvp,"{""climate_description"": ""subtropical"", ""lifeform_description"": ""pseudobulbous geophyte or lithophyte"", ""volume_and_page"": ""587: 284""}"
Cyrtorchis arcuata subsp. arcuata,cites_pdf,0,,,Cyrtorchis arcuata subsp. arcuata,,Orchidaceae,Angraecum,sedenii,,,,,,,,,,,unambiguous_accepted,cites_pdf,"{""accepted_genus"": ""Cyrtorchis"", ""page"": 43, ""y"": 455.1}"
Cyrtorchis arcuata subsp. whytei,cites_pdf,0,,,Cyrtorchis arcuata subsp. whytei (Rolfe) Summerh.,(Rolfe) Summerh.,Orchidaceae,Angraecum,whytei,,,,,,,,,,,unambiguous_accepted,cites_pdf,"{""accepted_genus"": ""Cyrtorchis"", ""page"": 45, ""y"": 646.4}"
Cyrtorchis monteirae,wfo,0,,,Cyrtorchis monteirae (Rchb.f.) Schltr.,(Rchb.f.) Schltr.,Orchidaceae,Listrostachys,droogmansiana,species,,,,,wfo-0000229625,,Belgique Colon. 8: 426 (1902),,,unambiguous_accepted,wfo,"{""majorGroup"": ""A"", ""references"": ""https://powo.science.kew.org/taxon/urn:lsid:ipni.org:names:641613-1"", ""source"": ""World Checklist of Vascular Plants. Facilitated by the Royal Botanic Gardens, Kew."", ""taxonRemarks"": ""Source in seed data: wcs Update namepublishedIn from Belgique Coloniale viii. 426; et in Ann. Mus. Congo, Ser.V. i. 24. to Belgique Colon. 8: 426 (1902), information provided by Alan E. on email Jun. 07 2021 More details could be found in <a href=http://"", ""tplId"": ""kew-114197"", ""wfo_nomenclatural_status"": ""Valid""}"
Cystorchis orphnophila,wcvp,0,,,Cystorchis orphnophila Schltr.,Schltr.,Orchidaceae,Cystorchis,orphnophila,Species,,,54984,626484-1,,<NA>,(1911),Repert. Spec. Nov. Regni Veg. Beih.,Papua New Guinea,unambiguous_accepted,wcvp,"{""climate_description"": ""wet tropical"", ""lifeform_description"": ""rhizomatous geophyte"", ""volume_and_page"": ""1: 67""}"
Dactylodenia lawalreei,wfo,0,,,× Dactylodenia lawalreei P.Delforge & D.Tyteca,P.Delforge & D.Tyteca,Orchidaceae,Dactylodenia,lawalreei,species,,,,,wfo-0000936373,,Bull. Soc. Roy. Bot. Belgique 115: 277 (1982),,,unambiguous_accepted,wfo,"{""majorGroup"": ""A"", ""references"": ""https://powo.science.kew.org/taxon/urn:lsid:ipni.org:names:899677-1"", ""source"": ""World Checklist of Vascular Plants. Facilitated by the Royal Botanic Gardens, Kew."", ""taxonRemarks"": ""Source in seed data: wcs Update namepublishedIn from Bull. Soc. Roy. Bot. Belgique 115(2): 277. 1982 to Bull. Soc. Roy. Bot. Belgique 115: 277 (1982), information provided by Alan E. on email Jun. 07 2021 More details could be found in <a href=http://www"", ""tplId"": ""kew-55046"", ""wfo_nomenclatural_status"": ""Valid""}"
Dactylodenia sursesis,wfo,0,,,× Dactylodenia sursesis C.Boillat & V.Boillat,C.Boillat & V.Boillat,Orchidaceae,Dactylodenia,sursesis,species,,,,,wfo-0000917621,,Orchidophile (Deuil-la-Barre) 185: 108 (2010),,,unambiguous_accepted,wfo,"{""majorGroup"": ""A"", ""references"": ""https://powo.science.kew.org/taxon/urn:lsid:ipni.org:names:77105826-1"", ""source"": ""World Checklist of Vascular Plants. Facilitated by the Royal Botanic Gardens, Kew."", ""taxonRemarks"": ""Source in seed data: wcs Update namepublishedIn from Orchidophile (Asnières) 185: 108 (103-110; figs.). 2010 [Jun 2010] to Orchidophile (Deuil-la-Barre) 185: 108 (2010), information provided by Alan E. on email Jun. 07 2021 More details could be found i"", ""tplId"": ""kew-462970"", ""wfo_nomenclatural_status"": ""Valid""}"
Dactylorhiza aldenii,wfo,0,,,Dactylorhiza × aldenii H.Baumann,H.Baumann,Orchidaceae,Dactylorhiza,aldenii,species,,,,,wfo-0000936473,,Mitt. Arbeitskreis Heimische Orchid. Baden-Württemberg 15: 74 (1983),,,unambiguous_accepted,wfo,"{""majorGroup"": ""A"", ""references"": ""https://powo.science.kew.org/taxon/urn:lsid:ipni.org:names:901851-1"", ""source"": ""World Checklist of Vascular Plants. Facilitated by the Royal Botanic Gardens, Kew."", ""taxonRemarks"": ""Source in seed data: wcs Update namepublishedIn from Mitteilungsbl. Arbeitskreis Heimische Orchid. Baden-Württemberg 15(1): 74. 1983 to Mitt. Arbeitskreis Heimische Orchid. Baden-Württemberg 15: 74 (1983), information provided by Alan E. on email Jun."", ""tplId"": ""kew-55156"", ""wfo_nomenclatural_status"": ""Valid""}"
Dactylorhiza hepburnii,wcvp,1,Orchis hepburnii,Orchis hepburnii [Homotypic; wcvp],Dactylorhiza × hepburnii (Druce) Soó,(Druce) Soó,Orchidaceae,Dactylorhiza,hepburnii,Species,,,55327,626616-1,,142615,(1962),Nom. Nov. Gen. Dactylorhiza,,unambiguous_accepted,wcvp,"{""hybrid"": true, ""volume_and_page"": "": 9""}"
Dactylorhiza kopdagiana,wfo,0,,,Dactylorhiza × kopdagiana H.Baumann,H.Baumann,Orchidaceae,Dactylorhiza,kopdagiana,species,,,,,wfo-0000936687,,Mitt. Arbeitskreis Heimische Orchid. Baden-Württemberg 15: 78 (1983),,,unambiguous_accepted,wfo,"{""majorGroup"": ""A"", ""references"": ""https://powo.science.kew.org/taxon/urn:lsid:ipni.org:names:901864-1"", ""source"": ""World Checklist of Vascular Plants. Facilitated by the Royal Botanic Gardens, Kew."", ""taxonRemarks"": ""Source in seed data: wcs Update namepublishedIn from Mitteilungsbl. Arbeitskreis Heimische Orchid. Baden-Württemberg 15(1): 78 (1983). to Mitt. Arbeitskreis Heimische Orchid. Baden-Württemberg 15: 78 (1983), information provided by Alan E. on email Jun"", ""tplId"": ""kew-55388"", ""wfo_nomenclatural_status"": ""Valid""}"
Dactylorhiza kuuskiae,wcvp,0,,,Dactylorhiza × kuuskiae E.Breiner & R.Breiner,E.Breiner & R.Breiner,Orchidaceae,Dactylorhiza,kuehnensis,Subspecies,,,520620,77158837-1,,55394,(2016),Orchideengattung Dactylorhiza,,unambiguous_accepted,wcvp,"{""hybrid"": true, ""volume_and_page"": "": 588""}"
Dactylorhiza paridaeniana,wfo,0,,,Dactylorhiza × paridaeniana Kreutz,Kreutz,Orchidaceae,Dactylorhiza,paridaeniana,species,,,,,wfo-0000936828,,Eurorchis 2: 65 (1990),,,unambiguous_accepted,wfo,"{""majorGroup"": ""A"", ""references"": ""https://powo.science.kew.org/taxon/urn:lsid:ipni.org:names:940402-1"", ""source"": ""World Checklist of Vascular Plants. Facilitated by the Royal Botanic Gardens, Kew."", ""taxonRemarks"": ""Source in seed data: wcs Update namepublishedIn from Eurorchis 2: 65 (1990), contrary to Art. H.5.2 ICBN (1988). to Eurorchis 2: 65 (1990), information provided by Alan E. on email Jun. 07 2021 More details could be found in <a href=http://www.theplantli"", ""tplId"": ""kew-55523"", ""wfo_nomenclatural_status"": ""Valid""}"
Dactylorhiza scampstonii,wcvp,1,Orchis scampstonii,Orchis scampstonii [Homotypic; wcvp],Dactylorhiza × scampstonii (Druce) Soó,(Druce) Soó,Orchidaceae,Dactylorhiza,scampstonii,Species,,,55576,77239423-1,,143220,(1962),Nom. Nov. Gen. Dactylorhiza,,unambiguous_accepted,wcvp,"{""hybrid"": true, ""volume_and_page"": "": 9""}"
Dactylorhiza vorasica,wfo,0,,,Dactylorhiza × vorasica B.Willing & E.Willing,B.Willing & E.Willing,Orchidaceae,Dactylorhiza,vorasica,species,,,,,wfo-0000936946,,Ber. Arbeitskreis. Heimische Orchid. 4: 63 (1987),,,unambiguous_accepted,wfo,"{""majorGroup"": ""A"", ""references"": ""https://powo.science.kew.org/taxon/urn:lsid:ipni.org:names:932513-1"", ""source"": ""World Checklist of Vascular Plants. Facilitated by the Royal Botanic Gardens, Kew."", ""taxonRemarks"": ""Source in seed data: wcs Update namepublishedIn from Ber. Arbeitskr. Heim. Orch. 4(1): 63 (1987). to Ber. Arbeitskreis. Heimische Orchid. 4: 63 (1987), information provided by Alan E. on email Jun. 07 2021 More details could be found in <a href=http://ww"", ""tplId"": ""kew-55640"", ""wfo_nomenclatural_status"": ""Valid""}"
Dactylorhiza wintonii,wcvp,1,Orchis wintonii,Orchis wintonii [Homotypic; wcvp],Dactylorhiza × wintonii (E.G.Camus) Soó,(E.G.Camus) Soó,Orchidaceae,Orchis,wintonii,Species,,,3300534,<NA>,,<NA>,(1928),Iconogr. Orchid. Europe,,unambiguous_accepted,wcvp,"{""hybrid"": true, ""volume_and_page"": "", Texte: 281""}"
Dactylostalix uniflora,wcvp,0,,,Dactylostalix uniflora (Finet) Suetsugu,(Finet) Suetsugu,Orchidaceae,Dactylostalix,uniflora,Species,,,3313814,77343120-1,,150260,(2024),Phytotaxa,Kuril Is. to N. & C. Japan,unambiguous_accepted,wcvp,"{""climate_description"": ""temperate"", ""lifeform_description"": ""rhizomatous geophyte"", ""volume_and_page"": ""652: 96""}"
Dendrobium albiﬂorum Ridl.,cites_pdf,2,"Cadetia albiﬂora (Ridl.) Schltr., Cadetia potamophila var. kenejiae","Cadetia albiﬂora (Ridl.) Schltr. [Unknown; cites_pdf], Cadetia potamophila var. kenejiae [Unknown; cites_pdf]",Dendrobium albiﬂorum Ridl.,,Orchidaceae,Cadetia,albiﬂora,,,,,,,,,,,unambiguous_accepted,cites_pdf,"{""accepted_genus"": ""Dendrobium"", ""page"": 137, ""y"": 502.9}"
Dendrobium aloefolium,wfo,1,Callista aloefolia,Callista aloefolia [Unknown; wfo],Dendrobium aloefolium (Blume) Rchb.f.,(Blume) Rchb.f.,Orchidaceae,Macrostomium,aloifolium,species,,,,,wfo-0000232685,,Bijdr. Fl. Ned. Ind. : 335 (1825),,,unambiguous_accepted,wfo,"{""majorGroup"": ""A"", ""references"": ""https://powo.science.kew.org/taxon/urn:lsid:ipni.org:names:642060-1"", ""source"": ""World Checklist of Vascular Plants. Facilitated by the Royal Botanic Gardens, Kew."", ""taxonRemarks"": ""Source in seed data: wcs Update namepublishedIn from Bijdr. 335 1825 to Bijdr. Fl. Ned. Ind. : 335 (1825), information provided by Alan E. on email Jun. 07 2021 More details could be found in <a href=http://www.theplantlist.org/tpl1.1/record/kew-117157 >"", ""tplId"": ""kew-117157"", ""wfo_nomenclatural_status"": ""Valid""}"
Dendrobium amiceanum,wcvp,0,,,Dendrobium amiceanum M.Pignal & Laud.,M.Pignal & Laud.,Orchidaceae,Dendrobium,amiceanum,Species,,,3303926,77319224-1,,<NA>,(2023),Candollea,New Caledonia,unambiguous_accepted,wcvp,"{""climate_description"": ""wet tropical"", ""volume_and_page"": ""78: 242""}"
Dendrobium angustiﬂorum J.J.Sm.,cites_pdf,1,Pedilonum angustiﬂorum (J.J.Sm.) Rauschert.,Pedilonum angustiﬂorum (J.J.Sm.) Rauschert. [Unknown; cites_pdf],Dendrobium angustiﬂorum J.J.Sm.,,Orchidaceae,Pedilonum,angustiﬂorum,,,,,,,,,,,unambiguous_accepted,cites_pdf,"{""accepted_genus"": ""Dendrobium"", ""page"": 442, ""y"": 263.8}"
Dendrobium aurantiiﬂammeum J.J.Wood,cites_pdf,1,Ceraia aurantiiﬂammea (J.J.Wood) M.A.Clem.,Ceraia aurantiiﬂammea (J.J.Wood) M.A.Clem. [Unknown; cites_pdf],Dendrobium aurantiiﬂammeum J.J.Wood,,Orchidaceae,Ceraia,aurantiiﬂammea,,,,,,,,,,,unambiguous_accepted,cites_pdf,"{""accepted_genus"": ""Dendrobium"", ""page"": 188, ""y"": 634.4}"
Dendrobium aﬃne (Decne.) Steud.,cites_pdf,4,"Callista aﬃnis (Decne.) Kuntze, Dendrobium dicuphum var. grandiﬂorum, Onychium aﬃne Decne., Vappodes aﬃnis (Decne.) M.A.Clem. & D.L.Jones","Callista aﬃnis (Decne.) Kuntze [Unknown; cites_pdf], Dendrobium dicuphum var. grandiﬂorum [Unknown; cites_pdf], Onychium aﬃne Decne. [Unknown; cites_pdf], Vappodes aﬃnis (Decne.) M.A.Clem. & D.L.Jones [Unknown; cites_pdf]",Dendrobium aﬃne (Decne.) Steud.,,Orchidaceae,Callista,aﬃnis,,,,,,,,,,,unambiguous_accepted,cites_pdf,"{""accepted_genus"": ""Dendrobium"", ""page"": 152, ""y"": 514.9}"
Dendrobium beamaniorum,wfo,0,,,Dendrobium beamaniorum J.J.Wood & A.L.Lamb,J.J.Wood & A.L.Lamb,Orchidaceae,Dendrobium,beamaniorum,species,,,,,wfo-0000938521,,Pl. Mt. Kinabalu 2(Orchids): 163 1993,,,unambiguous_accepted,wfo,"{""majorGroup"": ""A"", ""source"": ""World Checklist of Vascular Plants. Facilitated by the Royal Botanic Gardens, Kew."", ""taxonRemarks"": ""Source in seed data: wcs More details could be found in <a href=http://www.theplantlist.org/tpl1.1/record/kew-57175 >The Plant List v.1.1.</a> Originally in <a href=http://www.theplantlist.org/tpl/record/kew-57175 >The Plant List v.1.0</a>"", ""tplId"": ""kew-57175"", ""wfo_nomenclatural_status"": ""Valid""}"
Dendrobium bigibbum var. bigibbum,cites_pdf,6,"Dendrobium bigibbum f. superbium, Dendrobium bigibbum subvar. candidum, Dendrobium bigibbum var. album, Dendrobium bigibbum var. candidum, Dendrobium bigibbum var. sumneri, Dendrobium phalaenopsis var. statterianum","Dendrobium bigibbum f. superbium [Unknown; cites_pdf], Dendrobium bigibbum subvar. candidum [Unknown; cites_pdf], Dendrobium bigibbum var. album [Unknown; cites_pdf], Dendrobium bigibbum var. candidum [Unknown; cites_pdf], Dendrobium bigibbum var. sumneri [Unknown; cites_pdf], Dendrobium phalaenopsis var. statterianum [Unknown; cites_pdf]",Dendrobium bigibbum var. bigibbum,,Orchidaceae,Callista,sumneri,,,,,,,,,,,unambiguous_accepted,cites_pdf,"{""accepted_genus"": ""Dendrobium"", ""page"": 159, ""y"": 670.3}"
Dendrobium bigibbum var. compactum,cites_pdf,3,"Dendrobium bigibbum f. compactum, Dendrobium bigibbum subvar. compactum, Dendrobium phalaenopsis var. compactum","Dendrobium bigibbum f. compactum [Unknown; cites_pdf], Dendrobium bigibbum subvar. compactum [Unknown; cites_pdf], Dendrobium phalaenopsis var. compactum [Unknown; cites_pdf]",Dendrobium bigibbum var. compactum (C.T.White) Peter B.Adams,(C.T.White) Peter B.Adams,Orchidaceae,Dendrobium,bigibbum,,,,,,,,,,,unambiguous_accepted,cites_pdf,"{""page"": 242, ""y"": 562.7}"
Dendrobium bigibbum var. schroederianum,cites_pdf,3,"Dendrobium bigibbum subsp. laratensis, Dendrobium phalaenopsis var. schroderianum, Dendrobium phalaenopsis var. schroederianum","Dendrobium bigibbum subsp. laratensis [Unknown; cites_pdf], Dendrobium phalaenopsis var. schroderianum [Unknown; cites_pdf], Dendrobium phalaenopsis var. schroederianum [Unknown; cites_pdf]",Dendrobium bigibbum var. schroederianum (Rchb.f. ex W.Watson) Peter B.Adams,(Rchb.f. ex W.Watson) Peter B.Adams,Orchidaceae,Dendrobium,bigibbum,,,,,,,,,,,unambiguous_accepted,cites_pdf,"{""page"": 242, ""y"": 646.4}"
Dendrobium bigibbum var. superbum,cites_pdf,16,"Dendrobium bigibbum f. phalaenopsis, Dendrobium bigibbum subvar. superbum, Dendrobium bigibbum var. albopurpuratum, Dendrobium bigibbum var. macranthum, Dendrobium bigibbum var. phalaenopsis, Dendrobium phalaenopsis var. albopurpureum, Dendrobium phalaenopsis var. album, Dendrobium phalaenopsis var. chamberlainianum, Dendrobium phalaenopsis var. dellense, Dendrobium phalaenopsis var. highburyense, Dendrobium phalaenopsis var. hololeuca, Dendrobium phalaenopsis var. lindeniae, Dendrobium phalaenopsis var. rothschildianum, Dendrobium phalaenopsis var. rubescens, Dendrobium phalaenopsis var. splendens, Dendrobium phalaenopsis var. thundersleyense","Dendrobium bigibbum f. phalaenopsis [Unknown; cites_pdf], Dendrobium bigibbum subvar. superbum [Unknown; cites_pdf], Dendrobium bigibbum var. albopurpuratum [Unknown; cites_pdf], Dendrobium bigibbum var. macranthum [Unknown; cites_pdf], Dendrobium bigibbum var. phalaenopsis [Unknown; cites_pdf], Dendrobium phalaenopsis var. albopurpureum [Unknown; cites_pdf], Dendrobium phalaenopsis var. album [Unknown; cites_pdf], Dendrobium phalaenopsis var. chamberlainianum [Unknown; cites_pdf], Dendrobium phalaenopsis var. dellense [Unknown; cites_pdf], Dendrobium phalaenopsis var. highburyense [Unknown; cites_pdf], Dendrobium phalaenopsis var. hololeuca [Unknown; cites_pdf], Dendrobium phalaenopsis var. lindeniae [Unknown; cites_pdf], Dendrobium phalaenopsis var. rothschildianum [Unknown; cites_pdf], Dendrobium phalaenopsis var. rubescens [Unknown; cites_pdf], Dendrobium phalaenopsis var. splendens [Unknown; cites_pdf], Dendrobium phalaenopsis var. thundersleyense [Unknown; cites_pdf]",Dendrobium bigibbum var. superbum Rchb.f.,Rchb.f.,Orchidaceae,Callista,phalaenopsis,,,,,,,,,,,unambiguous_accepted,cites_pdf,"{""accepted_genus"": ""Dendrobium"", ""page"": 158, ""y"": 467.0}"
Dendrobium biﬂorum (G.Forst.) Sw.,cites_pdf,3,"Callista biﬂora (G.Forst.) Kuntze., Epidendrum biﬂorum G.Forst., Grastidium biﬂorum (G.Forst.) M.A.Clem. & D.L.Jones","Callista biﬂora (G.Forst.) Kuntze. [Unknown; cites_pdf], Epidendrum biﬂorum G.Forst. [Unknown; cites_pdf], Grastidium biﬂorum (G.Forst.) M.A.Clem. & D.L.Jones [Unknown; cites_pdf]",Dendrobium biﬂorum (G.Forst.) Sw.,,Orchidaceae,Callista,biﬂora,,,,,,,,,,,unambiguous_accepted,cites_pdf,"{""accepted_genus"": ""Dendrobium"", ""page"": 153, ""y"": 490.9}"
Dendrobium brevicaule subsp. brevicaule,cites_pdf,0,,,Dendrobium brevicaule subsp. brevicaule,,Orchidaceae,Dendrobium,cyatheicola,,,,,,,,,,,unambiguous_accepted,cites_pdf,"{""page"": 252, ""y"": 227.9}"
Dendrobium brevicaule subsp. calcarium,cites_pdf,2,"Dendrobium aurantiroseum, Dendrobium montistellare f. albescens","Dendrobium aurantiroseum [Unknown; cites_pdf], Dendrobium montistellare f. albescens [Unknown; cites_pdf]",Dendrobium brevicaule subsp. calcarium (J.J.Sm.) T.M.Reeve & P.Woods,(J.J.Sm.) T.M.Reeve & P.Woods,Orchidaceae,Dendrobium,aurantiivinosum,,,,,,,,,,,unambiguous_accepted,cites_pdf,"{""page"": 240, ""y"": 562.7}"
Dendrobium buffumiae,wcvp,1,Pedilonum buffumiae,Pedilonum buffumiae [Homotypic; wcvp],Dendrobium buffumiae A.D.Hawkes,A.D.Hawkes,Orchidaceae,Dendrobium,buffumiae,Species,,,57264,626978-1,,58949,(1957),Lloydia,Papua New Guinea,unambiguous_accepted,wcvp,"{""climate_description"": ""wet tropical"", ""lifeform_description"": ""pseudobulbous epiphyte"", ""volume_and_page"": ""20: 119""}"
Dendrobium buﬀumii A.D.Hawkes,cites_pdf,3,"Chromatotriccum roseoﬂavidum M.A.Clem. & D.L.Jones., Dendrobium roseoﬂavidum Schltr. (1923), Pedilonum buﬀumii (A.D.Hawkes) Rauschert","Chromatotriccum roseoﬂavidum M.A.Clem. & D.L.Jones. [Unknown; cites_pdf], Dendrobium roseoﬂavidum Schltr. (1923) [Unknown; cites_pdf], Pedilonum buﬀumii (A.D.Hawkes) Rauschert [Unknown; cites_pdf]",Dendrobium buﬀumii A.D.Hawkes,,Orchidaceae,Chromatotriccum,roseoﬂavidum,,,,,,,,,,,unambiguous_accepted,cites_pdf,"{""accepted_genus"": ""Dendrobium"", ""page"": 194, ""y"": 371.4}"
Dendrobium calcaratum subsp. calcaratum,cites_pdf,0,,,Dendrobium calcaratum subsp. calcaratum,,Orchidaceae,Dendrobium,achillis,,,,,,,,,,,unambiguous_accepted,cites_pdf,"{""page"": 236, ""y"": 347.5}"
Dendrobium canaliculatum var. canaliculatum,cites_pdf,3,"Dendrobium canaliculatum var. nigrescens, Dendrobium canaliculatum var. pallidum, Dendrobium canaliculatum var. tattonianum","Dendrobium canaliculatum var. nigrescens [Unknown; cites_pdf], Dendrobium canaliculatum var. pallidum [Unknown; cites_pdf], Dendrobium canaliculatum var. tattonianum [Unknown; cites_pdf]",Dendrobium canaliculatum var. canaliculatum,,Orchidaceae,Callista,tattoniana,,,,,,,,,,,unambiguous_accepted,cites_pdf,"{""accepted_genus"": ""Dendrobium"", ""page"": 159, ""y"": 706.1}"
Dendrobium canaliculatum var. foelschei,cites_pdf,0,,,Dendrobium canaliculatum var. foelschei (F.Muell.) Rupp & T.E.Hunt,(F.Muell.) Rupp & T.E.Hunt,Orchidaceae,Callista,foelschei,,,,,,,,,,,unambiguous_accepted,cites_pdf,"{""accepted_genus"": ""Dendrobium"", ""page"": 155, ""y"": 335.5}"
Dendrobium capituliﬂorum Rolfe,cites_pdf,1,Pedilonum capituliﬂorum (Rolfe) Brieger.,Pedilonum capituliﬂorum (Rolfe) Brieger. [Unknown; cites_pdf],Dendrobium capituliﬂorum Rolfe,,Orchidaceae,Dendrobium,confusum,,,,,,,,,,,unambiguous_accepted,cites_pdf,"{""page"": 249, ""y"": 765.9}"
Dendrobium cassiope,wcvp,0,,,Dendrobium × cassiope Rolfe,Rolfe,Orchidaceae,Dendrobium,cassiope,Species,,,57339,627042-1,,<NA>,(1889),Gard. Chron.,,unambiguous_accepted,wcvp,"{""hybrid"": true, ""volume_and_page"": "", ser. 3, 5: 200""}"
Dendrobium cinnabarinum var. angustitepalum,cites_pdf,0,,,Dendrobium cinnabarinum var. angustitepalum Carr,Carr,Orchidaceae,Ceraia,sanguinea,,,,,,,,,,,unambiguous_accepted,cites_pdf,"{""accepted_genus"": ""Dendrobium"", ""page"": 190, ""y"": 718.1}"
Dendrobium closterium var. jocosum,cites_pdf,0,,,Dendrobium closterium var. jocosum (Rchb.f.) N.Hall´e,(Rchb.f.) N.Hall´e,Orchidaceae,Dendrobium,eleutheroglossum,,,,,,,,,,,unambiguous_accepted,cites_pdf,"{""page"": 255, ""y"": 479.0}"
Dendrobium cokronagoroi,wcvp,0,,,"Dendrobium cokronagoroi Sulistyono, J.Champ. & Schuit.","Sulistyono, J.Champ. & Schuit.",Orchidaceae,Dendrobium,cokronagoroi,Species,,,3313883,77352581-1,,<NA>,(2024),Malesian Orchid J.,W. New Guinea,unambiguous_accepted,wcvp,"{""climate_description"": ""wet tropical"", ""lifeform_description"": ""pseudobulbous epiphyte"", ""volume_and_page"": ""27: 25""}"
Dendrobium connatum var. connatum,cites_pdf,0,,,Dendrobium connatum var. connatum,,Orchidaceae,Dendrobium,barisanum,,,,,,,,,,,unambiguous_accepted,cites_pdf,"{""page"": 241, ""y"": 431.2}"
Dendrobium connatum var. distachyon,cites_pdf,0,,,Dendrobium connatum var. distachyon (Lindl.) P.O’Byrne,(Lindl.) P.O’Byrne,Orchidaceae,Callista,distachya,,,,,,,,,,,unambiguous_accepted,cites_pdf,"{""accepted_genus"": ""Dendrobium"", ""page"": 154, ""y"": 718.1}"
Dendrobium conﬂuens J.J.Sm.,cites_pdf,1,"Diplocaulobium conﬂuens (J.J.Sm.) S.Thomas, Schuit. & de Vogel","Diplocaulobium conﬂuens (J.J.Sm.) S.Thomas, Schuit. & de Vogel [Unknown; cites_pdf]",Dendrobium conﬂuens J.J.Sm.,,Orchidaceae,Diplocaulobium,conﬂuens,,,,,,,,,,,unambiguous_accepted,cites_pdf,"{""accepted_genus"": ""Dendrobium"", ""page"": 311, ""y"": 479.0}"
Dendrobium crassiﬂorum J.J.Sm.,cites_pdf,1,Grastidium crassiﬂorum (J.J.Sm.) Rauschert,Grastidium crassiﬂorum (J.J.Sm.) Rauschert [Unknown; cites_pdf],Dendrobium crassiﬂorum J.J.Sm.,,Orchidaceae,Grastidium,crassiﬂorum,,,,,,,,,,,unambiguous_accepted,cites_pdf,"{""accepted_genus"": ""Dendrobium"", ""page"": 367, ""y"": 754.0}"
Dendrobium curviﬂorum Rolfe,cites_pdf,1,Aporum curviﬂorum (Rolfe) M.A.Clem.,Aporum curviﬂorum (Rolfe) M.A.Clem. [Unknown; cites_pdf],Dendrobium curviﬂorum Rolfe,,Orchidaceae,Aporum,curviﬂorum,,,,,,,,,,,unambiguous_accepted,cites_pdf,"{""accepted_genus"": ""Dendrobium"", ""page"": 47, ""y"": 754.0}"
Dendrobium dangioanum,wcvp,0,,,Dendrobium dangioanum M.Pignal,M.Pignal,Orchidaceae,Dendrobium,dangioanum,Species,,,3310031,77310094-1,,<NA>,(2023),Adansonia,New Caledonia,unambiguous_accepted,wcvp,"{""climate_description"": ""wet tropical"", ""volume_and_page"": "", sér. 3, 45: 390""}"
Dendrobium delacouri,wfo,0,,,Dendrobium delacouri Guillaumin,Guillaumin,Orchidaceae,Dendrobium,delacouri,species,,,,,wfo-0000938968,,Bull. Mus. Natl. Hist. Nat. 30: 522 (1924),,,unambiguous_accepted,wfo,"{""majorGroup"": ""A"", ""references"": ""https://powo.science.kew.org/taxon/urn:lsid:ipni.org:names:627268-1"", ""source"": ""World Checklist of Vascular Plants. Facilitated by the Royal Botanic Gardens, Kew."", ""taxonRemarks"": ""Source in seed data: wcs Update namepublishedIn from Bull. Mus. Natl. Hist. Nat. 1924, xxx. 522. to Bull. Mus. Natl. Hist. Nat. 30: 522 (1924), information provided by Alan E. on email Jun. 07 2021 More details could be found in <a href=http://www.thepla"", ""tplId"": ""kew-57585"", ""wfo_nomenclatural_status"": ""Valid""}"
Dendrobium densiﬂorum Lindl.,cites_pdf,4,"Callista densiﬂora (Lindl.) Kuntze., Dendrobium densiﬂorum f. parviﬂorum Regel, Dendrobium densiﬂorum var. clavatum Rolfe, Endeisa ﬂava Raf.","Callista densiﬂora (Lindl.) Kuntze. [Unknown; cites_pdf], Dendrobium densiﬂorum f. parviﬂorum Regel [Unknown; cites_pdf], Dendrobium densiﬂorum var. clavatum Rolfe [Unknown; cites_pdf], Endeisa ﬂava Raf. [Unknown; cites_pdf]",Dendrobium densiﬂorum Lindl.,,Orchidaceae,Callista,densiﬂora,,,,,,,,,,,unambiguous_accepted,cites_pdf,"{""accepted_genus"": ""Dendrobium"", ""page"": 154, ""y"": 646.4}"
Dendrobium diodon subsp. diodon,cites_pdf,0,,,Dendrobium diodon subsp. diodon,,Orchidaceae,Dendrobium,albidulum,,,,,,,,,,,unambiguous_accepted,cites_pdf,"{""page"": 237, ""y"": 479.0}"
Dendrobium discolor subsp. discolor,cites_pdf,2,"Dendrobium undulatum var. albertisianum, Dendrobium undulatum var. carterae","Dendrobium undulatum var. albertisianum [Unknown; cites_pdf], Dendrobium undulatum var. carterae [Unknown; cites_pdf]",Dendrobium discolor subsp. discolor,,Orchidaceae,Callista,undulata,,,,,,,,,,,unambiguous_accepted,cites_pdf,"{""accepted_genus"": ""Dendrobium"", ""page"": 160, ""y"": 526.8}"
Dendrobium discolor var. broomﬁeldii,cites_pdf,4,"Dendrobium broomﬁeldii Fitzg., Dendrobium discolor f. broomﬁeldii, Dendrobium undulatum var. broomﬁeldii, Durabaculum undulatum var. broomﬁeldii","Dendrobium broomﬁeldii Fitzg. [Unknown; cites_pdf], Dendrobium discolor f. broomﬁeldii [Unknown; cites_pdf], Dendrobium undulatum var. broomﬁeldii [Unknown; cites_pdf], Durabaculum undulatum var. broomﬁeldii [Unknown; cites_pdf]",Dendrobium discolor var. broomﬁeldii (Fitzg.) A.D.Hawkes,(Fitzg.) A.D.Hawkes,Orchidaceae,Dendrobium,broomﬁeldii,,,,,,,,,,,unambiguous_accepted,cites_pdf,"{""page"": 244, ""y"": 526.8}"
Dendrobium discolor var. fuscum,cites_pdf,0,,,Dendrobium discolor var. fuscum (Fitzg.) Dockrill,(Fitzg.) Dockrill,Orchidaceae,Dendrobium,fuscum,,,,,,,,,,,unambiguous_accepted,cites_pdf,"{""page"": 259, ""y"": 574.6}"
Dendrobium discolor var. ﬁmbrilabium,cites_pdf,2,"Dendrobium undulatum var. ﬁmbrilabium, Durabaculum ﬁmbrilabium (Rchb.f.) M.A.Clem. & D.L.Jones","Dendrobium undulatum var. ﬁmbrilabium [Unknown; cites_pdf], Durabaculum ﬁmbrilabium (Rchb.f.) M.A.Clem. & D.L.Jones [Unknown; cites_pdf]",Dendrobium discolor var. ﬁmbrilabium (Rchb.f.) Dockrill,(Rchb.f.) Dockrill,Orchidaceae,Dendrobium,undulatum,,,,,,,,,,,unambiguous_accepted,cites_pdf,"{""page"": 301, ""y"": 514.9}"
Dendrobium distichobulbum,wfo,0,,,Dendrobium distichobulbum P.J.Cribb,P.J.Cribb,Orchidaceae,Dendrobium,distichobulbum,species,,,,,wfo-0000939029,,Kew Bull. 50: 787. 1995 : erroneous entry,,,unambiguous_accepted,wfo,"{""majorGroup"": ""A"", ""source"": ""World Checklist of Vascular Plants. Facilitated by the Royal Botanic Gardens, Kew."", ""taxonRemarks"": ""Source in seed data: wcs Updated namepublishedIn from Kew Bull. 50: 787 1995 to Kew Bull. 50: 787. 1995 : erroneous entry, information provided by Alan E. on email Oct. 12 2020 More details could be found in <a href=http://www.theplantlist.org/tpl1.1/rec"", ""tplId"": ""kew-57643"", ""wfo_nomenclatural_status"": ""Valid""}"
Dendrobium diﬀusum L.O.Williams,cites_pdf,1,Eurycaulis diﬀusus (L.O.Williams) M.A.Clem.,Eurycaulis diﬀusus (L.O.Williams) M.A.Clem. [Unknown; cites_pdf],Dendrobium diﬀusum L.O.Williams,,Orchidaceae,Eurycaulis,diﬀusus,,,,,,,,,,,unambiguous_accepted,cites_pdf,"{""accepted_genus"": ""Dendrobium"", ""page"": 360, ""y"": 479.0}"
Dendrobium elongatum var. orientale,cites_pdf,1,Epigeneium triﬂorum var. orientale (J.J.Sm.) J.B.Comber.,Epigeneium triﬂorum var. orientale (J.J.Sm.) J.B.Comber. [Unknown; cites_pdf],Dendrobium elongatum var. orientale J.J.Sm.,J.J.Sm.,Orchidaceae,Epigeneium,triﬂorum,,,,,,,,,,,unambiguous_accepted,cites_pdf,"{""accepted_genus"": ""Dendrobium"", ""page"": 358, ""y"": 622.4}"
Dendrobium eriiﬂorum Griﬀ.,cites_pdf,3,"Callista eriiﬂora (Griﬀ.) Kuntze, Dendrobium eriiﬂorum var. lombokense J.J.Sm., Dendrobium eriiﬂorum var. sikkimense Lucksom.","Callista eriiﬂora (Griﬀ.) Kuntze [Unknown; cites_pdf], Dendrobium eriiﬂorum var. lombokense J.J.Sm. [Unknown; cites_pdf], Dendrobium eriiﬂorum var. sikkimense Lucksom. [Unknown; cites_pdf]",Dendrobium eriiﬂorum Griﬀ.,,Orchidaceae,Callista,eriiﬂora,,,,,,,,,,,unambiguous_accepted,cites_pdf,"{""accepted_genus"": ""Dendrobium"", ""page"": 155, ""y"": 132.3}"
Dendrobium findleyanum,wfo,0,,,Dendrobium findleyanum C.S.P.Parish & Rchb.f.,C.S.P.Parish & Rchb.f.,Orchidaceae,Callista,findlayana,species,,,,,wfo-0000773203,,Revis. Gen. Pl. 2: 654 (1891),,,unambiguous_accepted,wfo,"{""majorGroup"": ""A"", ""originalNameUsageID"": ""wfo-0000939160"", ""references"": ""https://powo.science.kew.org/taxon/urn:lsid:ipni.org:names:621252-1"", ""source"": ""World Checklist of Vascular Plants. Facilitated by the Royal Botanic Gardens, Kew."", ""taxonRemarks"": ""Source in seed data: wcs Updated scientificnameAuthorship from (C.S.P.Parish & Rchb.f.) Kuntze to Kuntze, information provided by Alan E. on email Oct. 12 2020 More details could be found in <a href=http://www.theplantlist.org/tpl1.1/record/kew-31183 >Th"", ""tplId"": ""kew-31183"", ""wfo_nomenclatural_status"": ""Valid""}"
Dendrobium forbesii var. forbesii,cites_pdf,0,,,Dendrobium forbesii var. forbesii,,Orchidaceae,Dendrobium,ashworthiae,,,,,,,,,,,unambiguous_accepted,cites_pdf,"{""page"": 240, ""y"": 144.2}"
Dendrobium fractiﬂexum Finet,cites_pdf,2,"Cannaeorchis fractiﬂexa (Finet) M.A.Clem. & D.L.Jones., Grastidium fractiﬂexum (Finet) Rauschert","Cannaeorchis fractiﬂexa (Finet) M.A.Clem. & D.L.Jones. [Unknown; cites_pdf], Grastidium fractiﬂexum (Finet) Rauschert [Unknown; cites_pdf]",Dendrobium fractiﬂexum Finet,,Orchidaceae,Cannaeorchis,fractiﬂexa,,,,,,,,,,,unambiguous_accepted,cites_pdf,"{""accepted_genus"": ""Dendrobium"", ""page"": 161, ""y"": 251.8}"
Dendrobium fulgidum subsp. fulgidum,cites_pdf,1,Dendrobium fulgidum var. angustilabre,Dendrobium fulgidum var. angustilabre [Unknown; cites_pdf],Dendrobium fulgidum subsp. fulgidum,,Orchidaceae,Dendrobium,fulgidum,,,,,,,,,,,unambiguous_accepted,cites_pdf,"{""page"": 259, ""y"": 335.5}"
Dendrobium fulgidum subsp. maritimum,cites_pdf,0,,,Dendrobium fulgidum subsp. maritimum (J.J.Sm.) Dauncey,(J.J.Sm.) Dauncey,Orchidaceae,Chromatotriccum,maritimum,,,,,,,,,,,unambiguous_accepted,cites_pdf,"{""accepted_genus"": ""Dendrobium"", ""page"": 193, ""y"": 658.3}"
Dendrobium fusciﬂorum Ormerod,cites_pdf,0,,,Dendrobium fusciﬂorum Ormerod,,Orchidaceae,Poaephyllum,fuscum,,,,,,,,,,,unambiguous_accepted,cites_pdf,"{""accepted_genus"": ""Dendrobium"", ""page"": 473, ""y"": 395.3}"
Dendrobium globiﬂorum Schltr.,cites_pdf,1,Eriopexis globiﬂora (Schltr.) Rauschert,Eriopexis globiﬂora (Schltr.) Rauschert [Unknown; cites_pdf],Dendrobium globiﬂorum Schltr.,,Orchidaceae,Eriopexis,globiﬂora,,,,,,,,,,,unambiguous_accepted,cites_pdf,"{""accepted_genus"": ""Dendrobium"", ""page"": 359, ""y"": 227.9}"
Dendrobium goldﬁnchii F.Muell.,cites_pdf,2,"Aporum goldﬁnchii (F.Muell.) Brieger, Ceraia goldﬁnchii (F.Muell.) M.A.Clem.","Aporum goldﬁnchii (F.Muell.) Brieger [Unknown; cites_pdf], Ceraia goldﬁnchii (F.Muell.) M.A.Clem. [Unknown; cites_pdf]",Dendrobium goldﬁnchii F.Muell.,,Orchidaceae,Aporum,goldﬁnchii,,,,,,,,,,,unambiguous_accepted,cites_pdf,"{""accepted_genus"": ""Dendrobium"", ""page"": 48, ""y"": 263.8}"
Dendrobium gracilicaule var. gracilicaule,cites_pdf,0,,,Dendrobium gracilicaule var. gracilicaule,,Orchidaceae,Callista,elongata,,,,,,,,,,,unambiguous_accepted,cites_pdf,"{""accepted_genus"": ""Dendrobium"", ""page"": 155, ""y"": 108.4}"
Dendrobium gracilicaule var. howeanum,cites_pdf,2,"Dendrobium macropus subsp. howeanum, Dendrobium ﬂoribundum Rchb.f.","Dendrobium macropus subsp. howeanum [Unknown; cites_pdf], Dendrobium ﬂoribundum Rchb.f. [Unknown; cites_pdf]",Dendrobium gracilicaule var. howeanum Maiden,Maiden,Orchidaceae,Dendrobium,comptonii,,,,,,,,,,,unambiguous_accepted,cites_pdf,"{""page"": 249, ""y"": 622.4}"
Dendrobium griﬃthianum Lindl.,cites_pdf,1,Callista griﬃthiana (Lindl.) Kuntze,Callista griﬃthiana (Lindl.) Kuntze [Unknown; cites_pdf],Dendrobium griﬃthianum Lindl.,,Orchidaceae,Callista,griﬃthiana,,,,,,,,,,,unambiguous_accepted,cites_pdf,"{""accepted_genus"": ""Dendrobium"", ""page"": 155, ""y"": 670.3}"
Dendrobium humilicolle,wcvp,0,,,Dendrobium humilicolle Schltr.,Schltr.,Orchidaceae,Dendrobium,tricarinatum,Species,,,462964,77103573-1,,62390,(2009),Malesian Orchid J.,W. New Guinea,unambiguous_accepted,wcvp,"{""nomenclatural_remarks"": "", nom. superfl."", ""volume_and_page"": ""4: 104""}"
Dendrobium hydrophilum var. morotaiense,cites_pdf,1,Diplocaulobium hydrophilum var. morotaiense,Diplocaulobium hydrophilum var. morotaiense [Unknown; cites_pdf],Dendrobium hydrophilum var. morotaiense J.J.Sm.,J.J.Sm.,Orchidaceae,Diplocaulobium,hydrophilum,,,,,,,,,,,unambiguous_accepted,cites_pdf,"{""accepted_genus"": ""Dendrobium"", ""page"": 312, ""y"": 192.1}"
Dendrobium indivisum var. fuscum,cites_pdf,0,,,Dendrobium indivisum var. fuscum P.O’Byrne,P.O’Byrne,Orchidaceae,Aporum,auyongii,,,,,,,,,,,unambiguous_accepted,cites_pdf,"{""accepted_genus"": ""Dendrobium"", ""page"": 47, ""y"": 263.8}"
Dendrobium indivisum var. indivisum,cites_pdf,0,,,Dendrobium indivisum var. indivisum,,Orchidaceae,Aporum,incrassatum,,,,,,,,,,,unambiguous_accepted,cites_pdf,"{""accepted_genus"": ""Dendrobium"", ""page"": 48, ""y"": 455.1}"
Dendrobium indivisum var. lampangense,cites_pdf,0,,,Dendrobium indivisum var. lampangense Rolfe,Rolfe,Orchidaceae,Dendrobium,neolampangense,,,,,,,,,,,unambiguous_accepted,cites_pdf,"{""page"": 277, ""y"": 156.2}"
Dendrobium insigne var. insigne,cites_pdf,3,"Dendrobium convallariiforme, Dendrobium lyperanthiﬂorum Kraenzl., Grastidium lyperanthiﬂorum (Kraenzl.) Rauschert","Dendrobium convallariiforme [Unknown; cites_pdf], Dendrobium lyperanthiﬂorum Kraenzl. [Unknown; cites_pdf], Grastidium lyperanthiﬂorum (Kraenzl.) Rauschert [Unknown; cites_pdf]",Dendrobium insigne var. insigne,,Orchidaceae,Dendrobium,consanguineum,,,,,,,,,,,unambiguous_accepted,cites_pdf,"{""page"": 250, ""y"": 239.9}"
Dendrobium inﬂatum Rolfe,cites_pdf,1,Anisopetala inﬂata (Rolfe) M.A.Clem.,Anisopetala inﬂata (Rolfe) M.A.Clem. [Unknown; cites_pdf],Dendrobium inﬂatum Rolfe,,Orchidaceae,Anisopetala,inﬂata,,,,,,,,,,,unambiguous_accepted,cites_pdf,"{""accepted_genus"": ""Dendrobium"", ""page"": 46, ""y"": 299.7}"
Dendrobium isochiloides var. isochiloides,cites_pdf,0,,,Dendrobium isochiloides var. isochiloides,,Orchidaceae,Dendrobium,macrum,,,,,,,,,,,unambiguous_accepted,cites_pdf,"{""page"": 272, ""y"": 419.2}"
Dendrobium jizhuyeense,wcvp,0,,,Dendrobium jizhuyeense Zhen J.Li & Yu Zhang,Zhen J.Li & Yu Zhang,Orchidaceae,Dendrobium,jizhuyeense,Species,,,3314026,77340501-1,,<NA>,(2024),Phytotaxa,China (Sichuan),unambiguous_accepted,wcvp,"{""climate_description"": ""temperate"", ""lifeform_description"": ""pseudobulbous epiphyte"", ""volume_and_page"": ""645: 82""}"
Dendrobium jonesii var. jonesii,cites_pdf,5,"Dendrobium fusiforme var. blackburnii, Dendrobium jonesii subsp. blackburnii, Dendrobium ruppianum f. magniﬁcum, Dendrobium ruppianum var. blackburnii, Thelychiton jonesii subsp. blackburnii","Dendrobium fusiforme var. blackburnii [Unknown; cites_pdf], Dendrobium jonesii subsp. blackburnii [Unknown; cites_pdf], Dendrobium ruppianum f. magniﬁcum [Unknown; cites_pdf], Dendrobium ruppianum var. blackburnii [Unknown; cites_pdf], Thelychiton jonesii subsp. blackburnii [Unknown; cites_pdf]",Dendrobium jonesii var. jonesii,,Orchidaceae,Dendrobium,fusiforme,,,,,,,,,,,unambiguous_accepted,cites_pdf,"{""page"": 259, ""y"": 598.5}"
Dendrobium jonesii var. magniﬁcum,cites_pdf,6,"Dendrobium fusiforme f. magniﬁcum, Dendrobium jonesii subsp. bancroftianum, Dendrobium jonesii subsp. magniﬁcum, Dendrobium speciosum f. bancroftianum, Dendrobium speciosum var. bancroftianum, Thelychiton jonesii subsp. bancroftianus","Dendrobium fusiforme f. magniﬁcum [Unknown; cites_pdf], Dendrobium jonesii subsp. bancroftianum [Unknown; cites_pdf], Dendrobium jonesii subsp. magniﬁcum [Unknown; cites_pdf], Dendrobium speciosum f. bancroftianum [Unknown; cites_pdf], Dendrobium speciosum var. bancroftianum [Unknown; cites_pdf], Thelychiton jonesii subsp. bancroftianus [Unknown; cites_pdf]",Dendrobium jonesii var. magniﬁcum (Dockrill) Dockrill,(Dockrill) Dockrill,Orchidaceae,Dendrobium,fusiforme,,,,,,,,,,,unambiguous_accepted,cites_pdf,"{""page"": 259, ""y"": 646.4}"
Dendrobium juniperinunl,wfo,0,,,Dendrobium juniperinunl Schltr.,Schltr.,Orchidaceae,Dendrobium,juniperinunl,species,,,,,wfo-0001331231,,Repert. Spec. Nov. Regni Veg. Beih. 1: 615 (1912),,,unambiguous_accepted,wfo,"{""majorGroup"": ""A"", ""references"": ""https://powo.science.kew.org/taxon/urn:lsid:ipni.org:names:627737-1"", ""source"": ""World Checklist of Vascular Plants. Facilitated by the Royal Botanic Gardens, Kew."", ""taxonRemarks"": ""Source in seed data: ipni Update namepublishedIn from Repert. Spec. Nov. Regni Veg. Beih. 1: 615. 1912 to Repert. Spec. Nov. Regni Veg. Beih. 1: 615 (1912), information provided by Alan E. on email Jun. 07 2021"", ""wfo_nomenclatural_status"": ""Valid""}"
Dendrobium kempﬁanum Ormerod,cites_pdf,0,,,Dendrobium kempﬁanum Ormerod,,Orchidaceae,Cadetia,bicornuta,,,,,,,,,,,unambiguous_accepted,cites_pdf,"{""accepted_genus"": ""Dendrobium"", ""page"": 137, ""y"": 598.5}"
Dendrobium khanhii,wcvp,0,,,Dendrobium khanhii Aver. & V.C.Nguyen,Aver. & V.C.Nguyen,Orchidaceae,Dendrobium,khanhii,Species,,,3313766,77344701-1,,<NA>,(2024),Phytotaxa,Vietnam,unambiguous_accepted,wcvp,"{""climate_description"": ""wet tropical"", ""lifeform_description"": ""epiphyte"", ""volume_and_page"": ""658: 27""}"
Dendrobium kingianum subsp. carnarvonense,cites_pdf,0,,,Dendrobium kingianum subsp. carnarvonense Peter B.Adams,Peter B.Adams,Orchidaceae,Thelychiton,carnarvonensis,,,,,,,,,,,unambiguous_accepted,cites_pdf,"{""accepted_genus"": ""Dendrobium"", ""page"": 500, ""y"": 718.1}"
Dendrobium kingianum var. pulcherrimum,cites_pdf,0,,,Dendrobium kingianum var. pulcherrimum Rupp,Rupp,Orchidaceae,Thelychiton,pulcherrimus,,,,,,,,,,,unambiguous_accepted,cites_pdf,"{""accepted_genus"": ""Dendrobium"", ""page"": 501, ""y"": 490.9}"
Dendrobium krabiense,wcvp,0,,,Dendrobium krabiense P.O'Byrne ex H.A.Pedersen & Suddee,P.O'Byrne ex H.A.Pedersen & Suddee,Orchidaceae,Dendrobium,krabiense,Species,,,3314131,77351402-1,,<NA>,(2024),Lankesteriana,Thailand,unambiguous_accepted,wcvp,"{""climate_description"": ""wet tropical"", ""lifeform_description"": ""epiphyte"", ""volume_and_page"": ""24: 200""}"
Dendrobium lancilobum var. roseocalcar,cites_pdf,0,,,Dendrobium lancilobum var. roseocalcar (J.J.Wood & A.L.Lamb) J.J.Wood,(J.J.Wood & A.L.Lamb) J.J.Wood,Orchidaceae,Dendrobium,roseocalcar,,,,,,,,,,,unambiguous_accepted,cites_pdf,"{""page"": 288, ""y"": 622.4}"
Dendrobium laudereavorum,wcvp,0,,,Dendrobium laudereavorum M.Pignal,M.Pignal,Orchidaceae,Dendrobium,laudereavorum,Species,,,3310030,77310095-1,,<NA>,(2023),Adansonia,New Caledonia,unambiguous_accepted,wcvp,"{""climate_description"": ""wet tropical"", ""volume_and_page"": "", sér. 3, 45: 391""}"
Dendrobium laxiﬂorum J.J.Sm.,cites_pdf,1,Ceratobium laxiﬂorum (J.J.Sm.) M.A.Clem. & D.L.Jones,Ceratobium laxiﬂorum (J.J.Sm.) M.A.Clem. & D.L.Jones [Unknown; cites_pdf],Dendrobium laxiﬂorum J.J.Sm.,,Orchidaceae,Ceratobium,laxiﬂorum,,,,,,,,,,,unambiguous_accepted,cites_pdf,"{""accepted_genus"": ""Dendrobium"", ""page"": 191, ""y"": 490.9}"
Dendrobium linguiforme var. huntianum,cites_pdf,0,,,Dendrobium linguiforme var. huntianum Rupp,Rupp,Orchidaceae,Dendrobium,x,,,,,,,,,,,unambiguous_accepted,cites_pdf,"{""page"": 264, ""y"": 96.4}"
Dendrobium linguiforme var. linguiforme,cites_pdf,1,Dendrobium linguiforme var. nugentii,Dendrobium linguiforme var. nugentii [Unknown; cites_pdf],Dendrobium linguiforme var. linguiforme,,Orchidaceae,Dendrobium,linguiforme,,,,,,,,,,,unambiguous_accepted,cites_pdf,"{""page"": 270, ""y"": 431.2}"
Dendrobium lituiﬂorum Lindl.,cites_pdf,1,Callista lituiﬂora (Lindl.) Kuntze,Callista lituiﬂora (Lindl.) Kuntze [Unknown; cites_pdf],Dendrobium lituiﬂorum Lindl.,,Orchidaceae,Callista,lituiﬂora,,,,,,,,,,,unambiguous_accepted,cites_pdf,"{""accepted_genus"": ""Dendrobium"", ""page"": 157, ""y"": 144.2}"
Dendrobium macrophyllum var. macrophyllum,cites_pdf,2,"Dendrobium macrophyllum var. huttonii, Dendrobium macrophyllum var. veitchianum","Dendrobium macrophyllum var. huttonii [Unknown; cites_pdf], Dendrobium macrophyllum var. veitchianum [Unknown; cites_pdf]",Dendrobium macrophyllum var. macrophyllum,,Orchidaceae,Callista,gordonii,,,,,,,,,,,unambiguous_accepted,cites_pdf,"{""accepted_genus"": ""Dendrobium"", ""page"": 155, ""y"": 526.8}"
Dendrobium macrophyllum var. ternatense,cites_pdf,0,,,Dendrobium macrophyllum var. ternatense (J.J.Sm.) P.O’Byrne & J.J.Wood,(J.J.Sm.) P.O’Byrne & J.J.Wood,Orchidaceae,Dendrobium,ternatense,,,,,,,,,,,unambiguous_accepted,cites_pdf,"{""page"": 297, ""y"": 694.2}"
Dendrobium margaretae,wcvp,0,,,Dendrobium margaretae T.M.Reeve,T.M.Reeve,Orchidaceae,Dendrobium,margaretae,Species,,,58343,901904-1,,<NA>,(1983),Orchadian,Papua New Guinea,unambiguous_accepted,wcvp,"{""climate_description"": ""wet tropical"", ""lifeform_description"": ""pseudobulbous epiphyte"", ""volume_and_page"": ""7: 205""}"
Dendrobium masarangense subsp. masarangense,cites_pdf,0,,,Dendrobium masarangense subsp. masarangense,,Orchidaceae,Dendrobium,pumilio,,,,,,,,,,,unambiguous_accepted,cites_pdf,"{""page"": 285, ""y"": 323.6}"
Dendrobium masarangense subsp. theionanthum,cites_pdf,3,"Dendrobium caespitiﬁcum Ridl., Dendrobium masarangense var. theionanthum, Pedilonum caespitiﬁcum (Ridl.) Rauschert","Dendrobium caespitiﬁcum Ridl. [Unknown; cites_pdf], Dendrobium masarangense var. theionanthum [Unknown; cites_pdf], Pedilonum caespitiﬁcum (Ridl.) Rauschert [Unknown; cites_pdf]",Dendrobium masarangense subsp. theionanthum (Schltr.) T.M.Reeve & P.Woods,(Schltr.) T.M.Reeve & P.Woods,Orchidaceae,Dendrobium,caespitiﬁcum,,,,,,,,,,,unambiguous_accepted,cites_pdf,"{""page"": 245, ""y"": 347.5}"
Dendrobium masarangense var. chlorinum,cites_pdf,0,,,Dendrobium masarangense var. chlorinum (Ridl.) T.M.Reeve & P.Woods,(Ridl.) T.M.Reeve & P.Woods,Orchidaceae,Dendrobium,chlorinum,,,,,,,,,,,unambiguous_accepted,cites_pdf,"{""page"": 247, ""y"": 682.2}"
Dendrobium millariae,wcvp,1,Herpetophytum millariae,Herpetophytum millariae [Homotypic; wcvp],Dendrobium millariae A.D.Hawkes,A.D.Hawkes,Orchidaceae,Herpetophytum,millariae,Species,,,98563,912677-1,,58399,(1983),Feddes Repert.,Papua New Guinea,unambiguous_accepted,wcvp,"{""volume_and_page"": ""94: 454""}"
Dendrobium mohlianum subsp. mohlianum,cites_pdf,0,,,Dendrobium mohlianum subsp. mohlianum,,Orchidaceae,Dendrobium,neoebudanum,,,,,,,,,,,unambiguous_accepted,cites_pdf,"{""page"": 277, ""y"": 120.3}"
Dendrobium muniﬁcum (Finet) Schltr.,cites_pdf,2,"Dendrobium muricatum var. muniﬁcum, Inobulbon muniﬁcum (Finet) Kraenzl.","Dendrobium muricatum var. muniﬁcum [Unknown; cites_pdf], Inobulbon muniﬁcum (Finet) Kraenzl. [Unknown; cites_pdf]",Dendrobium muniﬁcum (Finet) Schltr.,,Orchidaceae,Dendrobium,muricatum,,,,,,,,,,,unambiguous_accepted,cites_pdf,"{""page"": 276, ""y"": 479.0}"
Dendrobium nakaharaei,wfo,0,,,Dendrobium nakaharaei Schltr.,Schltr.,Orchidaceae,Dendrobium,nakaharaei,species,,,,,wfo-0000939944,,Repert. Spec. Nov. Regni Veg. 2: 169 (1906),,,unambiguous_accepted,wfo,"{""majorGroup"": ""A"", ""source"": ""World Checklist of Vascular Plants. Facilitated by the Royal Botanic Gardens, Kew."", ""taxonRemarks"": ""Source in seed data: wcs Update namepublishedIn from Repert. Spec. Nov. Regni Veg. 2: 169. 1906 to Repert. Spec. Nov. Regni Veg. 2: 169 (1906), information provided by Alan E. on email Jun. 07 2021 More details could be found in <a href=http://www.thepla"", ""tplId"": ""kew-58483"", ""wfo_nomenclatural_status"": ""Valid""}"
Dendrobium namdongense,wcvp,0,,,Dendrobium namdongense Aver. & C.H.Nguyen,Aver. & C.H.Nguyen,Orchidaceae,Dendrobium,namdongense,Species,,,3313843,77348232-1,,<NA>,(2024),Phytotaxa,N. Vietnam,unambiguous_accepted,wcvp,"{""climate_description"": ""wet tropical"", ""lifeform_description"": ""epiphyte"", ""volume_and_page"": ""664: 201""}"
Dendrobium niveolabium,wcvp,0,,,"Dendrobium niveolabium Handoyo, Naive, Ormerod & J.Champ.","Handoyo, Naive, Ormerod & J.Champ.",Orchidaceae,Dendrobium,niveolabium,Species,,,3303300,77331863-1,,<NA>,(2021),Phytotaxa,W. New Guinea,unambiguous_accepted,wcvp,"{""climate_description"": ""wet tropical"", ""volume_and_page"": ""490: 272""}"
Dendrobium ornithoﬂorum Ames,cites_pdf,1,Grastidium ornithoﬂorum (Ames) M.A.Clem. & D.L.Jones.,Grastidium ornithoﬂorum (Ames) M.A.Clem. & D.L.Jones. [Unknown; cites_pdf],Dendrobium ornithoﬂorum Ames,,Orchidaceae,Grastidium,ornithoﬂorum,,,,,,,,,,,unambiguous_accepted,cites_pdf,"{""accepted_genus"": ""Dendrobium"", ""page"": 370, ""y"": 299.7}"
Dendrobium ostrinum var. ochroleucum,cites_pdf,0,,,Dendrobium ostrinum var. ochroleucum J.J.Sm.,J.J.Sm.,Orchidaceae,Grastidium,ochroleucum,,,,,,,,,,,unambiguous_accepted,cites_pdf,"{""accepted_genus"": ""Dendrobium"", ""page"": 370, ""y"": 251.8}"
Dendrobium oﬃcinale Kimura & Migo,cites_pdf,2,"Dendrobium tosaense var. chingshuishanianum, Dendrobium tosaense var. pere-fauriei","Dendrobium tosaense var. chingshuishanianum [Unknown; cites_pdf], Dendrobium tosaense var. pere-fauriei [Unknown; cites_pdf]",Dendrobium oﬃcinale Kimura & Migo,,Orchidaceae,Callista,stricklandiana,,,,,,,,,,,unambiguous_accepted,cites_pdf,"{""accepted_genus"": ""Dendrobium"", ""page"": 159, ""y"": 490.9}"
Dendrobium parciﬂorum Rchb.f. ex Lindl.,cites_pdf,0,,,Dendrobium parciﬂorum Rchb.f. ex Lindl.,,Orchidaceae,Aporum,jenkinsii,,,,,,,,,,,unambiguous_accepted,cites_pdf,"{""accepted_genus"": ""Dendrobium"", ""page"": 48, ""y"": 526.8}"
Dendrobium peterobyrneanum,wcvp,0,,,Dendrobium peterobyrneanum C.Y.Ling & P.K.F.Leong,C.Y.Ling & P.K.F.Leong,Orchidaceae,Dendrobium,peterobyrneanum,Species,,,3303891,77319087-1,,<NA>,(2023),Malesian Orchid J.,Borneo (Sarawak),unambiguous_accepted,wcvp,"{""climate_description"": ""wet tropical"", ""volume_and_page"": ""26: 21""}"
Dendrobium piestocaulon var. piestocaulon,cites_pdf,1,Dendrobium nidiﬁcum Kraenzl.,Dendrobium nidiﬁcum Kraenzl. [Unknown; cites_pdf],Dendrobium piestocaulon var. piestocaulon,,Orchidaceae,Dendrobium,gracilicaule,,,,,,,,,,,unambiguous_accepted,cites_pdf,"{""page"": 261, ""y"": 251.8}"
Dendrobium plebejum,wfo,0,,,Dendrobium plebejum J.J.Sm.,J.J.Sm.,Orchidaceae,Dendrobium,plebejum,species,,,,,wfo-0000940203,,Bull. Dép. Agric. Indes Néerl. 5: 6 (1907),,,unambiguous_accepted,wfo,"{""majorGroup"": ""A"", ""source"": ""World Checklist of Vascular Plants. Facilitated by the Royal Botanic Gardens, Kew."", ""taxonRemarks"": ""Source in seed data: wcs Update namepublishedIn from Bull. Dép. Agric. Indes Néerl. 5: 6 1907 to Bull. Dép. Agric. Indes Néerl. 5: 6 (1907), information provided by Alan E. on email Jun. 07 2021 More details could be found in <a href=http://www.thepl"", ""tplId"": ""kew-58724"", ""wfo_nomenclatural_status"": ""Valid""}"
Dendrobium polycladium var. atractoglossum,cites_pdf,0,,,Dendrobium polycladium var. atractoglossum N.Hall´e,N.Hall´e,Orchidaceae,Cannaeorchis,atractoglossa,,,,,,,,,,,unambiguous_accepted,cites_pdf,"{""accepted_genus"": ""Dendrobium"", ""page"": 161, ""y"": 168.2}"
Dendrobium polycladium var. polycladium,cites_pdf,0,,,Dendrobium polycladium var. polycladium,,Orchidaceae,Cannaeorchis,delumbis,,,,,,,,,,,unambiguous_accepted,cites_pdf,"{""accepted_genus"": ""Dendrobium"", ""page"": 161, ""y"": 216.0}"
Dendrobium purpureiﬂorum J.J.Sm.,cites_pdf,2,"Chromatotriccum purpureiﬂorum (J.J.Sm.) M.A.Clem. & D.L.Jones, Pedilonum purpureiﬂorum (J.J.Sm.) Rauschert","Chromatotriccum purpureiﬂorum (J.J.Sm.) M.A.Clem. & D.L.Jones [Unknown; cites_pdf], Pedilonum purpureiﬂorum (J.J.Sm.) Rauschert [Unknown; cites_pdf]",Dendrobium purpureiﬂorum J.J.Sm.,,Orchidaceae,Chromatotriccum,purpureiﬂorum,,,,,,,,,,,unambiguous_accepted,cites_pdf,"{""accepted_genus"": ""Dendrobium"", ""page"": 194, ""y"": 287.7}"
Dendrobium purpureum subsp. candidulum,cites_pdf,2,"Dendrobium purpureum var. candidulum, Dendrobium purpureum var. steﬀensianum","Dendrobium purpureum var. candidulum [Unknown; cites_pdf], Dendrobium purpureum var. steﬀensianum [Unknown; cites_pdf]",Dendrobium purpureum subsp. candidulum (Rchb.f.) Dauncey & P.J.Cribb,(Rchb.f.) Dauncey & P.J.Cribb,Orchidaceae,Dendrobium,purpureum,,,,,,,,,,,unambiguous_accepted,cites_pdf,"{""page"": 285, ""y"": 694.2}"
Dendrobium purpureum subsp. purpureum,cites_pdf,2,"Dendrobium purpureum var. album, Dendrobium purpureum var. moseleyi","Dendrobium purpureum var. album [Unknown; cites_pdf], Dendrobium purpureum var. moseleyi [Unknown; cites_pdf]",Dendrobium purpureum subsp. purpureum,,Orchidaceae,Callista,reinwardtii,,,,,,,,,,,unambiguous_accepted,cites_pdf,"{""accepted_genus"": ""Dendrobium"", ""page"": 159, ""y"": 96.4}"
Dendrobium rabani,wfo,0,,,Dendrobium rabani Lindl.,Lindl.,Orchidaceae,Dendrobium,rabani,species,,,,,wfo-0000940354,,"J. Proc. Linn. Soc., Bot. 3: 7 (1858)",,,unambiguous_accepted,wfo,"{""majorGroup"": ""A"", ""references"": ""https://powo.science.kew.org/taxon/urn:lsid:ipni.org:names:628413-1"", ""source"": ""World Checklist of Vascular Plants. Facilitated by the Royal Botanic Gardens, Kew."", ""taxonRemarks"": ""Source in seed data: wcs Update namepublishedIn from J. Proc. Linn. Soc., Bot. 3: 7. 1858 [1859 publ. 1858] to J. Proc. Linn. Soc., Bot. 3: 7 (1858), information provided by Alan E. on email Jun. 07 2021 More details could be found in <a href=http://www."", ""tplId"": ""kew-58864"", ""wfo_nomenclatural_status"": ""Valid""}"
Dendrobium ramiﬁcans J.J.Sm.,cites_pdf,1,Aporum ramiﬁcans (J.J.Sm.) Rauschert.,Aporum ramiﬁcans (J.J.Sm.) Rauschert. [Unknown; cites_pdf],Dendrobium ramiﬁcans J.J.Sm.,,Orchidaceae,Aporum,ramiﬁcans,,,,,,,,,,,unambiguous_accepted,cites_pdf,"{""accepted_genus"": ""Dendrobium"", ""page"": 49, ""y"": 634.4}"
Dendrobium regale var. euanthum,cites_pdf,1,Diplocaulobium regale var. euanthum,Diplocaulobium regale var. euanthum [Unknown; cites_pdf],Dendrobium regale var. euanthum Schltr.,Schltr.,Orchidaceae,Diplocaulobium,regale,,,,,,,,,,,unambiguous_accepted,cites_pdf,"{""accepted_genus"": ""Dendrobium"", ""page"": 313, ""y"": 156.2}"
Dendrobium reﬂexitepalum J.J.Sm.,cites_pdf,1,Aporum reﬂexitepalum (J.J.Sm.) Rauschert,Aporum reﬂexitepalum (J.J.Sm.) Rauschert [Unknown; cites_pdf],Dendrobium reﬂexitepalum J.J.Sm.,,Orchidaceae,Aporum,reﬂexitepalum,,,,,,,,,,,unambiguous_accepted,cites_pdf,"{""accepted_genus"": ""Dendrobium"", ""page"": 49, ""y"": 658.3}"
Dendrobium roseo-nervatum,wfo,0,,,Dendrobium roseo-nervatum Schltr.,Schltr.,Orchidaceae,Dendrobium,roseo-nervatum,species,,,,,wfo-0000940445,,Notizbl. Königl. Bot. Gart. Berlin 4: 131 (1904),,,unambiguous_accepted,wfo,"{""majorGroup"": ""A"", ""source"": ""World Checklist of Vascular Plants. Facilitated by the Royal Botanic Gardens, Kew."", ""taxonRemarks"": ""Source in seed data: wcs Update namepublishedIn from Notizbl. Königl. Bot. Gart. Berlin 4: 131. 1904 to Notizbl. Königl. Bot. Gart. Berlin 4: 131 (1904), information provided by Alan E. on email Jun. 07 2021 More details could be found in <a href=http:"", ""tplId"": ""kew-58951"", ""wfo_nomenclatural_status"": ""Valid""}"
Dendrobium roseoﬂavidum Schltr.,cites_pdf,1,Monanthos roseoﬂavidus (Schltr.) Rauschert,Monanthos roseoﬂavidus (Schltr.) Rauschert [Unknown; cites_pdf],Dendrobium roseoﬂavidum Schltr.,,Orchidaceae,Monanthos,roseoﬂavidus,,,,,,,,,,,unambiguous_accepted,cites_pdf,"{""accepted_genus"": ""Dendrobium"", ""page"": 430, ""y"": 562.7}"
Dendrobium sarcochilus var. megalorhizum,cites_pdf,0,,,Dendrobium sarcochilus var. megalorhizum (Kraenzl.) N.Hall´e,(Kraenzl.) N.Hall´e,Orchidaceae,Cannaeorchis,megalorhiza,,,,,,,,,,,unambiguous_accepted,cites_pdf,"{""accepted_genus"": ""Dendrobium"", ""page"": 161, ""y"": 263.8}"
Dendrobium sarcostoma,wcvp,1,Callista javanica,Callista javanica [Heterotypic; wcvp],Dendrobium sarcostoma Lindl.,Lindl.,Orchidaceae,Callista,javanica,Species,,,31232,621301-1,,58082,(1891),Revis. Gen. Pl.,,unambiguous_accepted,wcvp,"{""volume_and_page"": ""2: 655""}"
Dendrobium schneiderae var. major,cites_pdf,0,,,Dendrobium schneiderae var. major Rupp,Rupp,Orchidaceae,Australorchis,eungellensis,,,,,,,,,,,unambiguous_accepted,cites_pdf,"{""accepted_genus"": ""Dendrobium"", ""page"": 52, ""y"": 490.9}"
Dendrobium schwartzkopﬁanum Kraenzl.,cites_pdf,1,Grastidium schwartzkopﬁanum (Kraenzl.) Rauschert,Grastidium schwartzkopﬁanum (Kraenzl.) Rauschert [Unknown; cites_pdf],Dendrobium schwartzkopﬁanum Kraenzl.,,Orchidaceae,Dendrobium,peekelii,,,,,,,,,,,unambiguous_accepted,cites_pdf,"{""page"": 281, ""y"": 156.2}"
"Dendrobium sinominutiﬂorum S.C.Chen, J.J.Wood & H.P.Wood",cites_pdf,1,Dendrobium minutiﬂorum S.C.Chen & Z.H.Tsi,Dendrobium minutiﬂorum S.C.Chen & Z.H.Tsi [Unknown; cites_pdf],"Dendrobium sinominutiﬂorum S.C.Chen, J.J.Wood & H.P.Wood",,Orchidaceae,Dendrobium,minutiﬂorum,,,,,,,,,,,unambiguous_accepted,cites_pdf,"{""page"": 274, ""y"": 670.3}"
Dendrobium speciosum var. capricornicum,cites_pdf,1,Dendrobium speciosum subsp. capricornicum,Dendrobium speciosum subsp. capricornicum [Unknown; cites_pdf],Dendrobium speciosum var. capricornicum Clemesha,Clemesha,Orchidaceae,Dendrobium,speciosum,,,,,,,,,,,unambiguous_accepted,cites_pdf,"{""page"": 293, ""y"": 586.6}"
Dendrobium speciosum var. curvicaule,cites_pdf,1,Dendrobium speciosum subsp. curvicaule,Dendrobium speciosum subsp. curvicaule [Unknown; cites_pdf],Dendrobium speciosum var. curvicaule F.M.Bailey,F.M.Bailey,Orchidaceae,Dendrobium,curvicaule,,,,,,,,,,,unambiguous_accepted,cites_pdf,"{""page"": 251, ""y"": 754.0}"
Dendrobium speciosum var. grandiﬂorum,cites_pdf,2,"Dendrobium speciosum f. grandiﬂorum, Dendrobium speciosum subsp. grandiﬂorum","Dendrobium speciosum f. grandiﬂorum [Unknown; cites_pdf], Dendrobium speciosum subsp. grandiﬂorum [Unknown; cites_pdf]",Dendrobium speciosum var. grandiﬂorum F.M.Bailey,F.M.Bailey,Orchidaceae,Dendrobium,rex,,,,,,,,,,,unambiguous_accepted,cites_pdf,"{""page"": 287, ""y"": 646.4}"
Dendrobium speciosum var. hillii,cites_pdf,3,"Dendrobium speciosum f. hillii, Dendrobium speciosum subsp. hillii, Dendrocoryne speciosa var. hillii","Dendrobium speciosum f. hillii [Unknown; cites_pdf], Dendrobium speciosum subsp. hillii [Unknown; cites_pdf], Dendrocoryne speciosa var. hillii [Unknown; cites_pdf]",Dendrobium speciosum var. hillii Mast.,Mast.,Orchidaceae,Dendrobium,hillii,,,,,,,,,,,unambiguous_accepted,cites_pdf,"{""page"": 263, ""y"": 311.6}"
Dendrobium speciosum var. pedunculatum,cites_pdf,1,Dendrobium speciosum subsp. pedunculatum,Dendrobium speciosum subsp. pedunculatum [Unknown; cites_pdf],Dendrobium speciosum var. pedunculatum Clemesha,Clemesha,Orchidaceae,Dendrobium,pedunculatum,,,,,,,,,,,unambiguous_accepted,cites_pdf,"{""page"": 281, ""y"": 132.3}"
Dendrobium stella-portus,wcvp,0,,,Dendrobium stella-portus Ormerod,Ormerod,Orchidaceae,Dendrobium,stella-portus,Species,,,547355,77216064-1,,<NA>,(2020),Harvard Pap. Bot.,Solomon Is.,unambiguous_accepted,wcvp,"{""climate_description"": ""wet tropical"", ""lifeform_description"": ""pseudobulbous epiphyte"", ""volume_and_page"": ""25: 147""}"
Dendrobium stellaportus,wfo,0,,,Dendrobium stellaportus Ormerod,Ormerod,Orchidaceae,Dendrobium,stellaportus,species,,,,,wfo-1000022084,,Harvard Pap. Bot. 25: 147 (2020),,,unambiguous_accepted,wfo,"{""majorGroup"": ""A"", ""references"": ""https://powo.science.kew.org/taxon/urn:lsid:ipni.org:names:77216064-1"", ""source"": ""World Checklist of Vascular Plants. Facilitated by the Royal Botanic Gardens, Kew."", ""wfo_nomenclatural_status"": ""Valid""}"
Dendrobium striatiﬂorum J.J.Sm.,cites_pdf,1,Distichorchis striatiﬂora (J.J.Sm.) M.A.Clem.,Distichorchis striatiﬂora (J.J.Sm.) M.A.Clem. [Unknown; cites_pdf],Dendrobium striatiﬂorum J.J.Sm.,,Orchidaceae,Distichorchis,striatiﬂora,,,,,,,,,,,unambiguous_accepted,cites_pdf,"{""accepted_genus"": ""Dendrobium"", ""page"": 322, ""y"": 120.3}"
Dendrobium subclausum var. pandanicola,cites_pdf,0,,,Dendrobium subclausum var. pandanicola J.J.Wood,J.J.Wood,Orchidaceae,Chromatotriccum,pandanicola,,,,,,,,,,,unambiguous_accepted,cites_pdf,"{""accepted_genus"": ""Dendrobium"", ""page"": 194, ""y"": 168.1}"
Dendrobium subclausum var. phlox,cites_pdf,0,,,Dendrobium subclausum var. phlox (Schltr.) J.J.Wood,(Schltr.) J.J.Wood,Orchidaceae,Chromatotriccum,phlox,,,,,,,,,,,unambiguous_accepted,cites_pdf,"{""accepted_genus"": ""Dendrobium"", ""page"": 194, ""y"": 239.9}"
Dendrobium subclausum var. speciosum,cites_pdf,0,,,Dendrobium subclausum var. speciosum J.J.Wood,J.J.Wood,Orchidaceae,Chromatotriccum,speciosum,,,,,,,,,,,unambiguous_accepted,cites_pdf,"{""accepted_genus"": ""Dendrobium"", ""page"": 194, ""y"": 479.0}"
Dendrobium subclausum var. subclausum,cites_pdf,6,"Chromatotriccum aurantiiﬂavum (P.Royen) M.A.Clem. & D.L.Jones, Chromatotriccum ﬂammula (Schltr.) M.A.Clem. & D.L.Jones., Dendrobium aurantiiﬂavum P.Royen, Dendrobium mitriferum f. alpinum, Dendrobium ﬂammula Schltr., Pedilonum ﬂammula (Schltr.) Rauschert","Chromatotriccum aurantiiﬂavum (P.Royen) M.A.Clem. & D.L.Jones [Unknown; cites_pdf], Chromatotriccum ﬂammula (Schltr.) M.A.Clem. & D.L.Jones. [Unknown; cites_pdf], Dendrobium aurantiiﬂavum P.Royen [Unknown; cites_pdf], Dendrobium mitriferum f. alpinum [Unknown; cites_pdf], Dendrobium ﬂammula Schltr. [Unknown; cites_pdf], Pedilonum ﬂammula (Schltr.) Rauschert [Unknown; cites_pdf]",Dendrobium subclausum var. subclausum,,Orchidaceae,Chromatotriccum,asumburu,,,,,,,,,,,unambiguous_accepted,cites_pdf,"{""accepted_genus"": ""Dendrobium"", ""page"": 192, ""y"": 742.0}"
Dendrobium subﬂavidum Ridl.,cites_pdf,2,"Eurycaulis subﬂavidus (Ridl.) M.A.Clem., Pedilonum subﬂavidum (Ridl.) Rauschert","Eurycaulis subﬂavidus (Ridl.) M.A.Clem. [Unknown; cites_pdf], Pedilonum subﬂavidum (Ridl.) Rauschert [Unknown; cites_pdf]",Dendrobium subﬂavidum Ridl.,,Orchidaceae,Dendrobium,chloroleucum,,,,,,,,,,,unambiguous_accepted,cites_pdf,"{""page"": 247, ""y"": 742.0}"
Dendrobium sulphureum var. cellulosum,cites_pdf,0,,,Dendrobium sulphureum var. cellulosum (J.J.Sm.) T.M.Reeve & P.Woods,(J.J.Sm.) T.M.Reeve & P.Woods,Orchidaceae,Dendrobium,cellulosum,,,,,,,,,,,unambiguous_accepted,cites_pdf,"{""page"": 247, ""y"": 263.8}"
Dendrobium terengganuense,wcvp,0,,,Dendrobium terengganuense Rosli & Latiff,Rosli & Latiff,Orchidaceae,Dendrobium,roslii,Species,,,466950,77109656-1,,<NA>,(2010),Malesian Orchid J.,Pen. Malaysia,unambiguous_accepted,wcvp,"{""climate_description"": ""wet tropical"", ""lifeform_description"": ""pseudobulbous epiphyte"", ""volume_and_page"": ""6: 71""}"
Dendrobium tetrachroma,wfo,0,,,Dendrobium tetrachroma Rchb.f.,Rchb.f.,Orchidaceae,Dendrobium,tetrachroma,species,,,,,wfo-0000940785,,"Gard. Chron., n.s., 13: 712 (1880)",,,unambiguous_accepted,wfo,"{""majorGroup"": ""A"", ""source"": ""World Checklist of Vascular Plants. Facilitated by the Royal Botanic Gardens, Kew."", ""taxonRemarks"": ""Source in seed data: wcs Update namepublishedIn from Gard. Chron. n.s., 13: 712. 1880 to Gard. Chron. , n.s., 13: 712 (1880), information provided by Alan E. on email Jun. 07 2021 More details could be found in <a href=http://www.theplantlist.org/tpl1.1/"", ""tplId"": ""kew-59270"", ""wfo_nomenclatural_status"": ""Valid""}"
Dendrobium tetragonum subsp. giganteum,cites_pdf,1,Dendrobium tetragonum var. giganteum,Dendrobium tetragonum var. giganteum [Unknown; cites_pdf],Dendrobium tetragonum subsp. giganteum (Leaney) Peter B.Adams,(Leaney) Peter B.Adams,Orchidaceae,Dendrobium,capitisyork,,,,,,,,,,,unambiguous_accepted,cites_pdf,"{""page"": 246, ""y"": 419.2}"
Dendrobium tetragonum subsp. tetragonum,cites_pdf,1,Dendrobium tetragonum var. hayesianum,Dendrobium tetragonum var. hayesianum [Unknown; cites_pdf],Dendrobium tetragonum subsp. tetragonum,,Orchidaceae,Dendrobium,tetragonum,,,,,,,,,,,unambiguous_accepted,cites_pdf,"{""page"": 298, ""y"": 299.7}"
Dendrobium tetragonum var. cacatua,cites_pdf,0,,,Dendrobium tetragonum var. cacatua (M.A.Clem. & D.L.Jones) H.Mohr,(M.A.Clem. & D.L.Jones) H.Mohr,Orchidaceae,Dendrobium,cacatua,,,,,,,,,,,unambiguous_accepted,cites_pdf,"{""page"": 245, ""y"": 227.9}"
Dendrobium tetragonum var. melaleucaphilum,cites_pdf,0,,,Dendrobium tetragonum var. melaleucaphilum (M.A.Clem. & D.L.Jones) Dockrill,(M.A.Clem. & D.L.Jones) Dockrill,Orchidaceae,Dendrobium,melaleucaphilum,,,,,,,,,,,unambiguous_accepted,cites_pdf,"{""page"": 273, ""y"": 598.5}"
Dendrobium tetrapterum,wcvp,0,,,"Dendrobium tetrapterum M.Z.Huang, C.Y.Wei & Ming H.Li","M.Z.Huang, C.Y.Wei & Ming H.Li",Orchidaceae,Dendrobium,tetrapterum,Species,,,3313759,77344337-1,,<NA>,(2024),Phytotaxa,"China (Guizhou, Yunnan, Guangdong, Guangxi) to Indo-China",unambiguous_accepted,wcvp,"{""climate_description"": ""subtropical"", ""lifeform_description"": ""pseudobulbous epiphyte"", ""volume_and_page"": ""655: 212""}"
Dendrobium textile var. haematostictum,cites_pdf,1,Diplocaulobium textile var. haematostictum,Diplocaulobium textile var. haematostictum [Unknown; cites_pdf],Dendrobium textile var. haematostictum (P.O’Byrne & J.J.Verm.) Schuit. & Peter B.Adams,(P.O’Byrne & J.J.Verm.) Schuit. & Peter B.Adams,Orchidaceae,Diplocaulobium,textile,,,,,,,,,,,unambiguous_accepted,cites_pdf,"{""accepted_genus"": ""Dendrobium"", ""page"": 313, ""y"": 419.2}"
Dendrobium thrysodes,wfo,0,,,Dendrobium thrysodes Rchb.f.,Rchb.f.,Orchidaceae,Dendrobium,thrysodes,species,,,,,wfo-0001221841,,Hamburger Garten- Blumenzeitung 15: 51 (1859),,,unambiguous_accepted,wfo,"{""majorGroup"": ""A"", ""references"": ""https://powo.science.kew.org/taxon/urn:lsid:ipni.org:names:628765-1"", ""source"": ""World Checklist of Vascular Plants. Facilitated by the Royal Botanic Gardens, Kew."", ""taxonRemarks"": ""Source in seed data: tro Update namepublishedIn from in Hamb. Gartenz. xv. (1859) 51. to Hamburger Garten- Blumenzeitung 15: 51 (1859), information provided by Alan E. on email Jun. 07 2021 More details could be found in <a href=http://www.theplantlist.o"", ""tplId"": ""tro-50012935"", ""wfo_nomenclatural_status"": ""Valid""}"
Dendrobium thyrsiﬂorum B.S.Williams,cites_pdf,2,"Callista thyrsiﬂora (B.S.Williams) M.A.Clem., Dendrobium densiﬂorum var. alboluteum Hook.f.","Callista thyrsiﬂora (B.S.Williams) M.A.Clem. [Unknown; cites_pdf], Dendrobium densiﬂorum var. alboluteum Hook.f. [Unknown; cites_pdf]",Dendrobium thyrsiﬂorum B.S.Williams,,Orchidaceae,Callista,thyrsiﬂora,,,,,,,,,,,unambiguous_accepted,cites_pdf,"{""accepted_genus"": ""Dendrobium"", ""page"": 160, ""y"": 263.8}"
Dendrobium thyrsiﬂorum var. thyrsiﬂorum,cites_pdf,1,Dendrobium thyrsiﬂorum var. bronckartii Cogn.,Dendrobium thyrsiﬂorum var. bronckartii Cogn. [Unknown; cites_pdf],Dendrobium thyrsiﬂorum var. thyrsiﬂorum,,Orchidaceae,Dendrobium,galliceanum,,,,,,,,,,,unambiguous_accepted,cites_pdf,"{""page"": 260, ""y"": 96.4}"
Dendrobium transversilobium,wfo,0,,,Dendrobium transversilobium J.J.Sm.,J.J.Sm.,Orchidaceae,Dendrobium,transversilobium,species,,,,,wfo-0000940838,,Bull. Dép. Agric. Indes Néerl. 39: 11 (1910),,,unambiguous_accepted,wfo,"{""majorGroup"": ""A"", ""source"": ""World Checklist of Vascular Plants. Facilitated by the Royal Botanic Gardens, Kew."", ""taxonRemarks"": ""Source in seed data: wcs Update namepublishedIn from Bull. Dépt. Agric. Indes Néerl. 39: 11. 1910 to Bull. Dép. Agric. Indes Néerl. 39: 11 (1910), information provided by Alan E. on email Jun. 07 2021 More details could be found in <a href=http://www"", ""tplId"": ""kew-59321"", ""wfo_nomenclatural_status"": ""Valid""}"
Dendrobium triﬂorum (Blume) Lindl.,cites_pdf,4,"Callista triﬂora (Blume) Kuntze, Desmotrichum triﬂorum Blume, Epigeneium triﬂorum (Blume) Summerh., Sarcopodium triﬂorum (Blume) Rolfe","Callista triﬂora (Blume) Kuntze [Unknown; cites_pdf], Desmotrichum triﬂorum Blume [Unknown; cites_pdf], Epigeneium triﬂorum (Blume) Summerh. [Unknown; cites_pdf], Sarcopodium triﬂorum (Blume) Rolfe [Unknown; cites_pdf]",Dendrobium triﬂorum (Blume) Lindl.,,Orchidaceae,Callista,triﬂora,,,,,,,,,,,unambiguous_accepted,cites_pdf,"{""accepted_genus"": ""Dendrobium"", ""page"": 160, ""y"": 431.2}"
Dendrobium tropaeolifolium,cites_csv,0,,,Dendrobium tropaeolifolium Hook.f.,Hook.f.,Orchidaceae,Dendrobium,tropaeolifolium,SPECIES,II,,,,,,,,Malaysia,unambiguous_accepted,cites_csv,"{""All_DistributionISOCodes"": ""MY"", ""NativeDistributionFullNames"": ""Malaysia""}"
Dendrobium tropaeoliﬂorum Hook.f.,cites_pdf,3,"Callista tropaeoliﬂora (Hook.f.) Kuntze, Eurycaulis tropaeoliﬂorus (Hook.f.) M.A.Clem., Pedilonum tropaeoliﬂorum (Hook.f.) Brieger","Callista tropaeoliﬂora (Hook.f.) Kuntze [Unknown; cites_pdf], Eurycaulis tropaeoliﬂorus (Hook.f.) M.A.Clem. [Unknown; cites_pdf], Pedilonum tropaeoliﬂorum (Hook.f.) Brieger [Unknown; cites_pdf]",Dendrobium tropaeoliﬂorum Hook.f.,,Orchidaceae,Callista,tropaeoliﬂora,,,,,,,,,,,unambiguous_accepted,cites_pdf,"{""accepted_genus"": ""Dendrobium"", ""page"": 160, ""y"": 467.0}"
Dendrobium tubiﬂorum J.J.Sm.,cites_pdf,3,"Chromatotriccum tubiﬂorum (J.J.Sm.) M.A.Clem. & D.L.Jones, Dendrobium tubiﬂorum f. albidiﬂorum J.J.Sm., Pedilonum tubiﬂorum (J.J.Sm.) Rauschert","Chromatotriccum tubiﬂorum (J.J.Sm.) M.A.Clem. & D.L.Jones [Unknown; cites_pdf], Dendrobium tubiﬂorum f. albidiﬂorum J.J.Sm. [Unknown; cites_pdf], Pedilonum tubiﬂorum (J.J.Sm.) Rauschert [Unknown; cites_pdf]",Dendrobium tubiﬂorum J.J.Sm.,,Orchidaceae,Chromatotriccum,tubiﬂorum,,,,,,,,,,,unambiguous_accepted,cites_pdf,"{""accepted_genus"": ""Dendrobium"", ""page"": 194, ""y"": 634.4}"
Dendrobium uniﬂorum Griﬀ.,cites_pdf,2,"Dendrobium uniﬂorum var. angustum Quisumb., Distichorchis uniﬂora (Griﬀ.) M.A.Clem.","Dendrobium uniﬂorum var. angustum Quisumb. [Unknown; cites_pdf], Distichorchis uniﬂora (Griﬀ.) M.A.Clem. [Unknown; cites_pdf]",Dendrobium uniﬂorum Griﬀ.,,Orchidaceae,Dendrobium,elephantinum,,,,,,,,,,,unambiguous_accepted,cites_pdf,"{""page"": 255, ""y"": 467.0}"
Dendrobium vandewateri,wfo,1,Grastidium vandewateri,Grastidium vandewateri [Unknown; wfo],Dendrobium vandewateri Ridl.,Ridl.,Orchidaceae,Dendrobium,vandewateri,species,,,,,wfo-0000940931,,"Trans. Linn. Soc. London, Bot. 9: 166 (1916)",,,unambiguous_accepted,wfo,"{""majorGroup"": ""A"", ""references"": ""https://powo.science.kew.org/taxon/urn:lsid:ipni.org:names:628875-1"", ""source"": ""World Checklist of Vascular Plants. Facilitated by the Royal Botanic Gardens, Kew."", ""taxonRemarks"": ""Source in seed data: wcs Update namepublishedIn from Trans. Linn. Soc. London, Bot. 9(1): 166. 1916 [1916-22 publ. Aug 1916] ; see pages 1,2 and 274 re spelling of sp. epithet. to Trans. Linn. Soc. London, Bot. 9: 166 (1916), information provided by Alan"", ""tplId"": ""kew-59406"", ""wfo_nomenclatural_status"": ""Valid""}"
Dendrobium verruciﬂorum Schltr.,cites_pdf,1,Grastidium verruciﬂorum (Schltr.) Rauschert,Grastidium verruciﬂorum (Schltr.) Rauschert [Unknown; cites_pdf],Dendrobium verruciﬂorum Schltr.,,Orchidaceae,Grastidium,verruciﬂorum,,,,,,,,,,,unambiguous_accepted,cites_pdf,"{""accepted_genus"": ""Dendrobium"", ""page"": 372, ""y"": 96.4}"
Dendrobium vexillarius var. albiviride,cites_pdf,0,,,Dendrobium vexillarius var. albiviride (P.Royen) T.M.Reeve & P.Woods,(P.Royen) T.M.Reeve & P.Woods,Orchidaceae,Dendrobium,albiviride,,,,,,,,,,,unambiguous_accepted,cites_pdf,"{""page"": 237, ""y"": 514.9}"
Dendrobium vexillarius var. microblepharum,cites_pdf,0,,,Dendrobium vexillarius var. microblepharum (Schltr.) T.M.Reeve & P.Woods,(Schltr.) T.M.Reeve & P.Woods,Orchidaceae,Dendrobium,microblepharum,,,,,,,,,,,unambiguous_accepted,cites_pdf,"{""page"": 274, ""y"": 275.7}"
Dendrobium vexillarius var. minor,cites_pdf,1,Dendrobium albiviride var. minor,Dendrobium albiviride var. minor [Unknown; cites_pdf],Dendrobium vexillarius var. minor (P.Royen) Ormerod,(P.Royen) Ormerod,Orchidaceae,Dendrobium,albiviride,,,,,,,,,,,unambiguous_accepted,cites_pdf,"{""page"": 237, ""y"": 550.7}"
Dendrobium vexillarius var. retroﬂexum,cites_pdf,2,"Dendrobium retroﬂexum J.J.Sm., Pedilonum retroﬂexum (J.J.Sm.) Rauschert","Dendrobium retroﬂexum J.J.Sm. [Unknown; cites_pdf], Pedilonum retroﬂexum (J.J.Sm.) Rauschert [Unknown; cites_pdf]",Dendrobium vexillarius var. retroﬂexum (J.J.Sm.) T.M.Reeve & P.Woods,(J.J.Sm.) T.M.Reeve & P.Woods,Orchidaceae,Dendrobium,caenosicallainum,,,,,,,,,,,unambiguous_accepted,cites_pdf,"{""page"": 245, ""y"": 311.6}"
Dendrobium vexillarius var. uncinatum,cites_pdf,0,,,Dendrobium vexillarius var. uncinatum (Schltr.) T.M.Reeve & P.Woods,(Schltr.) T.M.Reeve & P.Woods,Orchidaceae,Dendrobium,bilamellatum,,,,,,,,,,,unambiguous_accepted,cites_pdf,"{""page"": 243, ""y"": 227.9}"
Dendrobium vexillarius var. vexillarius,cites_pdf,0,,,Dendrobium vexillarius var. vexillarius,,Orchidaceae,Dendrobium,semeion,,,,,,,,,,,unambiguous_accepted,cites_pdf,"{""page"": 291, ""y"": 514.9}"
Dendrobium vietii,wcvp,0,,,Dendrobium vietii Aver. & V.C.Nguyen,Aver. & V.C.Nguyen,Orchidaceae,Dendrobium,vietii,Species,,,3313767,77344700-1,,<NA>,(2024),Phytotaxa,Vietnam,unambiguous_accepted,wcvp,"{""climate_description"": ""wet tropical"", ""lifeform_description"": ""epiphyte"", ""volume_and_page"": ""658: 24""}"
Dendrobium violaceo-miniatum,wfo,0,,,Dendrobium violaceo-miniatum Schltr.,Schltr.,Orchidaceae,Dendrobium,violaceo-miniatum,species,,,,,wfo-0000940989,,Bot. Jahrb. Syst. 56: 470 (1921),,,unambiguous_accepted,wfo,"{""majorGroup"": ""A"", ""source"": ""World Checklist of Vascular Plants. Facilitated by the Royal Botanic Gardens, Kew."", ""taxonRemarks"": ""Source in seed data: wcs Update namepublishedIn from Bot. Jahrb. Syst. 56(4): 470. 1921 [18 Feb 1921] to Bot. Jahrb. Syst. 56: 470 (1921), information provided by Alan E. on email Jun. 07 2021 More details could be found in <a href=http://www.theplantlis"", ""tplId"": ""kew-59461"", ""wfo_nomenclatural_status"": ""Valid""}"
Dendrobium violaceo-pictum,wfo,0,,,Dendrobium violaceo-pictum Schltr.,Schltr.,Orchidaceae,Dendrobium,violaceo-pictum,species,,,,,wfo-0000940990,,Repert. Spec. Nov. Regni Veg. Beih. 1: 592 (1912),,,unambiguous_accepted,wfo,"{""majorGroup"": ""A"", ""source"": ""World Checklist of Vascular Plants. Facilitated by the Royal Botanic Gardens, Kew."", ""taxonRemarks"": ""Source in seed data: wcs Update namepublishedIn from Repert. Spec. Nov. Regni Veg. Beih. 1: 592. 1912 to Repert. Spec. Nov. Regni Veg. Beih. 1: 592 (1912), information provided by Alan E. on email Jun. 07 2021 More details could be found in <a href=http:"", ""tplId"": ""kew-59462"", ""wfo_nomenclatural_status"": ""Valid""}"
Dendrobium violaceoﬂavens J.J.Sm.,cites_pdf,1,Durabaculum violaceoﬂavens (J.J.Sm.) M.A.Clem. & D.L.Jones,Durabaculum violaceoﬂavens (J.J.Sm.) M.A.Clem. & D.L.Jones [Unknown; cites_pdf],Dendrobium violaceoﬂavens J.J.Sm.,,Orchidaceae,Durabaculum,violaceoﬂavens,,,,,,,,,,,unambiguous_accepted,cites_pdf,"{""accepted_genus"": ""Dendrobium"", ""page"": 330, ""y"": 180.1}"
Dendrobium violaceum subsp. cyperifolium,cites_pdf,0,,,Dendrobium violaceum subsp. cyperifolium (Schltr.) T.M.Reeve & P.Woods,(Schltr.) T.M.Reeve & P.Woods,Orchidaceae,Dendrobium,cyperifolium,,,,,,,,,,,unambiguous_accepted,cites_pdf,"{""page"": 252, ""y"": 407.3}"
Dendrobium violaceum subsp. violaceum,cites_pdf,2,"Dendrobium geminiﬂorum Schltr., Pedilonum geminiﬂorum (Schltr.) Rauschert","Dendrobium geminiﬂorum Schltr. [Unknown; cites_pdf], Pedilonum geminiﬂorum (Schltr.) Rauschert [Unknown; cites_pdf]",Dendrobium violaceum subsp. violaceum,,Orchidaceae,Dendrobium,allioides,,,,,,,,,,,unambiguous_accepted,cites_pdf,"{""page"": 237, ""y"": 730.0}"
Dendrobium viridiﬂorum F.M.Bailey,cites_pdf,0,,,Dendrobium viridiﬂorum F.M.Bailey,,Orchidaceae,Dendrobium,ansusanum,,,,,,,,,,,unambiguous_accepted,cites_pdf,"{""page"": 239, ""y"": 120.3}"
Dendrobium von-paulsenianum,wfo,0,,,Dendrobium × von-paulsenianum A.D.Hawkes,A.D.Hawkes,Orchidaceae,Pedilonum,vonpaulsenianum,species,,,,,wfo-0000266510,,Feddes Repert. 94: 465 (1983),,,unambiguous_accepted,wfo,"{""majorGroup"": ""A"", ""originalNameUsageID"": ""wfo-0000941007"", ""references"": ""https://powo.science.kew.org/taxon/urn:lsid:ipni.org:names:913142-1"", ""source"": ""World Checklist of Vascular Plants. Facilitated by the Royal Botanic Gardens, Kew."", ""taxonRemarks"": ""Source in seed data: wcs Update namepublishedIn from Feddes Repert. 94(7-8): 465. 1983 to Feddes Repert. 94: 465 (1983), information provided by Alan E. on email Jun. 07 2021 More details could be found in <a href=http://www.theplantlist.org/tpl1.1/recor"", ""tplId"": ""kew-149535"", ""wfo_nomenclatural_status"": ""Valid""}"
Dendrobium wanmae,wcvp,0,,,"Dendrobium wanmae Schuit., Saputra & Heatubun","Schuit., Saputra & Heatubun",Orchidaceae,Dendrobium,wanmae,Species,,,3313882,77352582-1,,<NA>,(2024),Malesian Orchid J.,W. New Guinea,unambiguous_accepted,wcvp,"{""climate_description"": ""wet tropical"", ""lifeform_description"": ""epiphyte"", ""volume_and_page"": ""27: 115""}"
Dendrobium xichouensis,wfo,0,,,Dendrobium xichouensis S.J.Cheng & Z.Z.Tang,S.J.Cheng & Z.Z.Tang,Orchidaceae,Dendrobium,xichouensis,species,,,,,wfo-0001033460,,Acta Bot. Yunnan. 6: 280 (1984),,,unambiguous_accepted,wfo,"{""majorGroup"": ""A"", ""references"": ""https://powo.science.kew.org/taxon/urn:lsid:ipni.org:names:904015-1"", ""source"": ""World Checklist of Vascular Plants. Facilitated by the Royal Botanic Gardens, Kew."", ""taxonRemarks"": ""Source in seed data: tro Update namepublishedIn from Acta Bot. Yunnan. 6(3): 280. 1984 to Acta Bot. Yunnan. 6: 280 (1984), information provided by Alan E. on email Jun. 07 2021 More details could be found in <a href=http://www.theplantlist.org/tpl1.1/rec"", ""tplId"": ""tro-100180109"", ""wfo_nomenclatural_status"": ""Valid""}"
Dendrobium ﬁlilobum F.Muell.,cites_pdf,1,Diplocaulobium ﬁlilobum (F.Muell.) Kraenzl.,Diplocaulobium ﬁlilobum (F.Muell.) Kraenzl. [Unknown; cites_pdf],Dendrobium ﬁlilobum F.Muell.,,Orchidaceae,Diplocaulobium,ﬁlilobum,,,,,,,,,,,unambiguous_accepted,cites_pdf,"{""accepted_genus"": ""Dendrobium"", ""page"": 311, ""y"": 730.0}"
Dendrobium ﬁmbriatum Hook.,cites_pdf,2,"Callista ﬁmbriata (Hook.) Kuntze, Dendrobium ﬁmbriatum var. oculatum Hook.","Callista ﬁmbriata (Hook.) Kuntze [Unknown; cites_pdf], Dendrobium ﬁmbriatum var. oculatum Hook. [Unknown; cites_pdf]",Dendrobium ﬁmbriatum Hook.,,Orchidaceae,Callista,ﬁmbriata,,,,,,,,,,,unambiguous_accepted,cites_pdf,"{""accepted_genus"": ""Dendrobium"", ""page"": 155, ""y"": 263.8}"
Dendrobium ﬁmbrilabium J.J.Sm.,cites_pdf,2,"Eurycaulis ﬁmbrilabius (J.J.Sm.) M.A.Clem., Pedilonum ﬁmbrilabium (J.J.Sm.) Rauschert.","Eurycaulis ﬁmbrilabius (J.J.Sm.) M.A.Clem. [Unknown; cites_pdf], Pedilonum ﬁmbrilabium (J.J.Sm.) Rauschert. [Unknown; cites_pdf]",Dendrobium ﬁmbrilabium J.J.Sm.,,Orchidaceae,Eurycaulis,ﬁmbrilabius,,,,,,,,,,,unambiguous_accepted,cites_pdf,"{""accepted_genus"": ""Dendrobium"", ""page"": 360, ""y"": 550.7}"
Dendrobium ﬁndlayanum C.S.P.Parish & Rchb.f.,cites_pdf,1,Callista ﬁndlayana (C.S.P.Parish & Rchb.f.) Kuntze,Callista ﬁndlayana (C.S.P.Parish & Rchb.f.) Kuntze [Unknown; cites_pdf],Dendrobium ﬁndlayanum C.S.P.Parish & Rchb.f.,,Orchidaceae,Callista,ﬁndlayana,,,,,,,,,,,unambiguous_accepted,cites_pdf,"{""accepted_genus"": ""Dendrobium"", ""page"": 155, ""y"": 275.7}"
Dendrobium ﬁnetianum Schltr.,cites_pdf,2,"Bouletia ﬁnetiana (Schltr.) M.A.Clem. & D.L.Jones, Grastidium ﬁnetianum (Schltr.) Rauschert.","Bouletia ﬁnetiana (Schltr.) M.A.Clem. & D.L.Jones [Unknown; cites_pdf], Grastidium ﬁnetianum (Schltr.) Rauschert. [Unknown; cites_pdf]",Dendrobium ﬁnetianum Schltr.,,Orchidaceae,Bouletia,ﬁnetiana,,,,,,,,,,,unambiguous_accepted,cites_pdf,"{""accepted_genus"": ""Dendrobium"", ""page"": 56, ""y"": 562.7}"
Dendrobium ﬁnisterrae Schltr.,cites_pdf,1,Sayeria ﬁnisterrae (Schltr.) Rauschert,Sayeria ﬁnisterrae (Schltr.) Rauschert [Unknown; cites_pdf],Dendrobium ﬁnisterrae Schltr.,,Orchidaceae,Dendrobium,melanolasium,,,,,,,,,,,unambiguous_accepted,cites_pdf,"{""page"": 273, ""y"": 658.3}"
Dendrobium ﬁnniganense D.L.Jones,cites_pdf,1,Thelychiton ﬁnniganensis (D.L.Jones) M.A.Clem. & D.L.Jones,Thelychiton ﬁnniganensis (D.L.Jones) M.A.Clem. & D.L.Jones [Unknown; cites_pdf],Dendrobium ﬁnniganense D.L.Jones,,Orchidaceae,Thelychiton,ﬁnniganensis,,,,,,,,,,,unambiguous_accepted,cites_pdf,"{""accepted_genus"": ""Dendrobium"", ""page"": 501, ""y"": 204.0}"
Dendrobium ﬁssum Schltr.,cites_pdf,1,Grastidium ﬁssum (Schltr.) Rauschert,Grastidium ﬁssum (Schltr.) Rauschert [Unknown; cites_pdf],Dendrobium ﬁssum Schltr.,,Orchidaceae,Grastidium,ﬁssum,,,,,,,,,,,unambiguous_accepted,cites_pdf,"{""accepted_genus"": ""Dendrobium"", ""page"": 368, ""y"": 502.9}"
Dendrobium ﬂabelliforme Schltr.,cites_pdf,3,"Desmotrichum ﬂabelliforme (Schltr.) A.D.Hawkes., Ephemerantha ﬂabelliformis (Schltr.) P.F.Hunt & Summerh., Flickingeria ﬂabelliformis (Schltr.) A.D.Hawkes.","Desmotrichum ﬂabelliforme (Schltr.) A.D.Hawkes. [Unknown; cites_pdf], Ephemerantha ﬂabelliformis (Schltr.) P.F.Hunt & Summerh. [Unknown; cites_pdf], Flickingeria ﬂabelliformis (Schltr.) A.D.Hawkes. [Unknown; cites_pdf]",Dendrobium ﬂabelliforme Schltr.,,Orchidaceae,Desmotrichum,ﬂabelliforme,,,,,,,,,,,unambiguous_accepted,cites_pdf,"{""accepted_genus"": ""Dendrobium"", ""page"": 306, ""y"": 658.3}"
Dendrobium ﬂabelloides J.J.Sm.,cites_pdf,2,"Ephemerantha ﬂabelloides (J.J.Sm.) P.F.Hunt & Summerh., Flickingeria ﬂabelloides (J.J.Sm.) J.J.Wood.","Ephemerantha ﬂabelloides (J.J.Sm.) P.F.Hunt & Summerh. [Unknown; cites_pdf], Flickingeria ﬂabelloides (J.J.Sm.) J.J.Wood. [Unknown; cites_pdf]",Dendrobium ﬂabelloides J.J.Sm.,,Orchidaceae,Ephemerantha,ﬂabelloides,,,,,,,,,,,unambiguous_accepted,cites_pdf,"{""accepted_genus"": ""Dendrobium"", ""page"": 345, ""y"": 634.4}"
Dendrobium ﬂagellum Schltr.,cites_pdf,1,Dockrillia ﬂagella (Schltr.) Rauschert.,Dockrillia ﬂagella (Schltr.) Rauschert. [Unknown; cites_pdf],Dendrobium ﬂagellum Schltr.,,Orchidaceae,Dockrillia,ﬂagella,,,,,,,,,,,unambiguous_accepted,cites_pdf,"{""accepted_genus"": ""Dendrobium"", ""page"": 322, ""y"": 574.6}"
Dendrobium ﬂavicolle Schltr.,cites_pdf,1,Diplocaulobium ﬂavicolle (Schltr.) A.D.Hawkes.,Diplocaulobium ﬂavicolle (Schltr.) A.D.Hawkes. [Unknown; cites_pdf],Dendrobium ﬂavicolle Schltr.,,Orchidaceae,Diplocaulobium,ﬂavicolle,,,,,,,,,,,unambiguous_accepted,cites_pdf,"{""accepted_genus"": ""Dendrobium"", ""page"": 311, ""y"": 742.0}"
Dendrobium ﬂeckeri Rupp & C.T.White,cites_pdf,2,"Thelychiton ﬂeckeri (Rupp & C.T.White) M.A.Clem. & D.L.Jones, Tropilis ﬂeckeri (Rupp & C.T.White) Butzin","Thelychiton ﬂeckeri (Rupp & C.T.White) M.A.Clem. & D.L.Jones [Unknown; cites_pdf], Tropilis ﬂeckeri (Rupp & C.T.White) Butzin [Unknown; cites_pdf]",Dendrobium ﬂeckeri Rupp & C.T.White,,Orchidaceae,Thelychiton,ﬂeckeri,,,,,,,,,,,unambiguous_accepted,cites_pdf,"{""accepted_genus"": ""Dendrobium"", ""page"": 501, ""y"": 227.9}"
"Dendrobium ﬂexicaule Z.H.Tsi, S.C.Sun & L.G.Xu",cites_pdf,0,,,"Dendrobium ﬂexicaule Z.H.Tsi, S.C.Sun & L.G.Xu",,Orchidaceae,Dendrobium,henanense,,,,,,,,,,,unambiguous_accepted,cites_pdf,"{""page"": 262, ""y"": 610.5}"
Dendrobium ﬂexile Ridl.,cites_pdf,1,Aporum ﬂexile (Ridl.) Rauschert,Aporum ﬂexile (Ridl.) Rauschert [Unknown; cites_pdf],Dendrobium ﬂexile Ridl.,,Orchidaceae,Aporum,adpressifolium,,,,,,,,,,,unambiguous_accepted,cites_pdf,"{""accepted_genus"": ""Dendrobium"", ""page"": 47, ""y"": 180.1}"
Dendrobium ﬂuctuosum J.J.Sm.,cites_pdf,1,Cadetia ﬂuctuosa (J.J.Sm.) P.F.Hunt,Cadetia ﬂuctuosa (J.J.Sm.) P.F.Hunt [Unknown; cites_pdf],Dendrobium ﬂuctuosum J.J.Sm.,,Orchidaceae,Cadetia,citrina,,,,,,,,,,,unambiguous_accepted,cites_pdf,"{""accepted_genus"": ""Dendrobium"", ""page"": 137, ""y"": 706.1}"
Dendrochilum pallidiﬂavens var. pallidiﬂavens,cites_pdf,0,,,Dendrochilum pallidiﬂavens var. pallidiﬂavens,,Orchidaceae,Bulbophyllum,pteriphilum,,,,,,,,,,,unambiguous_accepted,cites_pdf,"{""accepted_genus"": ""Dendrochilum"", ""page"": 116, ""y"": 156.2}"
Dendrochilum stellum,cites_csv,0,,,"Dendrochilum stellum J.J.Wood & J.B.Comber, 1995","J.J.Wood & J.B.Comber, 1995",Orchidaceae,Dendrochilum,stellum,SPECIES,II,,,,,,,,Indonesia,unambiguous_accepted,cites_csv,"{""All_DistributionISOCodes"": ""ID"", ""NativeDistributionFullNames"": ""Indonesia""}"
Dendrolirium kamlangense,wfo,0,,,Dendrolirium kamlangense (A.N.Rao) A.N.Rao,(A.N.Rao) A.N.Rao,Orchidaceae,Eria,kamlangensis,species,,,,,wfo-0000408630,,J. Orchid Soc. India 16: 61 (2002),,,unambiguous_accepted,wfo,"{""majorGroup"": ""A"", ""references"": ""https://powo.science.kew.org/taxon/urn:lsid:ipni.org:names:60436068-2"", ""source"": ""World Checklist of Vascular Plants. Facilitated by the Royal Botanic Gardens, Kew."", ""taxonRemarks"": ""Source in seed data: wcs Update namepublishedIn from J. Orchid Soc. India 16(1-2): 61 (-63; fig.). 2002 [31 Dec. 2002] to J. Orchid Soc. India 16: 61 (2002), information provided by Alan E. on email Jun. 07 2021 More details could be found in <a href=htt"", ""tplId"": ""kew-243415"", ""wfo_nomenclatural_status"": ""Valid""}"
Dendrolirium pachyphylla,wcvp,0,,,"Dendrolirium pachyphylla (Aver.) M.K.Li, Z.Xing & Y.Luo","(Aver.) M.K.Li, Z.Xing & Y.Luo",Orchidaceae,Eria,pachyphylla,Species,,,243417,20011526-1,,71024,(2002),Turczaninowia,"China (SW. Guizhou, S. Yunnan, S. Guangxi) to N. Indo-China",unambiguous_accepted,wcvp,"{""climate_description"": ""subtropical"", ""lifeform_description"": ""pseudobulbous epiphyte or lithophyte"", ""volume_and_page"": ""5(4): 77""}"
Dendrophylax ﬁliformis (Sw.) Benth. ex Fawc.,cites_pdf,1,Angraecum ﬁliforme (Sw.) Lindl.,Angraecum ﬁliforme (Sw.) Lindl. [Unknown; cites_pdf],Dendrophylax ﬁliformis (Sw.) Benth. ex Fawc.,,Orchidaceae,Angraecum,ﬁliforme,,,,,,,,,,,unambiguous_accepted,cites_pdf,"{""accepted_genus"": ""Dendrophylax"", ""page"": 35, ""y"": 335.5}"
Dichaea acroblepara,wfo,0,,,Dichaea acroblepara Schltr.,Schltr.,Orchidaceae,Dichaea,acroblepara,species,,,,,wfo-0000942775,,Repert. Spec. Nov. Regni Veg. Beih. 19: 71. 1923,,,unambiguous_accepted,wfo,"{""majorGroup"": ""A"", ""source"": ""World Checklist of Vascular Plants. Facilitated by the Royal Botanic Gardens, Kew."", ""taxonRemarks"": ""Source in seed data: wcs Updated namePublishedIn from Repert. Spec. Nov. Regni Veg. Beih. 19: 71 1923 to Repert. Spec. Nov. Regni Veg. Beih. 19: 71. 1923 , according to IPNI. Information provided by Alan E. on email Jul. 15 2020. More details could be fo"", ""tplId"": ""kew-61164"", ""wfo_nomenclatural_status"": ""Valid""}"
Dichaea oxypetala,wfo,0,,,Dichaea oxypetala Schltr.,Schltr.,Orchidaceae,Dichaea,oxypetala,species,,,,,wfo-0001088226,,,,,unambiguous_accepted,wfo,"{""majorGroup"": ""A"", ""source"": ""World Checklist of Vascular Plants. Facilitated by the Royal Botanic Gardens, Kew."", ""taxonRemarks"": ""Source in seed data: tro More details could be found in <a href=http://www.theplantlist.org/tpl1.1/record/tro-23503359 >The Plant List v.1.1.</a> Originally in <a href=http://www.theplantlist.org/tpl/record/tro-23503359 >The Plant List v.1.0</a>"", ""tplId"": ""tro-23503359"", ""wfo_nomenclatural_status"": ""Valid""}"
Didymoplexis stella-silvae,wcvp,0,,,Didymoplexis stella-silvae Hermans,Hermans,Orchidaceae,Didymoplexis,stella-silvae,Species,,,547314,77214547-1,,<NA>,(2021),Kew Bull.,Madagascar,unambiguous_accepted,wcvp,"{""climate_description"": ""wet tropical"", ""lifeform_description"": ""holomycotrophic rhizomatous geophyte"", ""volume_and_page"": ""76: 46""}"
Didymoplexis stellasilvae,wfo,0,,,Didymoplexis stellasilvae Hermans,Hermans,Orchidaceae,Didymoplexis,stellasilvae,species,,,,,wfo-1000026738,,Kew Bull. 76: 46 (2021),,,unambiguous_accepted,wfo,"{""majorGroup"": ""A"", ""references"": ""https://powo.science.kew.org/taxon/urn:lsid:ipni.org:names:77214547-1"", ""source"": ""World Checklist of Vascular Plants. Facilitated by the Royal Botanic Gardens, Kew."", ""wfo_nomenclatural_status"": ""Valid""}"
Dimorphorchis beccarii var. beccarii,cites_pdf,0,,,Dimorphorchis beccarii var. beccarii,,Orchidaceae,Vanda,muelleri,,,,,,,,,,,unambiguous_accepted,cites_pdf,"{""accepted_genus"": ""Dimorphorchis"", ""page"": 508, ""y"": 395.3}"
Dimorphorchis beccarii var. imthurnii,cites_pdf,0,,,Dimorphorchis beccarii var. imthurnii (Rolfe) Kocyan & Schuit.,(Rolfe) Kocyan & Schuit.,Orchidaceae,Vandopsis,imthurnii,,,,,,,,,,,unambiguous_accepted,cites_pdf,"{""accepted_genus"": ""Dimorphorchis"", ""page"": 511, ""y"": 144.2}"
Diplocaulobium copelandii,cites_csv,0,,,"Diplocaulobium copelandii (F.M.Bailey) P.F.Hunt, 1971","(F.M.Bailey) P.F.Hunt, 1971",Orchidaceae,Diplocaulobium,copelandii,SPECIES,II,,,,,,,,Papua New Guinea,unambiguous_accepted,cites_csv,"{""All_DistributionISOCodes"": ""PG"", ""NativeDistributionFullNames"": ""Papua New Guinea""}"
Diplomeris josephi,cites_csv,0,,,"Diplomeris josephi A.N.Rao & Swamin., 1987","A.N.Rao & Swamin., 1987",Orchidaceae,Diplomeris,josephi,SPECIES,II,,,,,,,,,unambiguous_accepted,cites_csv,
Disa aconitoides subsp. aconitoides,cites_pdf,1,Disa englerana,Disa englerana [Unknown; cites_pdf],Disa aconitoides subsp. aconitoides,,Orchidaceae,Disa,delphinoides,,,,,,,,,,,unambiguous_accepted,cites_pdf,"{""page"": 315, ""y"": 550.7}"
Disa aconitoides subsp. concinna,cites_pdf,1,Disa equestris var. concinna,Disa equestris var. concinna [Unknown; cites_pdf],Disa aconitoides subsp. concinna (N.E.Br.) H.P.Linder,(N.E.Br.) H.P.Linder,Orchidaceae,Disa,bisetosa,,,,,,,,,,,unambiguous_accepted,cites_pdf,"{""page"": 314, ""y"": 479.0}"
Disa aconitoides subsp. goetzeana,cites_pdf,0,,,Disa aconitoides subsp. goetzeana (Kraenzl.) H.P.Linder,(Kraenzl.) H.P.Linder,Orchidaceae,Disa,chiovendaei,,,,,,,,,,,unambiguous_accepted,cites_pdf,"{""page"": 315, ""y"": 227.9}"
Disa biﬁda (Thunb.) Sw.,cites_pdf,2,"Satyrium biﬁdum Thunb., Schizodium biﬁdum (Thunb.) Rchb.f.","Satyrium biﬁdum Thunb. [Unknown; cites_pdf], Schizodium biﬁdum (Thunb.) Rchb.f. [Unknown; cites_pdf]",Disa biﬁda (Thunb.) Sw.,,Orchidaceae,Satyrium,biﬁdum,,,,,,,,,,,unambiguous_accepted,cites_pdf,"{""accepted_genus"": ""Disa"", ""page"": 483, ""y"": 658.3}"
Disa biﬂora (L.) Druce,cites_pdf,3,"Orchis biﬂora L., Orchis ﬂexicaulis L.f., Schizodium biﬂorum (L.) T.Durand & Schinz","Orchis biﬂora L. [Unknown; cites_pdf], Orchis ﬂexicaulis L.f. [Unknown; cites_pdf], Schizodium biﬂorum (L.) T.Durand & Schinz [Unknown; cites_pdf]",Disa biﬂora (L.) Druce,,Orchidaceae,Disa,satyrioides,,,,,,,,,,,unambiguous_accepted,cites_pdf,"{""page"": 319, ""y"": 479.0}"
Disa caﬀra Bolus,cites_pdf,0,,,Disa caﬀra Bolus,,Orchidaceae,Disa,compta,,,,,,,,,,,unambiguous_accepted,cites_pdf,"{""page"": 315, ""y"": 371.4}"
Disa cephalotes subsp. frigida,cites_pdf,0,,,Disa cephalotes subsp. frigida (Schltr.) H.P.Linder,(Schltr.) H.P.Linder,Orchidaceae,Disa,frigida,,,,,,,,,,,unambiguous_accepted,cites_pdf,"{""page"": 316, ""y"": 335.5}"
Disa danieleae,wfo,0,,,Disa danieleae Geerinck,Geerinck,Orchidaceae,Disa,danieleae,species,,,,,wfo-0000944348,,Bull. Jard. Bot. Natl. Belg. 52: 142 (1982),,,unambiguous_accepted,wfo,"{""majorGroup"": ""A"", ""references"": ""https://powo.science.kew.org/taxon/urn:lsid:ipni.org:names:899737-1"", ""source"": ""World Checklist of Vascular Plants. Facilitated by the Royal Botanic Gardens, Kew."", ""taxonRemarks"": ""Source in seed data: wcs Update namepublishedIn from Bull. Jard. Bot. Natl. Belg. 52(1-2): 142, as 'danielae'. 1982 to Bull. Jard. Bot. Natl. Belg. 52: 142 (1982), information provided by Alan E. on email Jun. 07 2021 More details could be found in <a hr"", ""tplId"": ""kew-62773"", ""wfo_nomenclatural_status"": ""Valid""}"
Disa densiﬂora (Lindl.) Bolus,cites_pdf,3,"Disa multiﬂora (Sond.) Bolus., Monadenia densiﬂora Lindl., Monadenia multiﬂora Sond.","Disa multiﬂora (Sond.) Bolus. [Unknown; cites_pdf], Monadenia densiﬂora Lindl. [Unknown; cites_pdf], Monadenia multiﬂora Sond. [Unknown; cites_pdf]",Disa densiﬂora (Lindl.) Bolus,,Orchidaceae,Disa,auriculata,,,,,,,,,,,unambiguous_accepted,cites_pdf,"{""page"": 314, ""y"": 359.4}"
Disa emini,wfo,0,,,Disa emini Kraenzl.,Kraenzl.,Orchidaceae,Disa,emini,species,,,,,wfo-0000944358,,Bot. Jahrb. Syst. 19: 248 (1894),,,unambiguous_accepted,wfo,"{""majorGroup"": ""A"", ""references"": ""https://powo.science.kew.org/taxon/urn:lsid:ipni.org:names:630102-1"", ""source"": ""World Checklist of Vascular Plants. Facilitated by the Royal Botanic Gardens, Kew."", ""taxonRemarks"": ""Source in seed data: wcs Update namepublishedIn from Bot. Jahrb. Syst. 19(2-3): 248. 1894 [21 Aug 1894] to Bot. Jahrb. Syst. 19: 248 (1894), information provided by Alan E. on email Jun. 07 2021 More details could be found in <a href=http://www.theplantl"", ""tplId"": ""kew-62782"", ""wfo_nomenclatural_status"": ""Valid""}"
Disa erubescens subsp. carsonii,cites_pdf,1,Disa erubescens var. carsonii,Disa erubescens var. carsonii [Unknown; cites_pdf],Disa erubescens subsp. carsonii (N.E.Br.) H.P.Linder,(N.E.Br.) H.P.Linder,Orchidaceae,Disa,carsonii,,,,,,,,,,,unambiguous_accepted,cites_pdf,"{""page"": 315, ""y"": 96.4}"
Disa forﬁcaria Bolus,cites_pdf,3,"Forﬁcaria graminifolia, Herschelia forﬁcaria (Bolus) H.P.Linder., Herschelianthe forﬁcaria (Bolus) N.C.Anthony","Forﬁcaria graminifolia [Unknown; cites_pdf], Herschelia forﬁcaria (Bolus) H.P.Linder. [Unknown; cites_pdf], Herschelianthe forﬁcaria (Bolus) N.C.Anthony [Unknown; cites_pdf]",Disa forﬁcaria Bolus,,Orchidaceae,Forﬁcaria,graminifolia,,,,,,,,,,,unambiguous_accepted,cites_pdf,"{""accepted_genus"": ""Disa"", ""page"": 365, ""y"": 335.5}"
Disa fragrans subsp. deckenii,cites_pdf,0,,,Disa fragrans subsp. deckenii (Rchb.f.) H.P.Linder,(Rchb.f.) H.P.Linder,Orchidaceae,Disa,deckenii,,,,,,,,,,,unambiguous_accepted,cites_pdf,"{""page"": 315, ""y"": 526.8}"
Disa fragrans subsp. fragrans,cites_pdf,0,,,Disa fragrans subsp. fragrans,,Orchidaceae,Disa,leucostachys,,,,,,,,,,,unambiguous_accepted,cites_pdf,"{""page"": 317, ""y"": 275.7}"
Disa gladioliﬂora subsp. capricornis (Rchb.f.) H.P.Linder,cites_pdf,0,,,Disa gladioliﬂora subsp. capricornis (Rchb.f.) H.P.Linder,,Orchidaceae,Disa,capricornis,,,,,,,,,,,unambiguous_accepted,cites_pdf,"{""page"": 314, ""y"": 718.1}"
Disa inﬂexa (Lindl.) Mundt ex Bolus,cites_pdf,1,Schizodium inﬂexum Lindl.,Schizodium inﬂexum Lindl. [Unknown; cites_pdf],Disa inﬂexa (Lindl.) Mundt ex Bolus,,Orchidaceae,Schizodium,inﬂexum,,,,,,,,,,,unambiguous_accepted,cites_pdf,"{""accepted_genus"": ""Disa"", ""page"": 488, ""y"": 694.2}"
Disa lugens var. nigrescens,cites_pdf,2,"Herschelia lugens var. nigrescens, Herschelianthe lugens var. nigrescens","Herschelia lugens var. nigrescens [Unknown; cites_pdf], Herschelianthe lugens var. nigrescens [Unknown; cites_pdf]",Disa lugens var. nigrescens (H.P.Linder) H.P.Linder,(H.P.Linder) H.P.Linder,Orchidaceae,Herschelia,lugens,,,,,,,,,,,unambiguous_accepted,cites_pdf,"{""accepted_genus"": ""Disa"", ""page"": 377, ""y"": 251.8}"
Disa multiﬁda Lindl.,cites_pdf,2,"Herschelia multiﬁda (Lindl.) Rolfe, Herschelianthe multiﬁda (Lindl.) Rauschert","Herschelia multiﬁda (Lindl.) Rolfe [Unknown; cites_pdf], Herschelianthe multiﬁda (Lindl.) Rauschert [Unknown; cites_pdf]",Disa multiﬁda Lindl.,,Orchidaceae,Disa,charpentieriana,,,,,,,,,,,unambiguous_accepted,cites_pdf,"{""page"": 315, ""y"": 204.0}"
Disa obliqua subsp. clavigera,cites_pdf,1,Schizodium obliquum subsp. clavigerum,Schizodium obliquum subsp. clavigerum [Unknown; cites_pdf],Disa obliqua subsp. clavigera (Lindl.) Bytebier,(Lindl.) Bytebier,Orchidaceae,Disa,clavigera,,,,,,,,,,,unambiguous_accepted,cites_pdf,"{""page"": 315, ""y"": 287.7}"
Disa obtusa subsp. picta,cites_pdf,0,,,Disa obtusa subsp. picta (Sond.) H.P.Linder,(Sond.) H.P.Linder,Orchidaceae,Disa,pappei,,,,,,,,,,,unambiguous_accepted,cites_pdf,"{""page"": 318, ""y"": 407.3}"
Disa patula var. transvaalensis,cites_pdf,0,,,Disa patula var. transvaalensis Summerh.,Summerh.,Orchidaceae,Disa,gerrardii,,,,,,,,,,,unambiguous_accepted,cites_pdf,"{""page"": 316, ""y"": 371.4}"
Disa polygonides,wfo,0,,,Disa polygonides Lindl.,Lindl.,Orchidaceae,Disa,natalensis,species,,,,,wfo-0000944466,,London J. Bot. 1: 16 (1842),,,unambiguous_accepted,wfo,"{""majorGroup"": ""A"", ""references"": ""https://powo.science.kew.org/taxon/urn:lsid:ipni.org:names:630184-1"", ""source"": ""World Checklist of Vascular Plants. Facilitated by the Royal Botanic Gardens, Kew."", ""taxonRemarks"": ""Source in seed data: wcs Update namepublishedIn from London J. Bot. 1: 16. 1842 to London J. Bot. 1: 16 (1842), information provided by Alan E. on email Jun. 07 2021 More details could be found in <a href=http://www.theplantlist.org/tpl1.1/record/kew-628"", ""tplId"": ""kew-62882"", ""wfo_nomenclatural_status"": ""Valid""}"
Disa rodantha,wfo,0,,,Disa rodantha Schltr.,Schltr.,Orchidaceae,Disa,rodantha,species,,,,,wfo-0000944536,,Beibl. Bot. Jahrb. Syst. 50: 40 (1895),,,unambiguous_accepted,wfo,"{""majorGroup"": ""A"", ""references"": ""https://powo.science.kew.org/taxon/urn:lsid:ipni.org:names:630235-1"", ""source"": ""World Checklist of Vascular Plants. Facilitated by the Royal Botanic Gardens, Kew."", ""taxonRemarks"": ""Source in seed data: wcs Update namepublishedIn from Bot. Jahrb. Syst. 20(4, Beibl. 50): 40. 1895 [10 May 1895] to Beibl. Bot. Jahrb. Syst. 50: 40 (1895), information provided by Alan E. on email Jun. 07 2021 More details could be found in <a href=http:/"", ""tplId"": ""kew-62947"", ""wfo_nomenclatural_status"": ""Valid""}"
Disa spathulata subsp. spathulata,cites_pdf,2,"Disa propinqua var. triﬁda, Disa spathulata var. atropurpurea","Disa propinqua var. triﬁda [Unknown; cites_pdf], Disa spathulata var. atropurpurea [Unknown; cites_pdf]",Disa spathulata subsp. spathulata,,Orchidaceae,Disa,atropurpurea,,,,,,,,,,,unambiguous_accepted,cites_pdf,"{""page"": 314, ""y"": 263.8}"
Disa spathulata subsp. tripartita,cites_pdf,2,"Herschelia spathulata subsp. tripartita, Herschelianthe spathulata subsp. tripartita","Herschelia spathulata subsp. tripartita [Unknown; cites_pdf], Herschelianthe spathulata subsp. tripartita [Unknown; cites_pdf]",Disa spathulata subsp. tripartita (Lindl.) H.P.Linder,(Lindl.) H.P.Linder,Orchidaceae,Disa,tripartita,,,,,,,,,,,unambiguous_accepted,cites_pdf,"{""page"": 320, ""y"": 311.6}"
Disa uniﬂora P.J.Bergius,cites_pdf,2,"Disa grandiﬂora L.f., Satyrium grandiﬂorum Thunb.","Disa grandiﬂora L.f. [Unknown; cites_pdf], Satyrium grandiﬂorum Thunb. [Unknown; cites_pdf]",Disa uniﬂora P.J.Bergius,,Orchidaceae,Disa,barellii,,,,,,,,,,,unambiguous_accepted,cites_pdf,"{""page"": 314, ""y"": 395.3}"
Disa welwitschii subsp. occultans,cites_pdf,1,Disa welwitschii var. occultans,Disa welwitschii var. occultans [Unknown; cites_pdf],Disa welwitschii subsp. occultans (Schltr.) H.P.Linder,(Schltr.) H.P.Linder,Orchidaceae,Disa,occultans,,,,,,,,,,,unambiguous_accepted,cites_pdf,"{""page"": 318, ""y"": 216.0}"
Disa welwitschii subsp. welwitschii,cites_pdf,1,Disa welwitschii var. buchneri,Disa welwitschii var. buchneri [Unknown; cites_pdf],Disa welwitschii subsp. welwitschii,,Orchidaceae,Disa,breyeri,,,,,,,,,,,unambiguous_accepted,cites_pdf,"{""page"": 314, ""y"": 646.4}"
Disa ﬁlicornis (L.f.) Thunb.,cites_pdf,5,"Disa reﬂexa (Lindl.) Rchb.f., Disa ﬁlicornis var. latipetala Bolus, Orchis ﬁlicornis L.f., Penthea reﬂexa Lindl., Penthea ﬁlicornis (L.f.) Lindl.","Disa reﬂexa (Lindl.) Rchb.f. [Unknown; cites_pdf], Disa ﬁlicornis var. latipetala Bolus [Unknown; cites_pdf], Orchis ﬁlicornis L.f. [Unknown; cites_pdf], Penthea reﬂexa Lindl. [Unknown; cites_pdf], Penthea ﬁlicornis (L.f.) Lindl. [Unknown; cites_pdf]",Disa ﬁlicornis (L.f.) Thunb.,,Orchidaceae,Disa,ﬁlicornis,,,,,,,,,,,unambiguous_accepted,cites_pdf,"{""page"": 316, ""y"": 251.8}"
Disa ﬂexuosa (L.) Sw.,cites_pdf,3,"Orchis ﬂexuosa L., Satyrium ﬂexuosum (L.) Thunb., Schizodium ﬂexuosum (L.) Lindl.","Orchis ﬂexuosa L. [Unknown; cites_pdf], Satyrium ﬂexuosum (L.) Thunb. [Unknown; cites_pdf], Schizodium ﬂexuosum (L.) Lindl. [Unknown; cites_pdf]",Disa ﬂexuosa (L.) Sw.,,Orchidaceae,Orchis,ﬂexuosa,,,,,,,,,,,unambiguous_accepted,cites_pdf,"{""accepted_genus"": ""Disa"", ""page"": 436, ""y"": 765.9}"
Disperis nantauensis,wfo,0,,,Disperis nantauensis S.Y.Hu,S.Y.Hu,Orchidaceae,Disperis,nantauensis,species,,,,,wfo-0001269315,,Quart. J. Taiwan Mus. 26(3–4): 376 1973,,,unambiguous_accepted,wfo,"{""majorGroup"": ""A"", ""source"": ""World Checklist of Vascular Plants. Facilitated by the Royal Botanic Gardens, Kew."", ""taxonRemarks"": ""Source in seed data: tro More details could be found in <a href=http://www.theplantlist.org/tpl1.1/record/tro-50239860 >The Plant List v.1.1.</a> Originally in <a href=http://www.theplantlist.org/tpl/record/tro-50239860 >The Plant List v.1.0</a>"", ""tplId"": ""tro-50239860"", ""wfo_nomenclatural_status"": ""Valid""}"
Disperis wealii,wfo,0,,,Disperis wealii Rchb.f.,Rchb.f.,Orchidaceae,Disperis,flava,species,,,,,wfo-0000944741,,Fl. Cap. 5(3): 301 (1913),,,unambiguous_accepted,wfo,"{""majorGroup"": ""A"", ""references"": ""https://powo.science.kew.org/taxon/urn:lsid:ipni.org:names:630339-1"", ""source"": ""World Checklist of Vascular Plants. Facilitated by the Royal Botanic Gardens, Kew."", ""taxonRemarks"": ""Source in seed data: wcs Update namepublishedIn from Fl. Cap. (Harvey) 5(3.2): 301. 1913 [Mar 1913] to Fl. Cap. 5(3): 301 (1913), information provided by Alan E. on email Jun. 07 2021 More details could be found in <a href=http://www.theplantlist.org/tpl"", ""tplId"": ""kew-63152"", ""wfo_nomenclatural_status"": ""Valid""}"
Diuris decrementum,wcvp,0,,,Diuris decrementum D.L.Jones & C.J.French,D.L.Jones & C.J.French,Orchidaceae,Diuris,decrementum,Species,,,490168,77125980-1,,<NA>,(2013),Austral. Orchid Rev.,Western Australia,unambiguous_accepted,wcvp,"{""climate_description"": ""subtropical"", ""lifeform_description"": ""tuberous geophyte"", ""volume_and_page"": ""78(1): 30""}"
Draconanthes kamentsa,wcvp,0,,,Draconanthes kamentsa Kolan. & Medina,Kolan. & Medina,Orchidaceae,Draconanthes,kamentsa,Species,,,3303893,77323730-1,,<NA>,(2023),Ann. Bot. Fenn.,Colombia,unambiguous_accepted,wcvp,"{""climate_description"": ""wet tropical"", ""lifeform_description"": ""epiphyte"", ""volume_and_page"": ""60: 99""}"
Dracula dentifera,wfo,0,,,Dracula dentifera Vierling,Vierling,Orchidaceae,Dracula,dentifera,species,,,,,wfo-1000029966,,OrchideenJ. 29(1): 14 2022,,,unambiguous_accepted,wfo,"{""majorGroup"": ""A"", ""references"": ""https://powo.science.kew.org/taxon/urn:lsid:ipni.org:names:77260844-1"", ""source"": ""World Checklist of Vascular Plants. Facilitated by the Royal Botanic Gardens, Kew."", ""wfo_nomenclatural_status"": ""Valid""}"
Dracula navarrorum,wfo,0,,,Dracula navarrorum Luer & Hirtz,Luer & Hirtz,Orchidaceae,Dracula,navarrorum,species,,,,,wfo-0000945675,,Thes. Dracularum 6: 9 (1993),,,unambiguous_accepted,wfo,"{""majorGroup"": ""A"", ""references"": ""https://powo.science.kew.org/taxon/urn:lsid:ipni.org:names:972803-1"", ""source"": ""World Checklist of Vascular Plants. Facilitated by the Royal Botanic Gardens, Kew."", ""taxonRemarks"": ""Source in seed data: wcs Update namepublishedIn from in C.A. Luer & R. Escobar R., Thesaurus Dracularum 6: 9 (1993). to Thes. Dracularum 6: 9 (1993), information provided by Alan E. on email Jun. 07 2021 More details could be found in <a href=http://www."", ""tplId"": ""kew-64100"", ""wfo_nomenclatural_status"": ""Valid""}"
Dracula simula,cites_csv,0,,,Dracula simula,,Orchidaceae,Dracula,simula,SPECIES,II,,,,,,,,,unambiguous_accepted,cites_csv,
Dresslerella allenii,wfo,0,,,Dresslerella allenii H.Hills,H.Hills,Orchidaceae,Dresslerella,allenii,species,,,,,wfo-0001255378,,"Lindleyana 15(3): 171–173, f. 1A–B 2000",,,unambiguous_accepted,wfo,"{""majorGroup"": ""A"", ""source"": ""World Checklist of Vascular Plants. Facilitated by the Royal Botanic Gardens, Kew."", ""taxonRemarks"": ""Source in seed data: tro More details could be found in <a href=http://www.theplantlist.org/tpl1.1/record/tro-50178749 >The Plant List v.1.1.</a> Originally in <a href=http://www.theplantlist.org/tpl/record/tro-50178749 >The Plant List v.1.0</a>"", ""tplId"": ""tro-50178749"", ""wfo_nomenclatural_status"": ""Valid""}"
Dresslerella crista-galli,wcvp,0,,,Dresslerella crista-galli Vierling,Vierling,Orchidaceae,Dresslerella,crista-galli,Species,,,529269,77192391-1,,<NA>,(2018),"Orchidee, Taxon. Mitt.",Ecuador (?),unambiguous_accepted,wcvp,"{""climate_description"": ""wet tropical"", ""lifeform_description"": ""epiphyte"", ""volume_and_page"": ""4(14): 95""}"
Dresslerella cristagalli,wfo,0,,,Dresslerella cristagalli Vierling,Vierling,Orchidaceae,Dresslerella,cristagalli,species,,,,,wfo-1000003850,,"Orchidee, Taxon. Mitt. 4(14): 95 (2018)",,,unambiguous_accepted,wfo,"{""majorGroup"": ""A"", ""references"": ""https://powo.science.kew.org/taxon/urn:lsid:ipni.org:names:77192391-1"", ""source"": ""World Checklist of Vascular Plants. Facilitated by the Royal Botanic Gardens, Kew."", ""wfo_nomenclatural_status"": ""Valid""}"
Dresslerella kalbreyeri,wfo,0,,,Dresslerella kalbreyeri H.Hills,H.Hills,Orchidaceae,Dresslerella,kalbreyeri,species,,,,,wfo-0001255379,,"Lindleyana 15(3): 173, f. 2 2000",,,unambiguous_accepted,wfo,"{""majorGroup"": ""A"", ""source"": ""World Checklist of Vascular Plants. Facilitated by the Royal Botanic Gardens, Kew."", ""taxonRemarks"": ""Source in seed data: tro More details could be found in <a href=http://www.theplantlist.org/tpl1.1/record/tro-50178750 >The Plant List v.1.1.</a> Originally in <a href=http://www.theplantlist.org/tpl/record/tro-50178750 >The Plant List v.1.0</a>"", ""tplId"": ""tro-50178750"", ""wfo_nomenclatural_status"": ""Valid""}"
Dresslerella kerryae,wfo,0,,,Dresslerella kerryae H.Hills,H.Hills,Orchidaceae,Dresslerella,kerryae,species,,,,,wfo-0001255380,,"Lindleyana 15(3): 173–175, f. 1C–D 2000",,,unambiguous_accepted,wfo,"{""majorGroup"": ""A"", ""source"": ""World Checklist of Vascular Plants. Facilitated by the Royal Botanic Gardens, Kew."", ""taxonRemarks"": ""Source in seed data: tro More details could be found in <a href=http://www.theplantlist.org/tpl1.1/record/tro-50178751 >The Plant List v.1.1.</a> Originally in <a href=http://www.theplantlist.org/tpl/record/tro-50178751 >The Plant List v.1.0</a>"", ""tplId"": ""tro-50178751"", ""wfo_nomenclatural_status"": ""Valid""}"
Dryadella camacaensis,wcvp,0,,,Dryadella camacaensis C.R.M.Silva & D.A.Rodrigues,C.R.M.Silva & D.A.Rodrigues,Orchidaceae,Dryadella,camacaensis,Species,,,3313749,77334671-1,,<NA>,(2023),Colet. Orquídeas Brasil.,Brazil (Bahia),unambiguous_accepted,wcvp,"{""climate_description"": ""wet tropical"", ""lifeform_description"": ""epiphyte"", ""volume_and_page"": ""19: 778""}"
Dryadella dentifera,wcvp,0,,,Dryadella dentifera Vierling,Vierling,Orchidaceae,Dryadella,dentifera,Species,,,3290681,77260844-1,,<NA>,(2022),OrchideenJ.,Trop. America (?),unambiguous_accepted,wcvp,"{""climate_description"": ""wet tropical"", ""lifeform_description"": ""epiphyte"", ""volume_and_page"": ""29: 14""}"
Dryadella storchiana,wcvp,0,,,Dryadella storchiana Campacci & D.A.Rodrigues,Campacci & D.A.Rodrigues,Orchidaceae,Dryadella,storchiana,Species,,,3313745,77334672-1,,<NA>,(2023),Colet. Orquídeas Brasil.,Brazil (Espírito Santo),unambiguous_accepted,wcvp,"{""climate_description"": ""wet tropical"", ""lifeform_description"": ""epiphyte"", ""volume_and_page"": ""19: 782""}"
Dunstervillea antioquensis,wcvp,0,,,"Dunstervillea antioquensis (P.Ortiz) C.Royer, Toscano & E.C.Smidt","(P.Ortiz) C.Royer, Toscano & E.C.Smidt",Orchidaceae,Eloyella,antioquiensis,Species,,,66694,90099-2,,155690,(1979),Orquideologia,Colombia (Antioquia),unambiguous_accepted,wcvp,"{""climate_description"": ""wet tropical"", ""lifeform_description"": ""pseudobulbous epiphyte"", ""volume_and_page"": ""13: 236""}"
Dunstervillea bifida,wcvp,0,,,"Dunstervillea bifida (D.E.Benn. & Christenson) C.Royer, Toscano & E.C.Smidt","(D.E.Benn. & Christenson) C.Royer, Toscano & E.C.Smidt",Orchidaceae,Eloyella,bifida,Species,,,66695,305899-2,,<NA>,(1994),Brittonia,N. Peru,unambiguous_accepted,wcvp,"{""climate_description"": ""wet tropical"", ""lifeform_description"": ""pseudobulbous epiphyte"", ""volume_and_page"": ""46: 29""}"
Dunstervillea cundinamarcae,wcvp,0,,,"Dunstervillea cundinamarcae (P.Ortiz) C.Royer, Toscano & E.C.Smidt","(P.Ortiz) C.Royer, Toscano & E.C.Smidt",Orchidaceae,Dunstervillea,cundinamarcae,Species,,,3313695,77350744-1,,155692,(2024),Syst. Bot.,Colombia,unambiguous_accepted,wcvp,"{""climate_description"": ""wet tropical"", ""lifeform_description"": ""pseudobulbous epiphyte"", ""volume_and_page"": ""49: 293""}"
Dunstervillea dalstroemii,wcvp,0,,,"Dunstervillea dalstroemii (Dodson) C.Royer, Toscano & E.C.Smidt","(Dodson) C.Royer, Toscano & E.C.Smidt",Orchidaceae,Eloyella,dalstroemii,Species,,,66696,302017-2,,<NA>,(1994),Orquideologia,Ecuador (Napo),unambiguous_accepted,wcvp,"{""climate_description"": ""wet tropical"", ""lifeform_description"": ""pseudobulbous epiphyte"", ""volume_and_page"": ""19: 140""}"
Dunstervillea jostii,wcvp,0,,,"Dunstervillea jostii (Dodson & Dalström) C.Royer, Toscano & E.C.Smidt","(Dodson & Dalström) C.Royer, Toscano & E.C.Smidt",Orchidaceae,Eloyella,jostii,Species,,,467003,77110781-1,,<NA>,(2010),Fl. Ecuador,Ecuador,unambiguous_accepted,wcvp,"{""climate_description"": ""wet tropical"", ""lifeform_description"": ""pseudobulbous epiphyte"", ""volume_and_page"": ""87: 405""}"
Dunstervillea mendietae,wcvp,0,,,"Dunstervillea mendietae (Dodson & L.Jost) C.Royer, Toscano & E.C.Smidt","(Dodson & L.Jost) C.Royer, Toscano & E.C.Smidt",Orchidaceae,Eloyella,mendietae,Species,,,467009,77110782-1,,<NA>,(2010),Fl. Ecuador,Ecuador,unambiguous_accepted,wcvp,"{""climate_description"": ""wet tropical"", ""lifeform_description"": ""pseudobulbous epiphyte"", ""volume_and_page"": ""87: 406""}"
Dunstervillea panamensis,wcvp,0,,,"Dunstervillea panamensis (Dressler) C.Royer, Toscano & E.C.Smidt","(Dressler) C.Royer, Toscano & E.C.Smidt",Orchidaceae,Eloyella,panamensis,Species,,,66697,947498-1,,155705,(1989),Icon. Pl. Trop.,Panama to N. South America and NE. Ecuador,unambiguous_accepted,wcvp,"{""climate_description"": ""wet tropical"", ""lifeform_description"": ""pseudobulbous epiphyte"", ""volume_and_page"": "", ser. 2, 5: t. 455""}"
Dunstervillea thienii,wcvp,0,,,"Dunstervillea thienii (Dodson) C.Royer, Toscano & E.C.Smidt","(Dodson) C.Royer, Toscano & E.C.Smidt",Orchidaceae,Eloyella,thienii,Species,,,66698,303547-2,,<NA>,(1984),Icon. Pl. Trop.,Ecuador (Tungurahua),unambiguous_accepted,wcvp,"{""climate_description"": ""wet tropical"", ""lifeform_description"": ""pseudobulbous epiphyte"", ""volume_and_page"": ""10: t. 917""}"
Dunstervillea thivii,wcvp,0,,,"Dunstervillea thivii (Senghas) C.Royer, Toscano & E.C.Smidt","(Senghas) C.Royer, Toscano & E.C.Smidt",Orchidaceae,Eloyella,thivii,Species,,,66699,320136-2,,<NA>,(1999),Caesiana,Bolivia,unambiguous_accepted,wcvp,"{""climate_description"": ""wet tropical"", ""lifeform_description"": ""pseudobulbous epiphyte"", ""volume_and_page"": ""13: 27""}"
Dunstervillea werneri,wcvp,0,,,"Dunstervillea werneri (Dodson & Dalström) C.Royer, Toscano & E.C.Smidt","(Dodson & Dalström) C.Royer, Toscano & E.C.Smidt",Orchidaceae,Eloyella,werneri,Species,,,467010,77110783-1,,<NA>,(2010),Fl. Ecuador,Ecuador,unambiguous_accepted,wcvp,"{""climate_description"": ""wet tropical"", ""lifeform_description"": ""pseudobulbous epiphyte"", ""volume_and_page"": ""87: 409""}"
Dyakia cruikshankii,wcvp,1,Saccolabium cruikshankii,Saccolabium cruikshankii [Homotypic; wcvp],Dyakia cruikshankii (Anon.) Ormerod & Juswara,(Anon.) Ormerod & Juswara,Orchidaceae,Ascocentrum,hendersonianium,Species,,,16568,617250-1,,181454,(1914),Orchideen Beschreib. Kult. Zücht.,Borneo,unambiguous_accepted,wcvp,"{""volume_and_page"": "": 576""}"
Echinosepala truncata,wcvp,0,,,"Echinosepala truncata Pupulin, L.Álvarez & Bogarín","Pupulin, L.Álvarez & Bogarín",Orchidaceae,Echinosepala,truncata,Species,,,3304356,77313899-1,,<NA>,(2022),Blumea,Costa Rica,unambiguous_accepted,wcvp,"{""climate_description"": ""wet tropical"", ""lifeform_description"": ""epiphyte"", ""volume_and_page"": ""67: 109""}"
Elleanthus arevaloi,wcvp,0,,,"Elleanthus arevaloi Dudek, Baranow & Szlach.","Dudek, Baranow & Szlach.",Orchidaceae,Elleanthus,arevaloi,Species,,,3314377,77343474-1,,<NA>,(2023),Mater. Orchid Fl. Colombia,Colombia,unambiguous_accepted,wcvp,"{""climate_description"": ""wet tropical"", ""volume_and_page"": ""4: 218""}"
Elleanthus galipanensis,wcvp,0,,,Elleanthus galipanensis Schltr.,Schltr.,Orchidaceae,Elleanthus,galipanensis,Species,,,66579,630742-1,,<NA>,(1919),Repert. Spec. Nov. Regni Veg. Beih.,NW. Venezuela,unambiguous_accepted,wcvp,"{""climate_description"": ""wet tropical"", ""lifeform_description"": ""perennial"", ""volume_and_page"": ""6: 28""}"
Elleanthus juninensis,wcvp,0,,,Elleanthus juninensis Sambin & Aucourd,Sambin & Aucourd,Orchidaceae,Elleanthus,juninensis,Species,,,3314310,77342263-1,,<NA>,(2024),"Richardiana, N.S.",Colombia,unambiguous_accepted,wcvp,"{""climate_description"": ""wet tropical"", ""volume_and_page"": ""8: 54""}"
Elleanthus loxensis,wcvp,0,,,Elleanthus loxensis M.M.Jiménez & Iturralde,M.M.Jiménez & Iturralde,Orchidaceae,Elleanthus,loxensis,Species,,,3314213,77346750-1,,<NA>,(2024),Phytotaxa,Ecuador,unambiguous_accepted,wcvp,"{""climate_description"": ""wet tropical"", ""volume_and_page"": ""662: 211""}"
Elleanthus scopulus,wfo,0,,,Elleanthus scopulus Schltr.,Schltr.,Orchidaceae,Elleanthus,scopulus,species,,,,,wfo-0001088351,,Repert. Spec. Nov. Regni Veg. 10: 457 1911,,,unambiguous_accepted,wfo,"{""majorGroup"": ""A"", ""source"": ""World Checklist of Vascular Plants. Facilitated by the Royal Botanic Gardens, Kew."", ""taxonRemarks"": ""Source in seed data: tro More details could be found in <a href=http://www.theplantlist.org/tpl1.1/record/tro-23508761 >The Plant List v.1.1.</a> Originally in <a href=http://www.theplantlist.org/tpl/record/tro-23508761 >The Plant List v.1.0</a>"", ""tplId"": ""tro-23508761"", ""wfo_nomenclatural_status"": ""Valid""}"
Eltroplectris paranaensis,wcvp,0,,,Eltroplectris paranaensis Engels & E.C.Smidt,Engels & E.C.Smidt,Orchidaceae,Eltroplectris,paranaensis,Species,,,3304066,77325749-1,,<NA>,(2023),Phytotaxa,Brazil (Paraná),unambiguous_accepted,wcvp,"{""climate_description"": ""wet tropical"", ""lifeform_description"": ""tuberous geophyte"", ""volume_and_page"": ""609: 117""}"
Encyclia alata subsp. alata,cites_pdf,2,"Epidendrum alatum var. grandiﬂorum, Epidendrum alatum var. longipetalum","Epidendrum alatum var. grandiﬂorum [Unknown; cites_pdf], Epidendrum alatum var. longipetalum [Unknown; cites_pdf]",Encyclia alata subsp. alata,,Orchidaceae,Epidendrum,alatum,,,,,,,,,,,unambiguous_accepted,cites_pdf,"{""accepted_genus"": ""Encyclia"", ""page"": 348, ""y"": 574.6}"
Encyclia alata subsp. parviﬂora,cites_pdf,3,"Encyclia belizensis subsp. parviﬂora, Encyclia parviﬂora (Regel) Withner., Epidendrum alatum var. parviﬂorum","Encyclia belizensis subsp. parviﬂora [Unknown; cites_pdf], Encyclia parviﬂora (Regel) Withner. [Unknown; cites_pdf], Epidendrum alatum var. parviﬂorum [Unknown; cites_pdf]",Encyclia alata subsp. parviﬂora (Regel) Dressler & G.E.Pollard,(Regel) Dressler & G.E.Pollard,Orchidaceae,Encyclia,belizensis,,,,,,,,,,,unambiguous_accepted,cites_pdf,"{""page"": 332, ""y"": 251.8}"
Encyclia alata subsp. virella,cites_pdf,1,Epidendrum alatum var. viridiﬂorum,Epidendrum alatum var. viridiﬂorum [Unknown; cites_pdf],Encyclia alata subsp. virella Dressler & G.E.Pollard,Dressler & G.E.Pollard,Orchidaceae,Encyclia,belizensis,,,,,,,,,,,unambiguous_accepted,cites_pdf,"{""page"": 332, ""y"": 227.9}"
Encyclia archilarum,wcvp,0,,,Encyclia archilarum W.E.Higgins,W.E.Higgins,Orchidaceae,Encyclia,archilarum,Species,,,457348,77102330-1,,<NA>,(2009),Selbyana,Guatemala,unambiguous_accepted,wcvp,"{""climate_description"": ""wet tropical"", ""lifeform_description"": ""pseudobulbous epiphyte"", ""volume_and_page"": ""30: 76""}"
Encyclia mariaeugeniae,wcvp,0,,,Encyclia mariaeugeniae Tamayo-Cen & Carnevali,Tamayo-Cen & Carnevali,Orchidaceae,Encyclia,mariaeugeniae,Species,,,3314179,77344730-1,,<NA>,(2023 publ. 2022),Organisms Diversity Evol.,Mexico (Oaxaca),unambiguous_accepted,wcvp,"{""climate_description"": ""seasonally dry tropical"", ""lifeform_description"": ""pseudobulbous epiphyte"", ""volume_and_page"": ""23(1): 65""}"
Encyclia patens var. patens,cites_pdf,4,"Encyclia ﬂava (Lindl.) Porto & Brade, Epidendrum odoratissimum var. crispum, Epidendrum oncidioides var. itabirae, Epidendrum ﬂavum Lindl.","Encyclia ﬂava (Lindl.) Porto & Brade [Unknown; cites_pdf], Epidendrum odoratissimum var. crispum [Unknown; cites_pdf], Epidendrum oncidioides var. itabirae [Unknown; cites_pdf], Epidendrum ﬂavum Lindl. [Unknown; cites_pdf]",Encyclia patens var. patens,,Orchidaceae,Encyclia,ﬂava,,,,,,,,,,,unambiguous_accepted,cites_pdf,"{""page"": 335, ""y"": 765.9}"
Encyclia patens var. serroniana,cites_pdf,1,Encyclia odoratissima var. serroniana,Encyclia odoratissima var. serroniana [Unknown; cites_pdf],Encyclia patens var. serroniana (Barb.Rodr.) Romanini & F.Barros,(Barb.Rodr.) Romanini & F.Barros,Orchidaceae,Encyclia,odoratissima,,,,,,,,,,,unambiguous_accepted,cites_pdf,"{""page"": 339, ""y"": 742.0}"
Encyclia pauciﬂora (Barb.Rodr.) Porto & Brade,cites_pdf,2,"Encyclia dutrai, Epidendrum pauciﬂorum Barb.Rodr.","Encyclia dutrai [Unknown; cites_pdf], Epidendrum pauciﬂorum Barb.Rodr. [Unknown; cites_pdf]",Encyclia pauciﬂora (Barb.Rodr.) Porto & Brade,,Orchidaceae,Encyclia,dutrae,,,,,,,,,,,unambiguous_accepted,cites_pdf,"{""page"": 335, ""y"": 359.4}"
Encyclia remotiﬂora (C.Schweinf.) Carnevali & I.Ram´ırez,cites_pdf,1,Epidendrum remotiﬂorum C.Schweinf.,Epidendrum remotiﬂorum C.Schweinf. [Unknown; cites_pdf],Encyclia remotiﬂora (C.Schweinf.) Carnevali & I.Ram´ırez,,Orchidaceae,Epidendrum,remotiﬂorum,,,,,,,,,,,unambiguous_accepted,cites_pdf,"{""accepted_genus"": ""Encyclia"", ""page"": 355, ""y"": 407.3}"
Encyclia singuliflorum,cites_csv,0,,,Encyclia singuliflorum Schltr.,Schltr.,Orchidaceae,Encyclia,singuliflorum,SPECIES,II,,,,,,,,"Guatemala,Mexico",unambiguous_accepted,cites_csv,"{""All_DistributionISOCodes"": ""GT,MX"", ""NativeDistributionFullNames"": ""Guatemala,Mexico""}"
Encyclia tixtlensis,wcvp,0,,,"Encyclia × tixtlensis León-Peralta, Salmerón-Barrera & Pérez-García","León-Peralta, Salmerón-Barrera & Pérez-García",Orchidaceae,Encyclia,tixtlensis,Species,,,3303963,77327145-1,,<NA>,(2023),Phytotaxa,Mexico (Guerrero),unambiguous_accepted,wcvp,"{""climate_description"": ""seasonally dry tropical"", ""hybrid"": true, ""lifeform_description"": ""pseudobulbous epiphyte"", ""volume_and_page"": ""613: 250""}"
Encyclia viridiﬂora Hook.,cites_pdf,1,Epidendrum viridiﬂorum (Hook.) Lindl.,Epidendrum viridiﬂorum (Hook.) Lindl. [Unknown; cites_pdf],Encyclia viridiﬂora Hook.,,Orchidaceae,Encyclia,marxiana,,,,,,,,,,,unambiguous_accepted,cites_pdf,"{""page"": 339, ""y"": 168.2}"
"Encyclia ﬁmbriata C.A.Bastos, Van den Berg & Meneguzzo",cites_pdf,0,,,"Encyclia ﬁmbriata C.A.Bastos, Van den Berg & Meneguzzo",,Orchidaceae,Encyclia,vazzoleri,,,,,,,,,,,unambiguous_accepted,cites_pdf,"{""page"": 344, ""y"": 335.5}"
Encyclia ﬂabellata (Lindl.) B.F.Thurst. & W.R.Thurst.,cites_pdf,1,Epidendrum ﬂabellatum Lindl.,Epidendrum ﬂabellatum Lindl. [Unknown; cites_pdf],Encyclia ﬂabellata (Lindl.) B.F.Thurst. & W.R.Thurst.,,Orchidaceae,Epidendrum,ﬂabellatum,,,,,,,,,,,unambiguous_accepted,cites_pdf,"{""accepted_genus"": ""Encyclia"", ""page"": 351, ""y"": 263.8}"
Epicattleya veitchii,wcvp,1,Epiphronitis veitchii,Epiphronitis veitchii [Homotypic; wcvp],× Epicattleya veitchii (Mast.) Molinari & Sánchez Och.,(Mast.) Molinari & Sánchez Och.,Orchidaceae,Epicattleya,veitchii,Species,,,519916,60471938-2,,519917,(2016),Weberbauerella,,unambiguous_accepted,wcvp,"{""hybrid"": true, ""volume_and_page"": ""1(14): 4""}"
Epidendrum acuntasiorum,wcvp,0,,,"Epidendrum acuntasiorum Hágsater, Chamaya, J.Duarte & Iberico","Hágsater, Chamaya, J.Duarte & Iberico",Orchidaceae,Epidendrum,acuntasiorum,Species,,,3304357,77330561-1,,<NA>,(2023),Phytotaxa,Peru,unambiguous_accepted,wcvp,"{""climate_description"": ""wet tropical"", ""volume_and_page"": ""625: 78""}"
Epidendrum albertii,wfo,0,,,Epidendrum albertii Schltr.,Schltr.,Orchidaceae,Epidendrum,albertii,species,,,,,wfo-0000949371,,Repert. Spec. Nov. Regni Veg. Beih. 19: 208. 1923,,,unambiguous_accepted,wfo,"{""majorGroup"": ""A"", ""source"": ""World Checklist of Vascular Plants. Facilitated by the Royal Botanic Gardens, Kew."", ""taxonRemarks"": ""Source in seed data: wcs Updated namepublishedIn from Repert. Spec. Nov. Regni Veg. Beih. 19: 208 1923 to Repert. Spec. Nov. Regni Veg. Beih. 19: 208. 1923 , information provided by Alan E. on email Oct. 12 2020 More details could be found in <a href=htt"", ""tplId"": ""kew-67714"", ""wfo_nomenclatural_status"": ""Valid""}"
Epidendrum albiflorum,wfo,0,,,Epidendrum albiflorum Schltr.,Schltr.,Orchidaceae,Epidendrum,albiflorum,species,,,,,wfo-0000949374,,Repert. Spec. Nov. Regni Veg. 12: 488 (1913),,,unambiguous_accepted,wfo,"{""majorGroup"": ""A"", ""references"": ""https://powo.science.kew.org/taxon/urn:lsid:ipni.org:names:91226-2"", ""source"": ""World Checklist of Vascular Plants. Facilitated by the Royal Botanic Gardens, Kew."", ""taxonRemarks"": ""Source in seed data: wcs Update namepublishedIn from Repert. Spec. Nov. Regni Veg. 12: 488 1913 to Repert. Spec. Nov. Regni Veg. 12: 488 (1913), information provided by Alan E. on email Jun. 07 2021 More details could be found in <a href=http://www.thepl"", ""tplId"": ""kew-67717"", ""wfo_nomenclatural_status"": ""Valid""}"
Epidendrum alvaroperezii,wcvp,0,,,"Epidendrum alvaroperezii Hágsater, E.Santiago & J.Duarte","Hágsater, E.Santiago & J.Duarte",Orchidaceae,Epidendrum,alvaroperezii,Species,,,3304053,77312943-1,,<NA>,(2022),Icon. Orchid.,Ecuador,unambiguous_accepted,wcvp,"{""climate_description"": ""wet tropical"", ""volume_and_page"": ""19(1): t. 1902""}"
Epidendrum anchihuayense,wcvp,0,,,Epidendrum anchihuayense Hágsater & Rob.Fern.,Hágsater & Rob.Fern.,Orchidaceae,Epidendrum,anchihuayense,Species,,,3304289,77312961-1,,<NA>,(2022),Icon. Orchid.,Peru,unambiguous_accepted,wcvp,"{""climate_description"": ""wet tropical"", ""volume_and_page"": ""19(1): t. 1904""}"
Epidendrum angelguachisacae,wcvp,0,,,Epidendrum angelguachisacae Hágsater & H.Medina,Hágsater & H.Medina,Orchidaceae,Epidendrum,angelguachisacae,Species,,,3304030,77325146-1,,<NA>,(2023),Icon. Orchid.,Ecuador,unambiguous_accepted,wcvp,"{""climate_description"": ""wet tropical"", ""volume_and_page"": ""19(3): t. 1965""}"
Epidendrum arbusculum,wfo,0,,,Epidendrum arbusculum Lindl.,Lindl.,Orchidaceae,Epidendrum,arbusculum,species,,,,,wfo-0001088482,,Pl. Hartw. : 93 (1842),,,unambiguous_accepted,wfo,"{""majorGroup"": ""A"", ""source"": ""World Checklist of Vascular Plants. Facilitated by the Royal Botanic Gardens, Kew."", ""taxonRemarks"": ""Source in seed data: tro Update namepublishedIn from Pl. Hartw. [Bentham] 93. to Pl. Hartw. : 93 (1842), information provided by Alan E. on email Jun. 07 2021 More details could be found in <a href=http://www.theplantlist.org/tpl1.1/record/tro-23512918 >"", ""tplId"": ""tro-23512918"", ""wfo_nomenclatural_status"": ""Valid""}"
Epidendrum atroselaginella,wfo,0,,,Epidendrum atroselaginella Hágsater & E.Santiago,Hágsater & E.Santiago,Orchidaceae,Epidendrum,atroselaginella,species,,,,,wfo-0000912444,,Icon. Orchid. 9: t. 910 (2007),,,unambiguous_accepted,wfo,"{""majorGroup"": ""A"", ""source"": ""World Checklist of Vascular Plants. Facilitated by the Royal Botanic Gardens, Kew."", ""taxonRemarks"": ""Source in seed data: wcs Update namepublishedIn from Icon. Orchid. 9: t. 910. 2007 [18 May 2007] to Icon. Orchid. 9: t. 910 (2007), information provided by Alan E. on email Jun. 07 2021 More details could be found in <a href=http://www.theplantlist.org/t"", ""tplId"": ""kew-457368"", ""wfo_nomenclatural_status"": ""Valid""}"
Epidendrum avicule,wfo,1,Lanium avicola,Lanium avicola [Unknown; wfo],Epidendrum avicule Lindl.,Lindl.,Orchidaceae,Lanium,avicula,species,,,,,wfo-0000222915,,Hooker's Icon. Pl. 14: t. 1335 (1881),,,unambiguous_accepted,wfo,"{""majorGroup"": ""A"", ""originalNameUsageID"": ""wfo-0000949525"", ""references"": ""https://powo.science.kew.org/taxon/urn:lsid:ipni.org:names:639821-1"", ""source"": ""World Checklist of Vascular Plants. Facilitated by the Royal Botanic Gardens, Kew."", ""taxonRemarks"": ""Source in seed data: wcs Updated scientificnameAuthorship from (Lindl.) Benth. to Lindl. ex Benth., information provided by Alan E. on email Oct. 12 2020 More details could be found in <a href=http://www.theplantlist.org/tpl1.1/record/kew-107837 >The Pla"", ""tplId"": ""kew-107837"", ""wfo_nomenclatural_status"": ""Valid""}"
Epidendrum azulensis,wfo,0,,,Epidendrum azulensis D.E.Benn. & Christenson,D.E.Benn. & Christenson,Orchidaceae,Epidendrum,azulensis,species,,,,,wfo-0001258684,,Icon. Orchid. Peruviarum t. 452. 1998,,,unambiguous_accepted,wfo,"{""majorGroup"": ""A"", ""source"": ""World Checklist of Vascular Plants. Facilitated by the Royal Botanic Gardens, Kew."", ""taxonRemarks"": ""Source in seed data: tro Updated namePublishedIn from Icon. Orchid. Peruv. 3: pl. 452 1998 to Icon. Orchid. Peruviarum t. 452. 1998 , according to IPNI. Information provided by Alan E. on email Jul. 15 2020. More details could be found in <a href=http://"", ""tplId"": ""tro-50188614"", ""wfo_nomenclatural_status"": ""Valid""}"
Epidendrum beatricis-vasqueziae,wcvp,0,,,"Epidendrum beatricis-vasqueziae Hágsater, J.S.Moreno & J.Duarte","Hágsater, J.S.Moreno & J.Duarte",Orchidaceae,Epidendrum,beatricis-vasqueziae,Species,,,3291504,77299704-1,,<NA>,(2021),Icon. Orchid.,Colombia,unambiguous_accepted,wcvp,"{""climate_description"": ""wet tropical"", ""volume_and_page"": ""18(2): t. 1858""}"
Epidendrum beatricisvasqueziae,wfo,0,,,"Epidendrum beatricisvasqueziae Hágsater, J.S.Moreno & J.Duarte","Hágsater, J.S.Moreno & J.Duarte",Orchidaceae,Epidendrum,beatricisvasqueziae,species,,,,,wfo-1000026897,,Icon. Orchid. 18(2): t. 1858 (2021),,,unambiguous_accepted,wfo,"{""majorGroup"": ""A"", ""references"": ""https://powo.science.kew.org/taxon/urn:lsid:ipni.org:names:77299704-1"", ""source"": ""World Checklist of Vascular Plants. Facilitated by the Royal Botanic Gardens, Kew."", ""wfo_nomenclatural_status"": ""Valid""}"
Epidendrum bicornialpicola,wcvp,0,,,"Epidendrum bicornialpicola Hágsater, Chamaya & Iberico","Hágsater, Chamaya & Iberico",Orchidaceae,Epidendrum,bicornialpicola,Species,,,3304328,77330571-1,,<NA>,(2023),Phytotaxa,Peru,unambiguous_accepted,wcvp,"{""climate_description"": ""wet tropical"", ""volume_and_page"": ""625: 84""}"
Epidendrum bolbophilloides,wfo,0,,,Epidendrum bolbophilloides F.Lehm. & Kraenzl.,F.Lehm. & Kraenzl.,Orchidaceae,Epidendrum,bolbophilloides,species,,,,,wfo-0000949600,,Bot. Jahrb. Syst. 26: 463 (1899),,,unambiguous_accepted,wfo,"{""majorGroup"": ""A"", ""references"": ""https://powo.science.kew.org/taxon/urn:lsid:ipni.org:names:631436-1"", ""source"": ""World Checklist of Vascular Plants. Facilitated by the Royal Botanic Gardens, Kew."", ""taxonRemarks"": ""Source in seed data: wcs Updated namepublishedIn from Bot. Jahrb. Syst. 26: 463 1899 to Bot. Jahrb. Syst. 26(5): 463. 1899 [18 Apr 1899] , information provided by Alan E. on email Oct. 12 2020 More details could be found in <a href=http://www.theplantlis"", ""tplId"": ""kew-67923"", ""wfo_nomenclatural_status"": ""Valid""}"
Epidendrum brassavoliforme,wcvp,0,,,Epidendrum brassavoliforme F.Lehm. & Kraenzl.,F.Lehm. & Kraenzl.,Orchidaceae,Epidendrum,brassavoliforme,Species,,,67963,631464-1,,<NA>,(1899),Bot. Jahrb. Syst.,Colombia,unambiguous_accepted,wcvp,"{""climate_description"": ""wet tropical"", ""lifeform_description"": ""epiphyte"", ""volume_and_page"": ""26: 461""}"
Epidendrum cabrerae,wcvp,1,Epidendrum vulcanitungurahuae,Epidendrum vulcanitungurahuae [Nomenclatural; wcvp],Epidendrum cabrerae J.M.H.Shaw & Idrees,J.M.H.Shaw & Idrees,Orchidaceae,Epidendrum,vulcanitungurahuae,Species,,,3304364,77332609-1,,474656,(2023),Lankesteriana,Ecuador,unambiguous_accepted,wcvp,"{""nomenclatural_remarks"": "", nom. superfl."", ""volume_and_page"": ""23(2): 416""}"
Epidendrum campbellii,wfo,0,,,Epidendrum campbellii Archila,Archila,Orchidaceae,Epidendrum,campbellii,species,,,,,wfo-1000035564,,Revista Guatemalensis 15(1): 102 (2012),,,unambiguous_accepted,wfo,"{""majorGroup"": ""A"", ""references"": ""https://powo.science.kew.org/taxon/urn:lsid:ipni.org:names:77206459-1"", ""source"": ""World Checklist of Vascular Plants. Facilitated by the Royal Botanic Gardens, Kew."", ""wfo_nomenclatural_status"": ""Valid""}"
Epidendrum campellii,wcvp,0,,,Epidendrum campellii Archila,Archila,Orchidaceae,Epidendrum,campellii,Species,,,537322,77206459-1,,<NA>,(2012),Revista Guatemalensis,Guatemala,unambiguous_accepted,wcvp,"{""climate_description"": ""wet tropical"", ""volume_and_page"": ""15(1): 102""}"
Epidendrum centralense,wcvp,0,,,"Epidendrum centralense E.Santiago, Hágsater, H.R.Quispe & Llacua","E.Santiago, Hágsater, H.R.Quispe & Llacua",Orchidaceae,Epidendrum,centralense,Species,,,3303960,77323651-1,,<NA>,(2023),Phytotaxa,Peru,unambiguous_accepted,wcvp,"{""climate_description"": ""wet tropical"", ""volume_and_page"": ""603: 10""}"
Epidendrum cesarfernandezii,wfo,0,,,Epidendrum cesarfernandezii Carnevali & I.Ramírez,Carnevali & I.Ramírez,Orchidaceae,Epidendrum,cesarfernandezii,species,,,,,wfo-0000408083,,Novon 13: 405 (2003),,,unambiguous_accepted,wfo,"{""majorGroup"": ""A"", ""references"": ""https://powo.science.kew.org/taxon/urn:lsid:ipni.org:names:329366-2"", ""source"": ""World Checklist of Vascular Plants. Facilitated by the Royal Botanic Gardens, Kew."", ""taxonRemarks"": ""Source in seed data: wcs Update namepublishedIn from Novon 13: 405 2003 to Novon 13: 405 (2003), information provided by Alan E. on email Jun. 07 2021 More details could be found in <a href=http://www.theplantlist.org/tpl1.1/record/kew-243340 >The Plant"", ""tplId"": ""kew-243340"", ""wfo_nomenclatural_status"": ""Valid""}"
Epidendrum chalcochroma,wfo,0,,,Epidendrum chalcochroma Hágsater,Hágsater,Orchidaceae,Epidendrum,chalcochroma,species,,,,,wfo-0000808548,,Icon. Orchid. 8: 818 (2006),,,unambiguous_accepted,wfo,"{""majorGroup"": ""A"", ""source"": ""World Checklist of Vascular Plants. Facilitated by the Royal Botanic Gardens, Kew."", ""taxonRemarks"": ""Source in seed data: wcs Update namepublishedIn from Icon. Orchid. 8: 818. 2006 [1 Jun 2006] to Icon. Orchid. 8: 818 (2006), information provided by Alan E. on email Jun. 07 2021 More details could be found in <a href=http://www.theplantlist.org/tpl1.1/r"", ""tplId"": ""kew-346785"", ""wfo_nomenclatural_status"": ""Valid""}"
Epidendrum chocchawaicoense,wcvp,0,,,Epidendrum chocchawaicoense Hágsater & Edquén,Hágsater & Edquén,Orchidaceae,Epidendrum,chocchawaicoense,Species,,,3304051,77312962-1,,<NA>,(2022),Icon. Orchid.,Peru,unambiguous_accepted,wcvp,"{""climate_description"": ""wet tropical"", ""volume_and_page"": ""19(1): t. 1908""}"
Epidendrum chrisiisharoniae,wfo,0,,,Epidendrum chrisiisharoniae L.Valenz. & E.Santiago,L.Valenz. & E.Santiago,Orchidaceae,Epidendrum,chrisiisharoniae,species,,,,,wfo-1000030042,,Phytotaxa 543: 163 (2022),,,unambiguous_accepted,wfo,"{""majorGroup"": ""A"", ""references"": ""https://powo.science.kew.org/taxon/urn:lsid:ipni.org:names:77297027-1"", ""source"": ""World Checklist of Vascular Plants. Facilitated by the Royal Botanic Gardens, Kew."", ""wfo_nomenclatural_status"": ""Valid""}"
Epidendrum clinidiodontum,wcvp,0,,,"Epidendrum clinidiodontum E.Santiago, López-Flor., Claros & Hágsater","E.Santiago, López-Flor., Claros & Hágsater",Orchidaceae,Epidendrum,clinidiodontum,Species,,,3314321,77350400-1,,<NA>,(2024),Phytotaxa,Colombia,unambiguous_accepted,wcvp,"{""climate_description"": ""wet tropical"", ""volume_and_page"": ""668: 280""}"
Epidendrum compaccii,wfo,0,,,Epidendrum compaccii Hágsater & L.Sánchez,Hágsater & L.Sánchez,Orchidaceae,Epidendrum,compaccii,species,,,,,wfo-0001254790,,Icon. Orchid. 2: t. 117 (1993),,,unambiguous_accepted,wfo,"{""majorGroup"": ""A"", ""references"": ""https://powo.science.kew.org/taxon/urn:lsid:ipni.org:names:304846-2"", ""source"": ""World Checklist of Vascular Plants. Facilitated by the Royal Botanic Gardens, Kew."", ""taxonRemarks"": ""Source in seed data: tro Update namepublishedIn from Ser. A, Inst. Sanid. Veg. Ic. Orchidac. Fasc.: 21, 117 1993 to Icon. Orchid. 2: t. 117 (1993), information provided by Alan E. on email Jun. 07 2021 More details could be found in <a href=http://www.th"", ""tplId"": ""tro-50176259"", ""wfo_nomenclatural_status"": ""Valid""}"
Epidendrum coroicoensis,wfo,0,,,Epidendrum coroicoensis Schltr.,Schltr.,Orchidaceae,Epidendrum,coroicoensis,species,,,,,wfo-0001088838,,Repert. Spec. Nov. Regni Veg. 27: 60 1929,,,unambiguous_accepted,wfo,"{""majorGroup"": ""A"", ""source"": ""World Checklist of Vascular Plants. Facilitated by the Royal Botanic Gardens, Kew."", ""taxonRemarks"": ""Source in seed data: tro More details could be found in <a href=http://www.theplantlist.org/tpl1.1/record/tro-23520029 >The Plant List v.1.1.</a> Originally in <a href=http://www.theplantlist.org/tpl/record/tro-23520029 >The Plant List v.1.0</a>"", ""tplId"": ""tro-23520029"", ""wfo_nomenclatural_status"": ""Valid""}"
Epidendrum cuchumatanense,wcvp,0,,,"Epidendrum cuchumatanense Grajeda, M.L.Mald. & Hágsater","Grajeda, M.L.Mald. & Hágsater",Orchidaceae,Epidendrum,cuchumatanense,Species,,,3301386,77313069-1,,<NA>,(2022),Icon. Orchid.,Guatemala,unambiguous_accepted,wcvp,"{""climate_description"": ""wet tropical"", ""volume_and_page"": ""19(1): t. 1910""}"
Epidendrum cumanday,wcvp,0,,,Epidendrum cumanday Sierra-Ariza & Hágsater,Sierra-Ariza & Hágsater,Orchidaceae,Epidendrum,cumanday,Species,,,3303958,77313070-1,,<NA>,(2022),Icon. Orchid.,Colombia,unambiguous_accepted,wcvp,"{""climate_description"": ""wet tropical"", ""volume_and_page"": ""19(1): t. 1911""}"
Epidendrum cuyestachyum,wcvp,0,,,Epidendrum cuyestachyum Hágsater & E.Santiago,Hágsater & E.Santiago,Orchidaceae,Epidendrum,cuyestachyum,Species,,,3301370,77324383-1,,<NA>,(2022),Icon. Orchid.,Ecuador,unambiguous_accepted,wcvp,"{""climate_description"": ""wet tropical"", ""volume_and_page"": ""19(2): t. 1952""}"
Epidendrum dentatum,wcvp,0,,,Epidendrum dentatum Hágsater & E.Santiago,Hágsater & E.Santiago,Orchidaceae,Epidendrum,dentatum,Species,,,3304087,77325147-1,,<NA>,(2023),Icon. Orchid.,Peru,unambiguous_accepted,wcvp,"{""climate_description"": ""wet tropical"", ""volume_and_page"": ""19(3): t. 1976""}"
Epidendrum echinatiantherum,wcvp,0,,,"Epidendrum echinatiantherum Hágsater, E.Santiago, J.P.Arista & Edquén","Hágsater, E.Santiago, J.P.Arista & Edquén",Orchidaceae,Epidendrum,echinatiantherum,Species,,,3303962,77320357-1,,<NA>,(2023),PhytoKeys,Peru,unambiguous_accepted,wcvp,"{""climate_description"": ""wet tropical"", ""volume_and_page"": ""227: 55""}"
Epidendrum edquenii,wcvp,0,,,"Epidendrum edquenii Hágsater, E.Santiago & J.P.Arista","Hágsater, E.Santiago & J.P.Arista",Orchidaceae,Epidendrum,edquenii,Species,,,3304412,77332608-1,,<NA>,(2023),Lankesteriana,Ecuador to Peru,unambiguous_accepted,wcvp,"{""climate_description"": ""wet tropical"", ""volume_and_page"": ""23(2): 411""}"
Epidendrum elprogresoense,wcvp,0,,,"Epidendrum elprogresoense Hágsater, A.D.Gut. & L.A.Velásquez","Hágsater, A.D.Gut. & L.A.Velásquez",Orchidaceae,Epidendrum,elprogresoense,Species,,,3304086,77325148-1,,<NA>,(2023),Icon. Orchid.,Peru,unambiguous_accepted,wcvp,"{""climate_description"": ""wet tropical"", ""volume_and_page"": ""19(3): t. 1977""}"
Epidendrum esperanza-mejiae,wcvp,0,,,Epidendrum esperanza-mejiae Hágsater & Uribe Vélez,Hágsater & Uribe Vélez,Orchidaceae,Epidendrum,esperanza-mejiae,Species,,,529446,77177853-1,,<NA>,(2018),Icon. Orchid.,Colombia,unambiguous_accepted,wcvp,"{""climate_description"": ""wet tropical"", ""volume_and_page"": ""16(1): t. 1617""}"
Epidendrum esperanzamejiae,wfo,0,,,Epidendrum esperanzamejiae Hágsater & Uribe Vélez,Hágsater & Uribe Vélez,Orchidaceae,Epidendrum,esperanzamejiae,species,,,,,wfo-1000003941,,Icon. Orchid. 16(1): t. 1617 (2018),,,unambiguous_accepted,wfo,"{""majorGroup"": ""A"", ""references"": ""https://powo.science.kew.org/taxon/urn:lsid:ipni.org:names:77177853-1"", ""source"": ""World Checklist of Vascular Plants. Facilitated by the Royal Botanic Gardens, Kew."", ""wfo_nomenclatural_status"": ""Valid""}"
Epidendrum floreziarum,wcvp,0,,,"Epidendrum floreziarum Hágsater, E.Santiago & Reina-Rodr.","Hágsater, E.Santiago & Reina-Rodr.",Orchidaceae,Epidendrum,floreziarum,Species,,,3303990,77324384-1,,<NA>,(2022),Icon. Orchid.,Colombia,unambiguous_accepted,wcvp,"{""climate_description"": ""wet tropical"", ""volume_and_page"": ""19(2): t. 1953""}"
Epidendrum fredmulleri,wcvp,0,,,Epidendrum fredmulleri Hágsater,Hágsater,Orchidaceae,Epidendrum,fredmulleri,Species,,,3303998,77313071-1,,<NA>,(2022),Icon. Orchid.,Mexico (Chiapas),unambiguous_accepted,wcvp,"{""climate_description"": ""wet tropical"", ""volume_and_page"": ""19(1): t. 1912""}"
Epidendrum fruticulum,cites_csv,0,,,"Epidendrum fruticulum Schltr., 1921","Schltr., 1921",Orchidaceae,Epidendrum,fruticulum,SPECIES,II,,,,,,,,Peru,unambiguous_accepted,cites_csv,"{""All_DistributionISOCodes"": ""PE"", ""NativeDistributionFullNames"": ""Peru""}"
Epidendrum funckii,wfo,0,,,Epidendrum funckii Rchb.f.,Rchb.f.,Orchidaceae,Epidendrum,funckii,species,,,,,wfo-0001088292,,Linnaea 22: 839 1849,,,unambiguous_accepted,wfo,"{""majorGroup"": ""A"", ""source"": ""World Checklist of Vascular Plants. Facilitated by the Royal Botanic Gardens, Kew."", ""taxonRemarks"": ""Source in seed data: tro More details could be found in <a href=http://www.theplantlist.org/tpl1.1/record/tro-23506538 >The Plant List v.1.1.</a> Originally in <a href=http://www.theplantlist.org/tpl/record/tro-23506538 >The Plant List v.1.0</a>"", ""tplId"": ""tro-23506538"", ""wfo_nomenclatural_status"": ""Valid""}"
Epidendrum guaitaranum,wcvp,0,,,"Epidendrum guaitaranum Hágsater, Reina-Rodr. & J.F.Torres","Hágsater, Reina-Rodr. & J.F.Torres",Orchidaceae,Epidendrum,guaitaranum,Species,,,3303973,77313072-1,,<NA>,(2022),Icon. Orchid.,Colombia,unambiguous_accepted,wcvp,"{""climate_description"": ""wet tropical"", ""volume_and_page"": ""19(1): t. 1913""}"
Epidendrum haenkianum,wfo,0,,,Epidendrum haenkianum C.Presl,C.Presl,Orchidaceae,Epidendrum,haenkianum,species,,,,,wfo-0000950291,,Reliq. Haenk. 1: 100 (1827),,,unambiguous_accepted,wfo,"{""majorGroup"": ""A"", ""references"": ""https://powo.science.kew.org/taxon/urn:lsid:ipni.org:names:631951-1"", ""source"": ""World Checklist of Vascular Plants. Facilitated by the Royal Botanic Gardens, Kew."", ""taxonRemarks"": ""Source in seed data: wcs Update namepublishedIn from Reliq. Haenk. i. 100. to Reliq. Haenk. 1: 100 (1827), information provided by Alan E. on email Jun. 07 2021 More details could be found in <a href=http://www.theplantlist.org/tpl1.1/record/kew-68551 >T"", ""tplId"": ""kew-68551"", ""wfo_nomenclatural_status"": ""Valid""}"
Epidendrum huamboense,wcvp,0,,,"Epidendrum huamboense Hágsater, A.D.Gut. & Edquén","Hágsater, A.D.Gut. & Edquén",Orchidaceae,Epidendrum,huamboense,Species,,,3301400,77312940-1,,<NA>,(2022),Icon. Orchid.,Peru,unambiguous_accepted,wcvp,"{""climate_description"": ""wet tropical"", ""volume_and_page"": ""19(1): t. 1914""}"
Epidendrum humidicolum,wfo,0,,,Epidendrum humidicolum Schltr.,Schltr.,Orchidaceae,Epidendrum,humidicolum,species,,,,,wfo-0001088842,,Repert. Spec. Nov. Regni Veg. Beih. 10: 144 1922,,,unambiguous_accepted,wfo,"{""majorGroup"": ""A"", ""source"": ""World Checklist of Vascular Plants. Facilitated by the Royal Botanic Gardens, Kew."", ""taxonRemarks"": ""Source in seed data: tro More details could be found in <a href=http://www.theplantlist.org/tpl1.1/record/tro-23520174 >The Plant List v.1.1.</a> Originally in <a href=http://www.theplantlist.org/tpl/record/tro-23520174 >The Plant List v.1.0</a>"", ""tplId"": ""tro-23520174"", ""wfo_nomenclatural_status"": ""Valid""}"
Epidendrum hyalinisthmi,wcvp,0,,,"Epidendrum hyalinisthmi Hágsater, E.Santiago & Olórtegui","Hágsater, E.Santiago & Olórtegui",Orchidaceae,Epidendrum,hyalinisthmi,Species,,,3303988,77313099-1,,<NA>,(2022),Icon. Orchid.,Peru,unambiguous_accepted,wcvp,"{""climate_description"": ""wet tropical"", ""volume_and_page"": ""19(1): t. 1915""}"
Epidendrum imazaense,wcvp,0,,,"Epidendrum imazaense Hágsater, E.Santiago, J.P.Arista & Edquén","Hágsater, E.Santiago, J.P.Arista & Edquén",Orchidaceae,Epidendrum,imazaense,Species,,,3303959,77320358-1,,<NA>,(2023),PhytoKeys,Peru,unambiguous_accepted,wcvp,"{""climate_description"": ""wet tropical"", ""volume_and_page"": ""227: 60""}"
Epidendrum infundibuliforme,wcvp,0,,,Epidendrum infundibuliforme Hágsater & Villaf.,Hágsater & Villaf.,Orchidaceae,Epidendrum,infundibuliforme,Species,,,3304084,77325149-1,,<NA>,(2023),Icon. Orchid.,Peru,unambiguous_accepted,wcvp,"{""climate_description"": ""wet tropical"", ""volume_and_page"": ""19(3): t. 1979""}"
Epidendrum iricolor,wfo,0,,,Epidendrum iricolor Karremans,Karremans,Orchidaceae,Epidendrum,iricolor,species,,,,,wfo-1000026912,,Harvard Pap. Bot. 26: 307 (2021),,,unambiguous_accepted,wfo,"{""majorGroup"": ""A"", ""references"": ""https://powo.science.kew.org/taxon/urn:lsid:ipni.org:names:77234867-1"", ""source"": ""World Checklist of Vascular Plants. Facilitated by the Royal Botanic Gardens, Kew."", ""wfo_nomenclatural_status"": ""Valid""}"
Epidendrum iridicolor,wcvp,0,,,Epidendrum iridicolor Karremans,Karremans,Orchidaceae,Epidendrum,iridicolor,Species,,,547472,77234867-1,,<NA>,(2021),Harvard Pap. Bot.,Costa Rica,unambiguous_accepted,wcvp,"{""climate_description"": ""wet tropical"", ""volume_and_page"": ""26: 307""}"
Epidendrum itacolomiensis,wcvp,0,,,Epidendrum itacolomiensis E.M.Pessoa & L.G.Pedrosa,E.M.Pessoa & L.G.Pedrosa,Orchidaceae,Epidendrum,itacolomiensis,Species,,,3304003,77314313-1,,<NA>,(2022),Syst. Bot.,Brazil (Minas Gerais),unambiguous_accepted,wcvp,"{""climate_description"": ""seasonally dry tropical"", ""volume_and_page"": ""47: 938""}"
Epidendrum ivan-portillae,wcvp,0,,,Epidendrum ivan-portillae Hágsater & H.Medina,Hágsater & H.Medina,Orchidaceae,Epidendrum,ivan-portillae,Species,,,529472,77177861-1,,<NA>,(2018),Icon. Orchid.,Ecuador,unambiguous_accepted,wcvp,"{""climate_description"": ""wet tropical"", ""volume_and_page"": ""16(1): t. 1629""}"
Epidendrum ivanportillae,wfo,0,,,Epidendrum ivanportillae Hágsater & H.Medina,Hágsater & H.Medina,Orchidaceae,Epidendrum,ivanportillae,species,,,,,wfo-1000003951,,Icon. Orchid. 16(1): t. 1629 (2018),,,unambiguous_accepted,wfo,"{""majorGroup"": ""A"", ""references"": ""https://powo.science.kew.org/taxon/urn:lsid:ipni.org:names:77177861-1"", ""source"": ""World Checklist of Vascular Plants. Facilitated by the Royal Botanic Gardens, Kew."", ""wfo_nomenclatural_status"": ""Valid""}"
Epidendrum jaramilloae,cites_csv,0,,,"Epidendrum jaramilloae Hágsater & Dodson, 1993","Hágsater & Dodson, 1993",Orchidaceae,Epidendrum,jaramilloae,SPECIES,II,,,,,,,,Ecuador,unambiguous_accepted,cites_csv,"{""All_DistributionISOCodes"": ""EC"", ""NativeDistributionFullNames"": ""Ecuador""}"
Epidendrum katarun-yariku,wcvp,0,,,Epidendrum katarun-yariku Hágsater & Wrazidlo,Hágsater & Wrazidlo,Orchidaceae,Epidendrum,katarun-yariku,Species,,,547457,77214474-1,,<NA>,(2020),Phytotaxa,Venezuela to Brazil (Amazonas),unambiguous_accepted,wcvp,"{""climate_description"": ""wet tropical"", ""volume_and_page"": ""472: 35""}"
Epidendrum katarunyariku,wfo,0,,,Epidendrum katarunyariku Hágsater & Wrazidlo,Hágsater & Wrazidlo,Orchidaceae,Epidendrum,katarunyariku,species,,,,,wfo-1000022314,,Phytotaxa 472: 35 (2020),,,unambiguous_accepted,wfo,"{""majorGroup"": ""A"", ""references"": ""https://powo.science.kew.org/taxon/urn:lsid:ipni.org:names:77214474-1"", ""source"": ""World Checklist of Vascular Plants. Facilitated by the Royal Botanic Gardens, Kew."", ""wfo_nomenclatural_status"": ""Valid""}"
Epidendrum lactea,wfo,0,,,Epidendrum lactea Dressler,Dressler,Orchidaceae,Oerstedella,lactea,species,,,,,wfo-0000254622,,"Orquidea (Mexico City), n.s., 8: 21 (1981)",,,unambiguous_accepted,wfo,"{""majorGroup"": ""A"", ""originalNameUsageID"": ""wfo-0000950477"", ""references"": ""https://powo.science.kew.org/taxon/urn:lsid:ipni.org:names:173545-2"", ""source"": ""World Checklist of Vascular Plants. Facilitated by the Royal Botanic Gardens, Kew."", ""taxonRemarks"": ""Source in seed data: wcs Updated namepublishedIn from Orquídea (Mexico City) n.s., 8: 21 1981 to Orquidea (Mexico City) 8(1): 21. 1981 , information provided by Alan E. on email Oct. 12 2020 More details could be found in <a href=http://www.theplantlist"", ""tplId"": ""kew-138130"", ""wfo_nomenclatural_status"": ""Valid""}"
Epidendrum latilabrum,wfo,1,Amphiglottis latilabra,Amphiglottis latilabra [Unknown; wfo],Epidendrum latilabrum Lindl.,Lindl.,Orchidaceae,Epidendrum,latilabrum,species,,,,,wfo-0000950509,,Edwards's Bot. Reg. 27(Misc.): 77 (1841),,,unambiguous_accepted,wfo,"{""majorGroup"": ""A"", ""source"": ""World Checklist of Vascular Plants. Facilitated by the Royal Botanic Gardens, Kew."", ""taxonRemarks"": ""Source in seed data: wcs Update namepublishedIn from Edwards's Bot. Reg. 27(Misc.): 77. 1841 to Edwards's Bot. Reg. 27(Misc.): 77 (1841), information provided by Alan E. on email Jun. 07 2021 More details could be found in <a href=http://www.theplantlist"", ""tplId"": ""kew-68753"", ""wfo_nomenclatural_status"": ""Valid""}"
Epidendrum libanense,wcvp,0,,,Epidendrum libanense Sierra-Ariza & Hágsater,Sierra-Ariza & Hágsater,Orchidaceae,Epidendrum,libanense,Species,,,3304081,77325150-1,,<NA>,(2023),Icon. Orchid.,Colombia,unambiguous_accepted,wcvp,"{""climate_description"": ""wet tropical"", ""volume_and_page"": ""19(3): t. 1981""}"
Epidendrum linearidifforme,wfo,0,,,Epidendrum linearidifforme Hágsater & L.Sánchez,Hágsater & L.Sánchez,Orchidaceae,Epidendrum,linearidifforme,species,,,,,wfo-0000950560,,Icon. Orchid. 3: t. 346 (1999),,,unambiguous_accepted,wfo,"{""majorGroup"": ""A"", ""references"": ""https://powo.science.kew.org/taxon/urn:lsid:ipni.org:names:318082-2"", ""source"": ""World Checklist of Vascular Plants. Facilitated by the Royal Botanic Gardens, Kew."", ""taxonRemarks"": ""Source in seed data: wcs Updated namepublishedIn from Icon. Orchid. 3: t. 346 1999 to Icon. Orchid. 3: t. 346. 1999 [25 Mar 1999] , information provided by Alan E. on email Oct. 12 2020 More details could be found in <a href=http://www.theplantlist.org/t"", ""tplId"": ""kew-68800"", ""wfo_nomenclatural_status"": ""Valid""}"
Epidendrum llactapataensis,wfo,0,,,Epidendrum llactapataensis D.E.Benn. & Christenson,D.E.Benn. & Christenson,Orchidaceae,Epidendrum,llactapataensis,species,,,,,wfo-0001270450,,Icon. Orchid. Peruviarum t. 641. 2001,,,unambiguous_accepted,wfo,"{""majorGroup"": ""A"", ""source"": ""World Checklist of Vascular Plants. Facilitated by the Royal Botanic Gardens, Kew."", ""taxonRemarks"": ""Source in seed data: tro Updated namepublishedIn from Icon. Orchid. Peruv. pl. 641 2001 to Icon. Orchid. Peruviarum t. 641. 2001 , information provided by Alan E. on email Oct. 12 2020 More details could be found in <a href=http://www.theplantlist.org/tp"", ""tplId"": ""tro-50246396"", ""wfo_nomenclatural_status"": ""Valid""}"
Epidendrum lyratum,wcvp,2,"Aspasia lyrata, Odontoglossum lyratum","Aspasia lyrata [Homotypic; wcvp], Odontoglossum lyratum [Homotypic; wcvp]",Epidendrum lyratum Vell.,Vell.,Orchidaceae,Aspasia,lyrata,Species,,,16659,617296-1,,68850,(1852),Bot. Zeitung (Berlin),,unambiguous_accepted,wcvp,"{""climate_description"": ""wet tropical"", ""lifeform_description"": ""pseudobulbous epiphyte"", ""volume_and_page"": ""10: 721""}"
Epidendrum magelhaesii,wfo,0,,,Epidendrum magelhaesii Schltr.,Schltr.,Orchidaceae,Epidendrum,magelhaesii,species,,,,,wfo-0000950645,,Repert. Spec. Nov. Regni Veg. 16: 445 (1920),,,unambiguous_accepted,wfo,"{""majorGroup"": ""A"", ""references"": ""https://powo.science.kew.org/taxon/urn:lsid:ipni.org:names:91794-2"", ""source"": ""World Checklist of Vascular Plants. Facilitated by the Royal Botanic Gardens, Kew."", ""taxonRemarks"": ""Source in seed data: wcs Update namepublishedIn from Repert. Spec. Nov. Regni Veg. 16: 445 1920 to Repert. Spec. Nov. Regni Veg. 16: 445 (1920), information provided by Alan E. on email Jun. 07 2021 More details could be found in <a href=http://www.thepl"", ""tplId"": ""kew-68879"", ""wfo_nomenclatural_status"": ""Valid""}"
Epidendrum manta-birostris,wcvp,0,,,Epidendrum manta-birostris Karremans,Karremans,Orchidaceae,Epidendrum,manta-birostris,Species,,,3291499,77296926-1,,<NA>,(2021),Harvard Pap. Bot.,Costa Rica,unambiguous_accepted,wcvp,"{""climate_description"": ""wet tropical"", ""volume_and_page"": ""26: 326""}"
Epidendrum mantabirostris,wfo,0,,,Epidendrum mantabirostris Karremans,Karremans,Orchidaceae,Epidendrum,mantabirostris,species,,,,,wfo-1000026921,,Harvard Pap. Bot. 26: 326 (2021),,,unambiguous_accepted,wfo,"{""majorGroup"": ""A"", ""references"": ""https://powo.science.kew.org/taxon/urn:lsid:ipni.org:names:77296926-1"", ""source"": ""World Checklist of Vascular Plants. Facilitated by the Royal Botanic Gardens, Kew."", ""wfo_nomenclatural_status"": ""Valid""}"
Epidendrum manuel-lucasianum,wcvp,0,,,Epidendrum manuel-lucasianum Archila & Hágsater,Archila & Hágsater,Orchidaceae,Epidendrum,manuel-lucasianum,Species,,,3301372,77313101-1,,<NA>,(2022),Icon. Orchid.,Guatemala,unambiguous_accepted,wcvp,"{""climate_description"": ""wet tropical"", ""volume_and_page"": ""19(1): t. 1923""}"
Epidendrum manusalinasiae,wcvp,0,,,"Epidendrum manusalinasiae L.E.Alfaro, J.Duarte & Hágsater","L.E.Alfaro, J.Duarte & Hágsater",Orchidaceae,Epidendrum,manusalinasiae,Species,,,3314386,77347893-1,,<NA>,(2024),Phytotaxa,Peru to Bolivia,unambiguous_accepted,wcvp,"{""climate_description"": ""wet tropical"", ""volume_and_page"": ""664: 70""}"
Epidendrum matthewsii,wfo,0,,,Epidendrum matthewsii Rchb.f.,Rchb.f.,Orchidaceae,Nanodes,mathewsii,species,,,,,wfo-0000249441,,Ill. Hort. 39: 43 (1892),,,unambiguous_accepted,wfo,"{""majorGroup"": ""A"", ""originalNameUsageID"": ""wfo-0000950672"", ""references"": ""https://powo.science.kew.org/taxon/urn:lsid:ipni.org:names:645191-1"", ""source"": ""World Checklist of Vascular Plants. Facilitated by the Royal Botanic Gardens, Kew."", ""taxonRemarks"": ""Source in seed data: wcs Update namepublishedIn from Ill. Hort. 39(:ivr. 4): 43. 1892 [15 Apr 1892] (as matthewsii) to Ill. Hort. 39: 43 (1892), information provided by Alan E. on email Jun. 07 2021 More details could be found in <a href=http://www.thepl"", ""tplId"": ""kew-133088"", ""wfo_nomenclatural_status"": ""Valid""}"
Epidendrum mayarum,wcvp,0,,,Epidendrum mayarum Hágsater,Hágsater,Orchidaceae,Epidendrum,mayarum,Species,,,3301394,77313103-1,,<NA>,(2022),Icon. Orchid.,Mexico (Chiapas),unambiguous_accepted,wcvp,"{""climate_description"": ""wet tropical"", ""volume_and_page"": ""19(1): t. 1926""}"
Epidendrum megacoleum,wfo,0,,,Epidendrum megacoleum Hágsater,Hágsater,Orchidaceae,Epidendrum,megacoleum,species,,,,,wfo-0000912520,,Icon. Orchid. 9: t. 956 (2007),,,unambiguous_accepted,wfo,"{""majorGroup"": ""A"", ""source"": ""World Checklist of Vascular Plants. Facilitated by the Royal Botanic Gardens, Kew."", ""taxonRemarks"": ""Source in seed data: wcs Update namepublishedIn from Icon. Orchid. 9: t. 956. 2007 [18 May 2007] to Icon. Orchid. 9: t. 956 (2007), information provided by Alan E. on email Jun. 07 2021 More details could be found in <a href=http://www.theplantlist.org/t"", ""tplId"": ""kew-457436"", ""wfo_nomenclatural_status"": ""Valid""}"
Epidendrum micro-cattleya,wfo,0,,,Epidendrum micro-cattleya (Kraenzl.) Schltr.,(Kraenzl.) Schltr.,Orchidaceae,Neolehmannia,microcattleya,species,,,,,wfo-0000250168,,Repert. Spec. Nov. Regni Veg. 1: 180 (1905),,,unambiguous_accepted,wfo,"{""majorGroup"": ""A"", ""references"": ""https://powo.science.kew.org/taxon/urn:lsid:ipni.org:names:168601-2"", ""source"": ""World Checklist of Vascular Plants. Facilitated by the Royal Botanic Gardens, Kew."", ""taxonRemarks"": ""Source in seed data: wcs Update namepublishedIn from Repert. Spec. Nov. Regni Veg. 1: 180 1905 to Repert. Spec. Nov. Regni Veg. 1: 180 (1905), information provided by Alan E. on email Jun. 07 2021 More details could be found in <a href=http://www.theplan"", ""tplId"": ""kew-133841"", ""wfo_nomenclatural_status"": ""Valid""}"
Epidendrum monicarmasiae,wcvp,0,,,Epidendrum monicarmasiae Cornejo & Hágsater,Cornejo & Hágsater,Orchidaceae,Epidendrum,monicarmasiae,Species,,,3303991,77324386-1,,<NA>,(2022),Icon. Orchid.,Ecuador,unambiguous_accepted,wcvp,"{""climate_description"": ""wet tropical"", ""volume_and_page"": ""19(2): t. 1956""}"
Epidendrum montigena,wfo,0,,,Epidendrum montigena Ridl.,Ridl.,Orchidaceae,Epidendrum,montigena,species,,,,,wfo-0000950761,,Timehri 5: 203 (1886),,,unambiguous_accepted,wfo,"{""majorGroup"": ""A"", ""references"": ""https://powo.science.kew.org/taxon/urn:lsid:ipni.org:names:91848-2"", ""source"": ""World Checklist of Vascular Plants. Facilitated by the Royal Botanic Gardens, Kew."", ""taxonRemarks"": ""Source in seed data: wcs Update namepublishedIn from Timehri 5: 203 1886 to Timehri 5: 203 (1886), information provided by Alan E. on email Jun. 07 2021 More details could be found in <a href=http://www.theplantlist.org/tpl1.1/record/kew-68985 >The Plant"", ""tplId"": ""kew-68985"", ""wfo_nomenclatural_status"": ""Valid""}"
Epidendrum motozintlensis,wfo,0,,,Epidendrum motozintlensis Hágsater & L.Sánchez S.,Hágsater & L.Sánchez S.,Orchidaceae,Epidendrum,motozintlensis,species,,,,,wfo-0001285434,,Icon. Orchid. (Mexico) 11: t. 1146 2008,,,unambiguous_accepted,wfo,"{""majorGroup"": ""A"", ""source"": ""World Checklist of Vascular Plants. Facilitated by the Royal Botanic Gardens, Kew."", ""taxonRemarks"": ""Source in seed data: tro More details could be found in <a href=http://www.theplantlist.org/tpl1.1/record/tro-50327947 >The Plant List v.1.1.</a> Originally in <a href=http://www.theplantlist.org/tpl/record/tro-50327947 >The Plant List v.1.0</a>"", ""tplId"": ""tro-50327947"", ""wfo_nomenclatural_status"": ""Valid""}"
Epidendrum narinense,wcvp,0,,,"Epidendrum narinense Hágsater, Reina-Rodr. & J.F.Torres","Hágsater, Reina-Rodr. & J.F.Torres",Orchidaceae,Epidendrum,narinense,Species,,,3301403,77313104-1,,<NA>,(2022),Icon. Orchid.,Colombia,unambiguous_accepted,wcvp,"{""climate_description"": ""wet tropical"", ""volume_and_page"": ""19(1): t. 1927""}"
Epidendrum neogaliciense,wfo,0,,,Epidendrum neogaliciense Hágsater & R.González,Hágsater & R.González,Orchidaceae,Epidendrum,neogaliciense,species,,,,,wfo-0001088849,,"Orquídea (Mexico City), n.s., 9(1): 144 1983",,,unambiguous_accepted,wfo,"{""majorGroup"": ""A"", ""source"": ""World Checklist of Vascular Plants. Facilitated by the Royal Botanic Gardens, Kew."", ""taxonRemarks"": ""Source in seed data: tro More details could be found in <a href=http://www.theplantlist.org/tpl1.1/record/tro-23520292 >The Plant List v.1.1.</a> Originally in <a href=http://www.theplantlist.org/tpl/record/tro-23520292 >The Plant List v.1.0</a>"", ""tplId"": ""tro-23520292"", ""wfo_nomenclatural_status"": ""Valid""}"
Epidendrum noctirufescens,wcvp,0,,,Epidendrum noctirufescens Hágsater & Cadena,Hágsater & Cadena,Orchidaceae,Epidendrum,noctirufescens,Species,,,3304080,77325151-1,,<NA>,(2023),Icon. Orchid.,Colombia,unambiguous_accepted,wcvp,"{""climate_description"": ""wet tropical"", ""volume_and_page"": ""19(3): t. 1987""}"
Epidendrum obtrullatum,wcvp,0,,,Epidendrum obtrullatum Hágsater,Hágsater,Orchidaceae,Epidendrum,obtrullatum,Species,,,3304045,77313105-1,,<NA>,(2022),Icon. Orchid.,Ecuador,unambiguous_accepted,wcvp,"{""climate_description"": ""wet tropical"", ""volume_and_page"": ""19(1): t. 1928""}"
Epidendrum ochrostachyum,wcvp,0,,,"Epidendrum ochrostachyum Hágsater, E.Santiago, J.P.Arista & Edquén","Hágsater, E.Santiago, J.P.Arista & Edquén",Orchidaceae,Epidendrum,ochrostachyum,Species,,,3303971,77320359-1,,<NA>,(2023),PhytoKeys,Peru,unambiguous_accepted,wcvp,"{""climate_description"": ""wet tropical"", ""volume_and_page"": ""227: 65""}"
Epidendrum oenochroma,wfo,0,,,Epidendrum oenochroma Hágsater & Dodson,Hágsater & Dodson,Orchidaceae,Epidendrum,oenochroma,species,,,,,wfo-0000912539,,Icon. Orchid. 7: t. 768 (2004),,,unambiguous_accepted,wfo,"{""majorGroup"": ""A"", ""source"": ""World Checklist of Vascular Plants. Facilitated by the Royal Botanic Gardens, Kew."", ""taxonRemarks"": ""Source in seed data: wcs Update namepublishedIn from Icon. Orchid. 7: t. 768. 2005 [13 Jan 2005] to Icon. Orchid. 7: t. 768 (2004), information provided by Alan E. on email Jun. 07 2021 More details could be found in <a href=http://www.theplantlist.org/t"", ""tplId"": ""kew-457453"", ""wfo_nomenclatural_status"": ""Valid""}"
Epidendrum oreogenum,wfo,0,,,Epidendrum oreogenum Schltr.,Schltr.,Orchidaceae,Epidendrum,oreogenum,species,,,,,wfo-0000950899,,Repert. Spec. Nov. Regni Veg. Beih. 27: 70 (1924),,,unambiguous_accepted,wfo,"{""majorGroup"": ""A"", ""references"": ""https://powo.science.kew.org/taxon/urn:lsid:ipni.org:names:632386-1"", ""source"": ""World Checklist of Vascular Plants. Facilitated by the Royal Botanic Gardens, Kew."", ""taxonRemarks"": ""Source in seed data: wcs Update namepublishedIn from Repert. Spec. Nov. Regni Veg. Beih. 27: 70. 1924 to Repert. Spec. Nov. Regni Veg. Beih. 27: 70 (1924), information provided by Alan E. on email Jun. 07 2021 More details could be found in <a href=http:"", ""tplId"": ""kew-69109"", ""wfo_nomenclatural_status"": ""Valid""}"
Epidendrum ovatilabium,wcvp,0,,,"Epidendrum ovatilabium Hágsater, E.Santiago & Edquén","Hágsater, E.Santiago & Edquén",Orchidaceae,Epidendrum,ovatilabium,Species,,,3304292,77313106-1,,<NA>,(2022),Icon. Orchid.,Peru,unambiguous_accepted,wcvp,"{""climate_description"": ""wet tropical"", ""volume_and_page"": ""19(1): t. 1930""}"
Epidendrum pacholguitarum,wcvp,0,,,"Epidendrum pacholguitarum Ordóñez-Blanco, E.Santiago & Hágsater","Ordóñez-Blanco, E.Santiago & Hágsater",Orchidaceae,Epidendrum,pacholguitarum,Species,,,3304076,77325152-1,,<NA>,(2023),Icon. Orchid.,Colombia,unambiguous_accepted,wcvp,"{""climate_description"": ""wet tropical"", ""volume_and_page"": ""19(3): t. 1989""}"
Epidendrum parvireflexilobum,wcvp,0,,,"Epidendrum parvireflexilobum Hágsater, J.P.Arista & Edquén","Hágsater, J.P.Arista & Edquén",Orchidaceae,Epidendrum,parvireflexilobum,Species,,,3304011,77320360-1,,<NA>,(2023),PhytoKeys,Peru,unambiguous_accepted,wcvp,"{""climate_description"": ""wet tropical"", ""volume_and_page"": ""227: 70""}"
Epidendrum pembertonii,wcvp,0,,,"Epidendrum pembertonii Rinc.-González, E.Santiago & S.Vieira-Uribe","Rinc.-González, E.Santiago & S.Vieira-Uribe",Orchidaceae,Epidendrum,pembertonii,Species,,,3314181,77344713-1,,<NA>,(2024),Lankesteriana,Colombia,unambiguous_accepted,wcvp,"{""climate_description"": ""wet tropical"", ""volume_and_page"": ""24: 41""}"
Epidendrum petacaense,wcvp,0,,,"Epidendrum petacaense Hágsater, J.Duarte & Pío-León","Hágsater, J.Duarte & Pío-León",Orchidaceae,Epidendrum,petacaense,Species,,,3303952,77317942-1,,<NA>,(2023),Phytotaxa,Mexico (Sinaloa),unambiguous_accepted,wcvp,"{""climate_description"": ""seasonally dry tropical"", ""volume_and_page"": ""592: 82""}"
Epidendrum pleurotallipnevma,wcvp,0,,,"Epidendrum pleurotallipnevma Hágsater, Edquén & E.Santiago","Hágsater, Edquén & E.Santiago",Orchidaceae,Epidendrum,pleurotallipnevma,Species,,,534213,77195194-1,,<NA>,(2018),Icon. Orchid.,Peru (San Martín),unambiguous_accepted,wcvp,"{""climate_description"": ""wet tropical"", ""volume_and_page"": ""16(2): t. 1694""}"
Epidendrum pleurothallipnevma,wfo,0,,,"Epidendrum pleurothallipnevma Hágsater, Edquén & E.Santiago","Hágsater, Edquén & E.Santiago",Orchidaceae,Epidendrum,pleurothallipnevma,species,,,,,wfo-1000003983,,Icon. Orchid. 16(2): t. 1694 (2018),,,unambiguous_accepted,wfo,"{""majorGroup"": ""A"", ""references"": ""https://powo.science.kew.org/taxon/urn:lsid:ipni.org:names:77195194-1"", ""source"": ""World Checklist of Vascular Plants. Facilitated by the Royal Botanic Gardens, Kew."", ""wfo_nomenclatural_status"": ""Valid""}"
Epidendrum pluricostatum,wcvp,0,,,"Epidendrum pluricostatum Hágsater, Reina-Rodr. & J.Duarte","Hágsater, Reina-Rodr. & J.Duarte",Orchidaceae,Epidendrum,pluricostatum,Species,,,3304097,77313107-1,,<NA>,(2022),Icon. Orchid.,Colombia,unambiguous_accepted,wcvp,"{""climate_description"": ""wet tropical"", ""volume_and_page"": ""19(1): t. 1933""}"
Epidendrum polyanthemum,wfo,0,,,Epidendrum polyanthemum Rchb.f.,Rchb.f.,Orchidaceae,Epidendrum,polyanthemum,species,,,,,wfo-0001223516,,"Ann. Bot. Syst. (Walpers) 6(8): 1166, sphalm. 1865 [Jul-Dec 1865]",,,unambiguous_accepted,wfo,"{""majorGroup"": ""A"", ""source"": ""World Checklist of Vascular Plants. Facilitated by the Royal Botanic Gardens, Kew."", ""taxonRemarks"": ""Source in seed data: tro Updated namePublishedIn from Ann. Bot. Syst. 6: 1166 1865 to Ann. Bot. Syst. (Walpers) 6(8): 1166, sphalm. 1865 [Jul-Dec 1865] , according to IPNI. Information provided by Alan E. on email Jul. 15 2020. More details could be foun"", ""tplId"": ""tro-50035946"", ""wfo_nomenclatural_status"": ""Valid""}"
Epidendrum polychroma,wfo,0,,,Epidendrum polychroma Hágsater,Hágsater,Orchidaceae,Epidendrum,polychroma,species,,,,,wfo-0000951090,,"Orquidea (Mexico City), n.s., 7: 156 (1979)",,,unambiguous_accepted,wfo,"{""majorGroup"": ""A"", ""references"": ""https://powo.science.kew.org/taxon/urn:lsid:ipni.org:names:92017-2"", ""source"": ""World Checklist of Vascular Plants. Facilitated by the Royal Botanic Gardens, Kew."", ""taxonRemarks"": ""Source in seed data: wcs Update namepublishedIn from Orquídea (Mexico City) n.s., 7: 156 1979 to Orquidea (Mexico City) , n.s., 7: 156 (1979), information provided by Alan E. on email Jun. 07 2021 More details could be found in <a href=http://www.thepla"", ""tplId"": ""kew-69284"", ""wfo_nomenclatural_status"": ""Valid""}"
Epidendrum pseudobarbeyanum,wfo,0,,,Epidendrum pseudobarbeyanum Pupulin & Karremans,Pupulin & Karremans,Orchidaceae,Epidendrum,pseudobarbeyanum,species,,,,,wfo-0000920579,,Selbyana 30: 196 (2010),,,unambiguous_accepted,wfo,"{""majorGroup"": ""A"", ""references"": ""https://powo.science.kew.org/taxon/urn:lsid:ipni.org:names:60455258-2"", ""source"": ""World Checklist of Vascular Plants. Facilitated by the Royal Botanic Gardens, Kew."", ""taxonRemarks"": ""Source in seed data: wcs Update namepublishedIn from Selbyana 30(2): 196 (199; figs. 2, 4B). 2010 [13 Aug 2010] to Selbyana 30: 196 (2010), information provided by Alan E. on email Jun. 07 2021 More details could be found in <a href=http://www.theplantli"", ""tplId"": ""kew-466061"", ""wfo_nomenclatural_status"": ""Valid""}"
Epidendrum pseudoschumanniana,wfo,0,,,Epidendrum pseudoschumanniana Fowlie,Fowlie,Orchidaceae,Oerstedella,pseudoschumanniana,species,,,,,wfo-0000254633,,"Orquidea (Mexico City), n.s., 8: 24 (1981)",,,unambiguous_accepted,wfo,"{""majorGroup"": ""A"", ""originalNameUsageID"": ""wfo-0000951155"", ""references"": ""https://powo.science.kew.org/taxon/urn:lsid:ipni.org:names:173552-2"", ""source"": ""World Checklist of Vascular Plants. Facilitated by the Royal Botanic Gardens, Kew."", ""taxonRemarks"": ""Source in seed data: wcs Update namepublishedIn from Orquídea (Mexico City) n.s., 8: 24 1981 to Orquidea (Mexico City) , n.s., 8: 24 (1981), information provided by Alan E. on email Jun. 07 2021 More details could be found in <a href=http://www.theplant"", ""tplId"": ""kew-138140"", ""wfo_nomenclatural_status"": ""Valid""}"
Epidendrum puninnocturnum,wcvp,0,,,Epidendrum puninnocturnum Hágsater & J.Duarte,Hágsater & J.Duarte,Orchidaceae,Epidendrum,puninnocturnum,Species,,,3304025,77313110-1,,<NA>,(2022),Icon. Orchid.,Ecuador,unambiguous_accepted,wcvp,"{""climate_description"": ""wet tropical"", ""volume_and_page"": ""19(1): t. 1934""}"
Epidendrum purpureocaule,wfo,0,,,Epidendrum purpureocaule Essers & Sambin,Essers & Sambin,Orchidaceae,Epidendrum,purpureocaule,species,,,,,wfo-1000003987,,"Richardiana, N.S. 2: 146 (2018)",,,unambiguous_accepted,wfo,"{""majorGroup"": ""A"", ""references"": ""https://powo.science.kew.org/taxon/urn:lsid:ipni.org:names:77193043-1"", ""source"": ""World Checklist of Vascular Plants. Facilitated by the Royal Botanic Gardens, Kew."", ""wfo_nomenclatural_status"": ""Valid""}"
Epidendrum purpureocaulis,wcvp,0,,,Epidendrum purpureocaulis Essers & Sambin,Essers & Sambin,Orchidaceae,Epidendrum,purpureocaulis,Species,,,529633,77193043-1,,<NA>,(2018),"Richardiana, N.S.",French Guiana,unambiguous_accepted,wcvp,"{""climate_description"": ""wet tropical"", ""volume_and_page"": ""2: 146""}"
Epidendrum quadricornu,wfo,0,,,Epidendrum quadricornu Kraenzl.,Kraenzl.,Orchidaceae,Epidendrum,quadricornu,species,,,,,wfo-0001088851,,,,,unambiguous_accepted,wfo,"{""majorGroup"": ""A"", ""source"": ""World Checklist of Vascular Plants. Facilitated by the Royal Botanic Gardens, Kew."", ""taxonRemarks"": ""Source in seed data: tro More details could be found in <a href=http://www.theplantlist.org/tpl1.1/record/tro-23520384 >The Plant List v.1.1.</a> Originally in <a href=http://www.theplantlist.org/tpl/record/tro-23520384 >The Plant List v.1.0</a>"", ""tplId"": ""tro-23520384"", ""wfo_nomenclatural_status"": ""Valid""}"
Epidendrum quimiense,wcvp,0,,,"Epidendrum quimiense Lapo-Gonzalez, M.M.Jiménez & Vélez-Abarca","Lapo-Gonzalez, M.M.Jiménez & Vélez-Abarca",Orchidaceae,Epidendrum,quimiense,Species,,,3314298,77342729-1,,<NA>,(2024),Phytotaxa,Ecuador,unambiguous_accepted,wcvp,"{""climate_description"": ""wet tropical"", ""volume_and_page"": ""650: 186""}"
Epidendrum retrolobatum,wcvp,0,,,"Epidendrum retrolobatum Hágsater, Chamaya, J.Duarte & Iberico","Hágsater, Chamaya, J.Duarte & Iberico",Orchidaceae,Epidendrum,retrolobatum,Species,,,3304339,77330563-1,,<NA>,(2023),Phytotaxa,Peru,unambiguous_accepted,wcvp,"{""climate_description"": ""wet tropical"", ""volume_and_page"": ""625: 81""}"
Epidendrum rioazufrense,wcvp,0,,,"Epidendrum rioazufrense Sierra-Ariza, Hágsater & E.Santiago","Sierra-Ariza, Hágsater & E.Santiago",Orchidaceae,Epidendrum,rioazufrense,Species,,,3304020,77313112-1,,<NA>,(2022),Icon. Orchid.,Colombia,unambiguous_accepted,wcvp,"{""climate_description"": ""wet tropical"", ""volume_and_page"": ""19(1): t. 1936""}"
Epidendrum robinson-galindoi,wcvp,0,,,"Epidendrum robinson-galindoi Hágsater, Uribe Vélez & E.Santiago","Hágsater, Uribe Vélez & E.Santiago",Orchidaceae,Epidendrum,robinson-galindoi,Species,,,529470,77177890-1,,<NA>,(2018),Icon. Orchid.,Colombia,unambiguous_accepted,wcvp,"{""climate_description"": ""wet tropical"", ""volume_and_page"": ""16(1): t. 1654""}"
Epidendrum robinsongalindoi,wfo,0,,,"Epidendrum robinsongalindoi Hágsater, Uribe Vélez & E.Santiago","Hágsater, Uribe Vélez & E.Santiago",Orchidaceae,Epidendrum,robinsongalindoi,species,,,,,wfo-1000003992,,Icon. Orchid. 16(1): t. 1654 (2018),,,unambiguous_accepted,wfo,"{""majorGroup"": ""A"", ""references"": ""https://powo.science.kew.org/taxon/urn:lsid:ipni.org:names:77177890-1"", ""source"": ""World Checklist of Vascular Plants. Facilitated by the Royal Botanic Gardens, Kew."", ""wfo_nomenclatural_status"": ""Valid""}"
Epidendrum roseobicirrhatum,wcvp,0,,,Epidendrum roseobicirrhatum Hágsater & Hirtz,Hágsater & Hirtz,Orchidaceae,Epidendrum,roseobicirrhatum,Species,,,3304085,77313113-1,,<NA>,(2022),Icon. Orchid.,Ecuador,unambiguous_accepted,wcvp,"{""climate_description"": ""wet tropical"", ""volume_and_page"": ""19(1): t. 1937""}"
Epidendrum rosulatum,wcvp,0,,,"Epidendrum rosulatum Hágsater, E.Santiago, J.P.Arista & Edquén","Hágsater, E.Santiago, J.P.Arista & Edquén",Orchidaceae,Epidendrum,rosulatum,Species,,,3304010,77320361-1,,<NA>,(2023),PhytoKeys,Peru,unambiguous_accepted,wcvp,"{""climate_description"": ""wet tropical"", ""volume_and_page"": ""227: 76""}"
Epidendrum sanctae-rosae,wcvp,0,,,"Epidendrum sanctae-rosae Hágsater, Sauleda, Uribe Vélez & E.Santiago","Hágsater, Sauleda, Uribe Vélez & E.Santiago",Orchidaceae,Epidendrum,sanctae-rosae,Species,,,529469,77177892-1,,<NA>,(2018),Icon. Orchid.,"Colombia (Cauca), Peru (Huánuco)",unambiguous_accepted,wcvp,"{""climate_description"": ""wet tropical"", ""lifeform_description"": ""epiphyte"", ""volume_and_page"": ""16(1): t. 1657""}"
Epidendrum sanctaerosae,wfo,0,,,"Epidendrum sanctaerosae Hágsater, Sauleda, Uribe Vélez & E.Santiago","Hágsater, Sauleda, Uribe Vélez & E.Santiago",Orchidaceae,Epidendrum,sanctaerosae,species,,,,,wfo-1000003993,,Icon. Orchid. 16(1): t. 1657 (2018),,,unambiguous_accepted,wfo,"{""majorGroup"": ""A"", ""references"": ""https://powo.science.kew.org/taxon/urn:lsid:ipni.org:names:77177892-1"", ""source"": ""World Checklist of Vascular Plants. Facilitated by the Royal Botanic Gardens, Kew."", ""wfo_nomenclatural_status"": ""Valid""}"
Epidendrum scandens,wcvp,0,,,"Epidendrum scandens Karremans, Chinchilla & Rojas-Alv.","Karremans, Chinchilla & Rojas-Alv.",Orchidaceae,Epidendrum,scandens,Species,,,3304062,77331850-1,,<NA>,(2023),Phytotaxa,Costa Rica,unambiguous_accepted,wcvp,"{""climate_description"": ""wet tropical"", ""volume_and_page"": ""626: 291""}"
Epidendrum schizostele,wcvp,0,,,"Epidendrum schizostele Hágsater, J.S.Moreno & E.Santiago","Hágsater, J.S.Moreno & E.Santiago",Orchidaceae,Epidendrum,schizostele,Species,,,3304067,77313114-1,,<NA>,(2022),Icon. Orchid.,Colombia,unambiguous_accepted,wcvp,"{""climate_description"": ""wet tropical"", ""volume_and_page"": ""19(1): t. 1940""}"
Epidendrum sonia-juaniorum,wcvp,0,,,Epidendrum sonia-juaniorum Zambrano & Hágsater,Zambrano & Hágsater,Orchidaceae,Epidendrum,sonia-juaniorum,Species,,,529467,77177894-1,,<NA>,(2018),Icon. Orchid.,Ecuador,unambiguous_accepted,wcvp,"{""climate_description"": ""wet tropical"", ""volume_and_page"": ""16(1): t. 1659""}"
Epidendrum soniajuaniorum,wfo,0,,,Epidendrum soniajuaniorum Zambrano & Hágsater,Zambrano & Hágsater,Orchidaceae,Epidendrum,soniajuaniorum,species,,,,,wfo-1000003995,,Icon. Orchid. 16(1): t. 1659 (2018),,,unambiguous_accepted,wfo,"{""majorGroup"": ""A"", ""references"": ""https://powo.science.kew.org/taxon/urn:lsid:ipni.org:names:77177894-1"", ""source"": ""World Checklist of Vascular Plants. Facilitated by the Royal Botanic Gardens, Kew."", ""wfo_nomenclatural_status"": ""Valid""}"
Epidendrum sophronites,wfo,0,,,Epidendrum sophronites Lindl. & Rchb.f.,Lindl. & Rchb.f.,Orchidaceae,Hormidium,sophronitis,species,,,,,wfo-0000215038,,"Gard. Chron., n.s., 19: 700 (1883)",,,unambiguous_accepted,wfo,"{""majorGroup"": ""A"", ""originalNameUsageID"": ""wfo-0000951419"", ""references"": ""https://powo.science.kew.org/taxon/urn:lsid:ipni.org:names:638978-1"", ""source"": ""World Checklist of Vascular Plants. Facilitated by the Royal Botanic Gardens, Kew."", ""taxonRemarks"": ""Source in seed data: wcs Updated scientificnameAuthorship from (Lindl. & Rchb.f.) Benth. & Hook.f. ex Hemsl. to Benth. & Hook.f., information provided by Alan E. on email Oct. 12 2020 More details could be found in <a href=http://www.theplantlist.org/tpl"", ""tplId"": ""kew-100198"", ""wfo_nomenclatural_status"": ""Valid""}"
Epidendrum spiculistachyum,wcvp,0,,,Epidendrum spiculistachyum Hágsater & E.Santiago,Hágsater & E.Santiago,Orchidaceae,Epidendrum,spiculistachyum,Species,,,3303992,77324387-1,,<NA>,(2022),Icon. Orchid.,Ecuador,unambiguous_accepted,wcvp,"{""climate_description"": ""wet tropical"", ""volume_and_page"": ""19(2): t. 1960""}"
Epidendrum syringothyrsis,wfo,0,,,Epidendrum syringothyrsis H.J.Veitch,H.J.Veitch,Orchidaceae,Epidendrum,syringothyrsis,species,,,,,wfo-0000951520,,Cat. New Beautiful Pl. 1873: 19 (1873),,,unambiguous_accepted,wfo,"{""majorGroup"": ""A"", ""references"": ""https://powo.science.kew.org/taxon/urn:lsid:ipni.org:names:632848-1"", ""source"": ""World Checklist of Vascular Plants. Facilitated by the Royal Botanic Gardens, Kew."", ""taxonRemarks"": ""Source in seed data: wcs Update namepublishedIn from Bot. Mag. 101: t. 6145 1875 to Cat. New Beautiful Pl. 1873: 19 (1873), information provided by Alan E. on email Jun. 07 2021 More details could be found in <a href=http://www.theplantlist.org/tpl1.1/re"", ""tplId"": ""kew-69677"", ""wfo_nomenclatural_status"": ""Valid""}"
Epidendrum tagaeri-taromenane,wcvp,0,,,"Epidendrum tagaeri-taromenane Hágsater, E.Santiago & J.J.Donoso","Hágsater, E.Santiago & J.J.Donoso",Orchidaceae,Epidendrum,tagaeri-taromenane,Species,,,3304065,77313115-1,,<NA>,(2022),Icon. Orchid.,Ecuador,unambiguous_accepted,wcvp,"{""climate_description"": ""wet tropical"", ""volume_and_page"": ""19(1): t. 1943""}"
Epidendrum tamborense,wcvp,0,,,"Epidendrum tamborense Hágsater, C.J.Jerez & M.Jerez","Hágsater, C.J.Jerez & M.Jerez",Orchidaceae,Epidendrum,tamborense,Species,,,3303995,77324388-1,,<NA>,(2022),Icon. Orchid.,Venezuela,unambiguous_accepted,wcvp,"{""climate_description"": ""wet tropical"", ""volume_and_page"": ""19(2): t. 1961""}"
Epidendrum theodorii,wfo,0,,,Epidendrum theodorii Schltr.,Schltr.,Orchidaceae,Epidendrum,theodorii,species,,,,,wfo-0000951562,,Repert. Spec. Nov. Regni Veg. Beih. 10: 46 (1922),,,unambiguous_accepted,wfo,"{""majorGroup"": ""A"", ""source"": ""World Checklist of Vascular Plants. Facilitated by the Royal Botanic Gardens, Kew."", ""taxonRemarks"": ""Source in seed data: wcs Update namepublishedIn from Repert. Spec. Nov. Regni Veg. Beih. 10: 46 1922 to Repert. Spec. Nov. Regni Veg. Beih. 10: 46 (1922), information provided by Alan E. on email Jun. 07 2021 More details could be found in <a href=http:/"", ""tplId"": ""kew-69714"", ""wfo_nomenclatural_status"": ""Valid""}"
Epidendrum vale-ramiroi,wcvp,0,,,"Epidendrum vale-ramiroi L.Valenz., E.Santiago & Hágsater","L.Valenz., E.Santiago & Hágsater",Orchidaceae,Epidendrum,vale-ramiroi,Species,,,3291256,77299765-1,,<NA>,(2021),Icon. Orchid.,Peru,unambiguous_accepted,wcvp,"{""climate_description"": ""wet tropical"", ""volume_and_page"": ""18(2): t. 1895""}"
Epidendrum valeramiroi,wfo,0,,,"Epidendrum valeramiroi L.Valenz., E.Santiago & Hágsater","L.Valenz., E.Santiago & Hágsater",Orchidaceae,Epidendrum,valeramiroi,species,,,,,wfo-1000026941,,Icon. Orchid. 18(2): t. 1895 (2021),,,unambiguous_accepted,wfo,"{""majorGroup"": ""A"", ""references"": ""https://powo.science.kew.org/taxon/urn:lsid:ipni.org:names:77299765-1"", ""source"": ""World Checklist of Vascular Plants. Facilitated by the Royal Botanic Gardens, Kew."", ""wfo_nomenclatural_status"": ""Valid""}"
Epidendrum viridialpicola,wcvp,0,,,Epidendrum viridialpicola Hágsater & Ordóñez-Blanco,Hágsater & Ordóñez-Blanco,Orchidaceae,Epidendrum,viridialpicola,Species,,,3303997,77324389-1,,<NA>,(2022),Icon. Orchid.,Colombia,unambiguous_accepted,wcvp,"{""climate_description"": ""wet tropical"", ""volume_and_page"": ""19(2): t. 1962""}"
Epidendrum viridiflavum,wcvp,0,,,Epidendrum viridiflavum Hágsater & J.D.Medina,Hágsater & J.D.Medina,Orchidaceae,Epidendrum,viridiflavum,Species,,,3304101,77313117-1,,<NA>,(2022),Icon. Orchid.,Colombia,unambiguous_accepted,wcvp,"{""climate_description"": ""wet tropical"", ""volume_and_page"": ""19(1): t. 1945""}"
Epipactis alatus,wfo,0,,,Epipactis alatus Aver. & Efimov,Aver. & Efimov,Orchidaceae,Epipactis,alatus,species,,,,,wfo-0000808582,,Rheedea 16: 4 (2006),,,unambiguous_accepted,wfo,"{""majorGroup"": ""A"", ""references"": ""https://powo.science.kew.org/taxon/urn:lsid:ipni.org:names:77083908-1"", ""source"": ""World Checklist of Vascular Plants. Facilitated by the Royal Botanic Gardens, Kew."", ""taxonRemarks"": ""Source in seed data: wcs Update namepublishedIn from Rheedea 16(1): 4 (-7; figs. 3d-g, 4). 2006 [30 Jun 2006] to Rheedea 16: 4 (2006), information provided by Alan E. on email Jun. 07 2021 More details could be found in <a href=http://www.theplantlist.or"", ""tplId"": ""kew-346816"", ""wfo_nomenclatural_status"": ""Valid""}"
Epipactis babianifolia,wfo,2,"Amesia babianifolia, Helleborine babianifolia","Amesia babianifolia [Unknown; wfo], Helleborine babianifolia [Unknown; wfo]",Epipactis babianifolia Roxb.,Roxb.,Orchidaceae,Helleborine,babianifolia,species,,,,,wfo-0001222271,,Bull. Torrey Bot. Club 36: 547. 1909,,,unambiguous_accepted,wfo,"{""majorGroup"": ""A"", ""originalNameUsageID"": ""wfo-0001222563"", ""source"": ""World Checklist of Vascular Plants. Facilitated by the Royal Botanic Gardens, Kew."", ""taxonRemarks"": ""Source in seed data: tro Updated acceptedNameId from wfo-0001222618 to wfo-0001222563, information provided by Alan E. on email Nov. 16 2021 More details could be found in <a href=http://www.theplantlist.org/tpl1.1/record/tro-50018333 >The Plant List v.1"", ""tplId"": ""tro-50018333""}"
Epipactis bucegensis,wcvp,0,,,"Epipactis bucegensis Anghelescu, L.Balogh & Mih.Balogh","Anghelescu, L.Balogh & Mih.Balogh",Orchidaceae,Epipactis,bucegensis,Species,,,3304034,77318369-1,,<NA>,(2023),Plants (Basel),Romania,unambiguous_accepted,wcvp,"{""climate_description"": ""temperate"", ""lifeform_description"": ""perennial or rhizomatous geophyte"", ""volume_and_page"": ""12(9)-1761: 24""}"
Epipactis helleborine subsp. helleborine,cites_pdf,0,,,Epipactis helleborine subsp. helleborine,,Orchidaceae,Cymbidium,latifolium,,,,,,,,,,,unambiguous_accepted,cites_pdf,"{""accepted_genus"": ""Epipactis"", ""page"": 222, ""y"": 730.0}"
Epipactis krymmontana,wcvp,0,,,"Epipactis krymmontana Kreutz, Fateryga & Efimov","Kreutz, Fateryga & Efimov",Orchidaceae,Epipactis,krymmontana,Species,,,490475,77141419-1,,<NA>,(2014),Phytotaxa,Krym to NW. Caucasus,unambiguous_accepted,wcvp,"{""climate_description"": ""temperate"", ""lifeform_description"": ""perennial"", ""volume_and_page"": ""172: 24""}"
Epipactis soguksuensis,wfo,0,,,Epipactis × soguksuensis Kreutz,Kreutz,Orchidaceae,Epipactis,soguksuensis,species,,,,,wfo-0000952268,,Eurorchis 9: 71 (1997),,,unambiguous_accepted,wfo,"{""majorGroup"": ""A"", ""references"": ""https://powo.science.kew.org/taxon/urn:lsid:ipni.org:names:996621-1"", ""source"": ""World Checklist of Vascular Plants. Facilitated by the Royal Botanic Gardens, Kew."", ""taxonRemarks"": ""Source in seed data: wcs Update namepublishedIn from Eurorchis 9: 71 (1997). to Eurorchis 9: 71 (1997), information provided by Alan E. on email Jun. 07 2021 More details could be found in <a href=http://www.theplantlist.org/tpl1.1/record/kew-70379 >The"", ""tplId"": ""kew-70379"", ""wfo_nomenclatural_status"": ""Valid""}"
Eria barringtoniana,wfo,0,,,Eria barringtoniana Rchb.f.,Rchb.f.,Orchidaceae,Eria,barringtoniana,species,,,,,wfo-0000952810,,Gard. Chron. 1872: 666 (1872),,,unambiguous_accepted,wfo,"{""majorGroup"": ""A"", ""references"": ""https://powo.science.kew.org/taxon/urn:lsid:ipni.org:names:633516-1"", ""source"": ""World Checklist of Vascular Plants. Facilitated by the Royal Botanic Gardens, Kew."", ""taxonRemarks"": ""Source in seed data: wcs Update namepublishedIn from Gard. Chron. 1872: 666. [18 May 1872] to Gard. Chron. 1872: 666 (1872), information provided by Alan E. on email Jun. 07 2021 More details could be found in <a href=http://www.theplantlist.org/tpl1.1/r"", ""tplId"": ""kew-70908"", ""wfo_nomenclatural_status"": ""Valid""}"
Eria chrysocardia,cites_csv,0,,,"Eria chrysocardia Schltr., 1911","Schltr., 1911",Orchidaceae,Eria,chrysocardia,SPECIES,II,,,,,,,,Indonesia,unambiguous_accepted,cites_csv,"{""All_DistributionISOCodes"": ""ID"", ""NativeDistributionFullNames"": ""Indonesia""}"
Erythrodes humulis,wfo,0,,,Erythrodes humulis (Blume) J.J.Sm.,(Blume) J.J.Sm.,Orchidaceae,Erythrodes,humulis,species,,,,,wfo-0001088857,,Bull. Dép. Agric. Indes Néerl. 13: 11 (1907),,,unambiguous_accepted,wfo,"{""majorGroup"": ""A"", ""originalNameUsageID"": ""wfo-0000273137"", ""references"": ""https://powo.science.kew.org/taxon/urn:lsid:ipni.org:names:96724-2"", ""source"": ""World Checklist of Vascular Plants. Facilitated by the Royal Botanic Gardens, Kew."", ""taxonRemarks"": ""Source in seed data: tro Update namepublishedIn from Orchidaceae 7: 70 1922 to Bull. Dép. Agric. Indes Néerl. 13: 11 (1907), information provided by Alan E. on email Jun. 07 2021 More details could be found in <a href=http://www.theplantlist.org/tpl1.1"", ""tplId"": ""tro-23520552"", ""wfo_nomenclatural_status"": ""Valid""}"
Eulophia anjoanensis,wfo,1,Galeandra anjoanensis,Galeandra anjoanensis [Unknown; wfo],Eulophia anjoanensis (Rchb.f.) P.J.Cribb,(Rchb.f.) P.J.Cribb,Orchidaceae,Galeandra,anjoanensis,species,,,,,wfo-0001223130,,Linnaea 20(6): 650. 1847 [Dec 1847],,,unambiguous_accepted,wfo,"{""majorGroup"": ""A"", ""source"": ""World Checklist of Vascular Plants. Facilitated by the Royal Botanic Gardens, Kew."", ""taxonRemarks"": ""Source in seed data: tro Updated namePublishedIn from Ann. Bot. Syst. 6: 650 1861 to Linnaea 20(6): 650. 1847 [Dec 1847] , according to IPNI. Information provided by Alan E. on email Jul. 15 2020. More details could be found in <a href=http://www.theplan"", ""tplId"": ""tro-50028393""}"
Eulophia clitellifer,wfo,0,,,Eulophia clitellifer (Rchb.f.) Bolus,(Rchb.f.) Bolus,Orchidaceae,Lissochilus,clitellifer,species,,,,,wfo-0000229309,,Linnaea 20: 687 (1847),,,unambiguous_accepted,wfo,"{""majorGroup"": ""A"", ""references"": ""https://powo.science.kew.org/taxon/urn:lsid:ipni.org:names:641332-1"", ""source"": ""World Checklist of Vascular Plants. Facilitated by the Royal Botanic Gardens, Kew."", ""taxonRemarks"": ""Source in seed data: wcs Update namepublishedIn from Linnaea 20(6): 687. 1847 [Dec 1847] to Linnaea 20: 687 (1847), information provided by Alan E. on email Jun. 07 2021 More details could be found in <a href=http://www.theplantlist.org/tpl1.1/record/kew"", ""tplId"": ""kew-113905"", ""wfo_nomenclatural_status"": ""Valid""}"
Eulophia dipodiiformis,wcvp,1,Graphorkis dipodiiformis,Graphorkis dipodiiformis [Homotypic; wcvp],Eulophia dipodiiformis Rchb.f.,Rchb.f.,Orchidaceae,Graphorkis,dipodiiformis,Species,,,92343,636344-1,,77540,(1891),Revis. Gen. Pl.,,unambiguous_accepted,wcvp,"{""volume_and_page"": ""2: 662""}"
Eulophia edwardii,wcvp,0,,,Eulophia edwardii Bytebier,Bytebier,Orchidaceae,Eulophia,edwardii,Species,,,3304068,77318678-1,,<NA>,(2023),Pl. Ecol. Evol.,KwaZulu-Natal (near Port Edward),unambiguous_accepted,wcvp,"{""climate_description"": ""subtropical"", ""lifeform_description"": ""tuberous geophyte"", ""volume_and_page"": ""156: 327""}"
Eulophia filicaulis,wcvp,1,Graphorkis filicaulis,Graphorkis filicaulis [Homotypic; wcvp],Eulophia filicaulis Lindl.,Lindl.,Orchidaceae,Graphorkis,filicaulis,Species,,,92351,113298-2,,77590,(1891),Revis. Gen. Pl.,,unambiguous_accepted,wcvp,"{""volume_and_page"": ""2: 662""}"
Eulophia friderici,wcvp,0,,,Eulophia friderici (Rchb.f.) A.V.Hall,(Rchb.f.) A.V.Hall,Orchidaceae,Pacisthos,friderici,Species,,,548807,77234228-1,,113932,(2021),Orchid. W.-Centr. Africa,Tanzania to Mpumalanga,unambiguous_accepted,wcvp,"{""volume_and_page"": ""3: 57""}"
Eulophia macaulayae,wcvp,0,,,Eulophia macaulayae Summerh.,Summerh.,Orchidaceae,Eulophia,macaulayae,Species,,,77740,634740-1,,<NA>,(1927),Bull. Misc. Inform. Kew,Angola to Zambia,unambiguous_accepted,wcvp,"{""climate_description"": ""seasonally dry tropical"", ""lifeform_description"": ""pseudobulbous geophyte"", ""volume_and_page"": ""1927: 416""}"
Eulophia muktangkharensis,wcvp,0,,,"Eulophia muktangkharensis S.Tobgay, Nidup & Dalström","S.Tobgay, Nidup & Dalström",Orchidaceae,Eulophia,muktangkharensis,Species,,,3314264,77340513-1,,<NA>,(2024),"Orchidee, Taxon. Mitt.",Bhutan,unambiguous_accepted,wcvp,"{""climate_description"": ""subtropical"", ""volume_and_page"": ""10: 49""}"
Eulophia renschianus,wfo,1,Ornithochilus renschianus,Ornithochilus renschianus [Unknown; wfo],Eulophia renschianus (Rchb.f.) T.Durand & Schinz,(Rchb.f.) T.Durand & Schinz,Orchidaceae,Ornithochilus,renschianus,species,,,,,wfo-0001088703,,Flora 65: 532 1882,,,unambiguous_accepted,wfo,"{""majorGroup"": ""A"", ""source"": ""World Checklist of Vascular Plants. Facilitated by the Royal Botanic Gardens, Kew."", ""taxonRemarks"": ""Source in seed data: tro More details could be found in <a href=http://www.theplantlist.org/tpl1.1/record/tro-23518076 >The Plant List v.1.1.</a> Originally in <a href=http://www.theplantlist.org/tpl/record/tro-23518076 >The Plant List v.1.0</a>"", ""tplId"": ""tro-23518076""}"
Eulophia spathulifera,wcvp,2,"Eulophidium spathuliferum, Lissochilus spathulifer","Eulophidium spathuliferum [Homotypic; wcvp], Lissochilus spathulifer [Homotypic; wcvp]",Eulophia spathulifera H.Perrier,H.Perrier,Orchidaceae,Lissochilus,spathulifer,Species,,,114052,641482-1,,77948,(1941),Fl. Madagasc.,N. & W. Madagascar,unambiguous_accepted,wcvp,"{""volume_and_page"": ""49(2): 33""}"
Eulophia spatulifera,wfo,2,"Eulophidium spatuliferum, Lissochilus spatulifer","Eulophidium spatuliferum [Unknown; wfo], Lissochilus spatulifer [Unknown; wfo]",Eulophia spatulifera H.Perrier,H.Perrier,Orchidaceae,Lissochilus,spatulifer,species,,,,,wfo-0000229471,,Fl. Madagasc. 49(2): 33 (1941),,,unambiguous_accepted,wfo,"{""majorGroup"": ""A"", ""originalNameUsageID"": ""wfo-0000960268"", ""references"": ""https://powo.science.kew.org/taxon/urn:lsid:ipni.org:names:641482-1"", ""source"": ""World Checklist of Vascular Plants. Facilitated by the Royal Botanic Gardens, Kew."", ""taxonRemarks"": ""Source in seed data: wcs Update namepublishedIn from in Fl. Madag., ed. Humbert Fam. 49, ii. 33 (1941). to Fl. Madagasc. 49(2): 33 (1941), information provided by Alan E. on email Jun. 07 2021 More details could be found in <a href=http://www.theplantlis"", ""tplId"": ""kew-114052"", ""wfo_nomenclatural_status"": ""Valid""}"
Eulophiella rolfei,wcvp,0,,,Eulophiella × rolfei Dupont,Dupont,Orchidaceae,Eulophiella,rolfei,Species,,,78098,77240947-1,,<NA>,(1936),Amer. Orchid Soc. Bull.,,unambiguous_accepted,wcvp,"{""hybrid"": true, ""volume_and_page"": ""4: 73""}"
Eurystyles ananassocomus,wfo,1,Stenoptera ananassacomos,Stenoptera ananassacomos [Unknown; wfo],Eurystyles ananassocomus (Rchb.f.) Schltr.,(Rchb.f.) Schltr.,Orchidaceae,Stenoptera,ananassacomos,species,,,,,wfo-0000316392,,Bot. Zeitung (Berlin) 21: 131. 1863,,,unambiguous_accepted,wfo,"{""majorGroup"": ""A"", ""source"": ""World Checklist of Vascular Plants. Facilitated by the Royal Botanic Gardens, Kew."", ""taxonRemarks"": ""Source in seed data: wcs Updated namepublishedIn from Bot. Zeitung (Berlin) 21: 131 1863 to Bot. Zeitung (Berlin) 21: 131. 1863 , information provided by Alan E. on email Oct. 12 2020 More details could be found in <a href=http://www.theplantlist.org/tpl"", ""tplId"": ""kew-197334""}"
Flickingeria aurieloba,cites_csv,0,,,"Flickingeria aurieloba (J.J.Sm.) J.J.Wood, 1982","(J.J.Sm.) J.J.Wood, 1982",Orchidaceae,Flickingeria,aurieloba,SPECIES,II,,,,,,,,Indonesia,unambiguous_accepted,cites_csv,"{""All_DistributionISOCodes"": ""ID"", ""NativeDistributionFullNames"": ""Indonesia""}"
Galeandra andamanensis,wfo,0,,,Galeandra andamanensis (Rchb.f.) T.Durand & B.D.Jacks.,(Rchb.f.) T.Durand & B.D.Jacks.,Orchidaceae,Galeandra,andamanensis,species,,,,,wfo-0000967755,,Index Kew. Suppl. 1(2): 177. 1902 [1 Dec 1902],,,unambiguous_accepted,wfo,"{""majorGroup"": ""A"", ""source"": ""World Checklist of Vascular Plants. Facilitated by the Royal Botanic Gardens, Kew."", ""taxonRemarks"": ""Source in seed data: wcs Updated scientificnameAuthorship from Rolfe to (Rchb.f.) T.Durand & B.D.Jacks., information provided by Alan E. on email Oct. 12 2020 More details could be found in <a href=http://www.theplantlist.org/tpl1.1/record/kew-85143 >The"", ""tplId"": ""kew-85143"", ""wfo_nomenclatural_status"": ""Valid""}"
Galeandra sobralioides,wcvp,0,,,Galeandra sobralioides Archila & Chiron,Archila & Chiron,Orchidaceae,Galeandra,sobralioides,Species,,,3311465,<NA>,,<NA>,(2012 publ. 2013),Revista Guatemalensis,Mexico (Oaxaca) to N. Guatemala,unambiguous_accepted,wcvp,"{""climate_description"": ""wet tropical"", ""lifeform_description"": ""pseudobulbous epiphyte"", ""volume_and_page"": ""15(2): 12""}"
Gastrochilus armeniacus,wcvp,0,,,"Gastrochilus armeniacus Jun Y.Zhang, Bo Xu & Yue H.Cheng","Jun Y.Zhang, Bo Xu & Yue H.Cheng",Orchidaceae,Gastrochilus,armeniacus,Species,,,3314477,77346228-1,,<NA>,(2023),Pl. Diversity,China (Sichuan),unambiguous_accepted,wcvp,"{""climate_description"": ""subtropical"", ""lifeform_description"": ""epiphyte"", ""volume_and_page"": ""46: 442""}"
Gastrochilus balangshanensis,wcvp,0,,,"Gastrochilus balangshanensis Jun Y.Zhang, Bo Xu & Yue H.Cheng","Jun Y.Zhang, Bo Xu & Yue H.Cheng",Orchidaceae,Gastrochilus,balangshanensis,Species,,,3314802,77349954-1,,<NA>,(2024),PhytoKeys,China (Sichuan),unambiguous_accepted,wcvp,"{""climate_description"": ""subtropical"", ""lifeform_description"": ""epiphyte"", ""volume_and_page"": ""247: 125""}"
Gastrochilus bernhardtianus,wcvp,0,,,Gastrochilus bernhardtianus J.D.Ya & D.Z.Li,J.D.Ya & D.Z.Li,Orchidaceae,Gastrochilus,bernhardtianus,Species,,,3304827,77331175-1,,<NA>,(2023),PhytoKeys,China (Yunnan),unambiguous_accepted,wcvp,"{""climate_description"": ""subtropical"", ""lifeform_description"": ""epiphytic subshrub"", ""volume_and_page"": ""235: 228""}"
Gastrochilus guanwuensis,wcvp,0,,,Gastrochilus guanwuensis S.S.Ying,S.S.Ying,Orchidaceae,Gastrochilus,guanwuensis,Species,,,3304635,77331968-1,,<NA>,(2023),New Taxa New Names,Taiwan,unambiguous_accepted,wcvp,"{""climate_description"": ""subtropical"", ""lifeform_description"": ""epiphytic subshrub"", ""volume_and_page"": ""6: 503""}"
Gastrochilus integrilabellus,wcvp,0,,,Gastrochilus integrilabellus S.S.Ying,S.S.Ying,Orchidaceae,Gastrochilus,integrilabellus,Species,,,3314829,77352262-1,,<NA>,(2024),New Taxa New Names,Taiwan,unambiguous_accepted,wcvp,"{""climate_description"": ""subtropical"", ""lifeform_description"": ""epiphyte"", ""volume_and_page"": ""7: 534""}"
Gastrochilus labrosus,wcvp,0,,,Gastrochilus labrosus Q.Liu & X.H.Jin,Q.Liu & X.H.Jin,Orchidaceae,Gastrochilus,labrosus,Species,,,3304495,77315375-1,,<NA>,(2023),Phytotaxa,China (Yunnan),unambiguous_accepted,wcvp,"{""climate_description"": ""subtropical"", ""lifeform_description"": ""epiphytic subshrub"", ""volume_and_page"": ""585: 218""}"
Gastrochilus lihengiae,wcvp,0,,,"Gastrochilus lihengiae J.D.Ya, Ting Zhang & Z.D.Han","J.D.Ya, Ting Zhang & Z.D.Han",Orchidaceae,Gastrochilus,lihengiae,Species,,,3304838,77331174-1,,<NA>,(2023),PhytoKeys,China (Yunnan),unambiguous_accepted,wcvp,"{""climate_description"": ""subtropical"", ""lifeform_description"": ""epiphytic subshrub"", ""volume_and_page"": ""235: 225""}"
Gastrochilus linzhiensis,wcvp,0,,,"Gastrochilus linzhiensis M.K.Li, Y.Luo & Z.Xing","M.K.Li, Y.Luo & Z.Xing",Orchidaceae,Gastrochilus,linzhiensis,Species,,,3304829,77329024-1,,<NA>,(2023),Taiwania,SE. Tibet,unambiguous_accepted,wcvp,"{""climate_description"": ""subtropical"", ""lifeform_description"": ""epiphytic subshrub"", ""volume_and_page"": ""68: 314""}"
Gastrochilus loshanensis,wcvp,0,,,Gastrochilus loshanensis S.S.Ying,S.S.Ying,Orchidaceae,Gastrochilus,loshanensis,Species,,,3314832,77352260-1,,<NA>,(2024),New Taxa New Names,Taiwan,unambiguous_accepted,wcvp,"{""climate_description"": ""subtropical"", ""lifeform_description"": ""epiphyte"", ""volume_and_page"": ""7: 522""}"
Gastrochilus menglaensis,wcvp,0,,,"Gastrochilus menglaensis Q.Liu, Jian W.Li & X.H.Jin","Q.Liu, Jian W.Li & X.H.Jin",Orchidaceae,Gastrochilus,menglaensis,Species,,,3304751,77315372-1,,<NA>,(2023),Phytotaxa,China (Yunnan) to Laos,unambiguous_accepted,wcvp,"{""climate_description"": ""wet tropical"", ""lifeform_description"": ""epiphytic subshrub"", ""volume_and_page"": ""585: 211""}"
Gastrochilus minjiangensis,wcvp,0,,,"Gastrochilus minjiangensis Jun Y.Zhang, Bo Xu & Yue H.Cheng","Jun Y.Zhang, Bo Xu & Yue H.Cheng",Orchidaceae,Gastrochilus,minjiangensis,Species,,,3314483,77346229-1,,<NA>,(2023),Pl. Diversity,China (Sichuan),unambiguous_accepted,wcvp,"{""climate_description"": ""subtropical"", ""lifeform_description"": ""epiphyte"", ""volume_and_page"": ""46: 444""}"
Gastrochilus obliquus var. obliquus,cites_pdf,0,,,Gastrochilus obliquus var. obliquus,,Orchidaceae,Vanda,obliqua,,,,,,,,,,,unambiguous_accepted,cites_pdf,"{""accepted_genus"": ""Gastrochilus"", ""page"": 508, ""y"": 467.0}"
Gastrochilus pseudodressleri,wcvp,0,,,Gastrochilus pseudodressleri C.Y.Zhou & Ming H.Li,C.Y.Zhou & Ming H.Li,Orchidaceae,Gastrochilus,pseudodressleri,Species,,,3314621,77334513-1,,<NA>,(2024),Phytotaxa,China (Yunnan),unambiguous_accepted,wcvp,"{""climate_description"": ""subtropical"", ""lifeform_description"": ""epiphyte"", ""volume_and_page"": ""634: 74""}"
Gastrochilus rotundifolius,wcvp,0,,,Gastrochilus rotundifolius S.S.Ying,S.S.Ying,Orchidaceae,Gastrochilus,rotundifolius,Species,,,3314830,77352261-1,,<NA>,(2024),New Taxa New Names,Taiwan,unambiguous_accepted,wcvp,"{""climate_description"": ""subtropical"", ""lifeform_description"": ""epiphyte"", ""volume_and_page"": ""7: 528""}"
Gastrochilus shaolinchianus,wcvp,0,,,Gastrochilus shaolinchianus S.S.Ying,S.S.Ying,Orchidaceae,Gastrochilus,shaolinchianus,Species,,,3304610,77331967-1,,<NA>,(2023),New Taxa New Names,Taiwan,unambiguous_accepted,wcvp,"{""climate_description"": ""subtropical"", ""lifeform_description"": ""epiphytic subshrub"", ""volume_and_page"": ""6: 497""}"
Gastrochilus somae,wcvp,1,Saccolabium somae,Saccolabium somae [Homotypic; wcvp],Gastrochilus somae (Hayata) Hayata,(Hayata) Hayata,Orchidaceae,Gastrochilus,somae,Species,,,88776,635495-1,,181619,(1915),Icon. Pl. Formosan.,Taiwan,unambiguous_accepted,wcvp,"{""climate_description"": ""subtropical"", ""lifeform_description"": ""epiphytic subshrub"", ""volume_and_page"": ""4: Add. & Corr.""}"
Gastrochilus somai,wfo,1,Saccolabium somai,Saccolabium somai [Unknown; wfo],Gastrochilus somai (Hayata) Hayata,(Hayata) Hayata,Orchidaceae,Saccolabium,somai,species,,,,,wfo-0000299915,,Icon. Pl. Formosan. 4: 93 (1914),,,unambiguous_accepted,wfo,"{""majorGroup"": ""A"", ""references"": ""https://powo.science.kew.org/taxon/urn:lsid:ipni.org:names:656211-1"", ""source"": ""World Checklist of Vascular Plants. Facilitated by the Royal Botanic Gardens, Kew."", ""taxonRemarks"": ""Source in seed data: wcs Update namepublishedIn from Icon. Pl. Formosan. 4: 93. 1914 [25 Nov 1914] to Icon. Pl. Formosan. 4: 93 (1914), information provided by Alan E. on email Jun. 07 2021 More details could be found in <a href=http://www.theplantlist.o"", ""tplId"": ""kew-181619"", ""wfo_nomenclatural_status"": ""Valid""}"
Gastrochilus tsii,wcvp,0,,,"Gastrochilus tsii Q.Liu, D.P.Ye & X.H.Jin","Q.Liu, D.P.Ye & X.H.Jin",Orchidaceae,Gastrochilus,tsii,Species,,,3304755,77315373-1,,<NA>,(2023),Phytotaxa,"Darjiling, China (Yunnan)",unambiguous_accepted,wcvp,"{""climate_description"": ""subtropical"", ""lifeform_description"": ""epiphytic subshrub"", ""volume_and_page"": ""585: 211""}"
Gastrochilus wenshanensis,wcvp,0,,,"Gastrochilus wenshanensis Q.Liu, D.P.Ye & X.H.Jin","Q.Liu, D.P.Ye & X.H.Jin",Orchidaceae,Gastrochilus,wenshanensis,Species,,,3304758,77315374-1,,<NA>,(2023),Phytotaxa,China (Yunnan),unambiguous_accepted,wcvp,"{""climate_description"": ""subtropical"", ""lifeform_description"": ""epiphytic subshrub"", ""volume_and_page"": ""585: 216""}"
Gastrochilus yehii,wcvp,0,,,"Gastrochilus yehii S.I Hsieh, C.T.Lee & J.H.Wu","S.I Hsieh, C.T.Lee & J.H.Wu",Orchidaceae,Gastrochilus,yehii,Species,,,3304672,77315582-1,,<NA>,(2023),Phytotaxa,Taiwan,unambiguous_accepted,wcvp,"{""climate_description"": ""subtropical"", ""lifeform_description"": ""epiphytic subshrub"", ""volume_and_page"": ""587: 53""}"
Gastrodia bawanglingensis,wcvp,0,,,"Gastrodia bawanglingensis Z.Heng Chen, Z.Yang Zhang & X.Q.Song","Z.Heng Chen, Z.Yang Zhang & X.Q.Song",Orchidaceae,Gastrodia,bawanglingensis,Species,,,3304847,77314677-1,,<NA>,(2023),PhytoKeys,Hainan,unambiguous_accepted,wcvp,"{""climate_description"": ""wet tropical"", ""lifeform_description"": ""holomycotrophic tuberous geophyte"", ""volume_and_page"": ""220: 43""}"
Gastrodia daweishanensis,wcvp,0,,,Gastrodia daweishanensis Ying Qin & Yan Liu,Ying Qin & Yan Liu,Orchidaceae,Gastrodia,daweishanensis,Species,,,3314766,77349506-1,,<NA>,(2024),Taiwania,China (Yunnan),unambiguous_accepted,wcvp,"{""climate_description"": ""subtropical"", ""lifeform_description"": ""holomycotrophic rhizomatous geophyte"", ""volume_and_page"": ""69: 317""}"
Gastrodia indica,wcvp,0,,,Gastrodia indica M.Khanal,M.Khanal,Orchidaceae,Gastrodia,indica,Species,,,3314864,77346809-1,,<NA>,(2024),Phytotaxa,Sikkim,unambiguous_accepted,wcvp,"{""climate_description"": ""subtropical"", ""lifeform_description"": ""holomycotrophic rhizomatous geophyte"", ""volume_and_page"": ""663: 27""}"
Gastrodia munasingheae,wcvp,0,,,"Gastrodia munasingheae Atthan., C.Bandara & Kumar","Atthan., C.Bandara & Kumar",Orchidaceae,Gastrodia,munasingheae,Species,,,3304884,77329384-1,,<NA>,(2023),Phytotaxa,Sri Lanka,unambiguous_accepted,wcvp,"{""climate_description"": ""wet tropical"", ""lifeform_description"": ""holomycotrophic rhizomatous geophyte"", ""volume_and_page"": ""622: 116""}"
Gastrodia pushparaga,wcvp,0,,,"Gastrodia pushparaga Gopallawa, A.Perera & Madola","Gopallawa, A.Perera & Madola",Orchidaceae,Gastrodia,pushparaga,Species,,,3304901,77316218-1,,<NA>,(2023),Phytotaxa,Sri Lanka,unambiguous_accepted,wcvp,"{""climate_description"": ""wet tropical"", ""lifeform_description"": ""holomycotrophic rhizomatous geophyte"", ""volume_and_page"": ""587: 195""}"
Gastrodia sikkimensis,wcvp,0,,,Gastrodia sikkimensis M.Khanal & S.Sarkar,M.Khanal & S.Sarkar,Orchidaceae,Gastrodia,sikkimensis,Species,,,3314572,77335211-1,,<NA>,(2024),Phytotaxa,Sikkim,unambiguous_accepted,wcvp,"{""climate_description"": ""subtropical"", ""lifeform_description"": ""holomycotrophic rhizomatous geophyte"", ""volume_and_page"": ""635: 158""}"
Gastrodia thilakapremae,wcvp,0,,,"Gastrodia thilakapremae Atthan., C.Bandara & Kumar","Atthan., C.Bandara & Kumar",Orchidaceae,Gastrodia,thilakapremae,Species,,,3304890,77329385-1,,<NA>,(2023),Phytotaxa,Sri Lanka,unambiguous_accepted,wcvp,"{""climate_description"": ""wet tropical"", ""lifeform_description"": ""holomycotrophic rhizomatous geophyte"", ""volume_and_page"": ""622: 121""}"
Gavilea littoralis,wfo,2,"Asarca littoralis, Chloraea littoralis","Asarca littoralis [Unknown; wfo], Chloraea littoralis [Unknown; wfo]",Gavilea littoralis (Phil.) M.N.Correa,(Phil.) M.N.Correa,Orchidaceae,Asarca,littoralis,species,,,,,wfo-0000282787,,"Anales Mus. Nac. Santiago de Chile, Sect. II: 18 (1910)",,,unambiguous_accepted,wfo,"{""majorGroup"": ""A"", ""originalNameUsageID"": ""wfo-0000847796"", ""source"": ""World Checklist of Vascular Plants. Facilitated by the Royal Botanic Gardens, Kew."", ""taxonRemarks"": ""Source in seed data: wcs Update namepublishedIn from Anales Mus. Nac. Santiago de Chile Sect. II: 18 1910 to Anales Mus. Nac. Santiago de Chile , Sect. II: 18 (1910), information provided by Alan E. on email Jun. 07 2021 More details could be found in <a"", ""tplId"": ""kew-16510""}"
Geodorum densiﬂorum (Lam.) Schltr.,cites_pdf,0,,,Geodorum densiﬂorum (Lam.) Schltr.,,Orchidaceae,Cymbidium,nutans,,,,,,,,,,,unambiguous_accepted,cites_pdf,"{""accepted_genus"": ""Geodorum"", ""page"": 224, ""y"": 502.9}"
Glomera lanceipetala,wfo,0,,,Glomera lanceipetala J.J.Sm.,J.J.Sm.,Orchidaceae,Glomera,lanceipetala,species,,,,,wfo-0000973754,,"Bull. Jard. Bot. Buitenzorg, sér. 3, 10: 133 (1928)",,,unambiguous_accepted,wfo,"{""majorGroup"": ""A"", ""references"": ""https://powo.science.kew.org/taxon/urn:lsid:ipni.org:names:635727-1"", ""source"": ""World Checklist of Vascular Plants. Facilitated by the Royal Botanic Gardens, Kew."", ""taxonRemarks"": ""Source in seed data: wcs Update namepublishedIn from Bull. Jard. Bot. Buitenzorg ser. 3, 10: 133. 1928 [Dec 1928] to Bull. Jard. Bot. Buitenzorg , sér. 3, 10: 133 (1928), information provided by Alan E. on email Jun. 07 2021 More details could be found"", ""tplId"": ""kew-90931"", ""wfo_nomenclatural_status"": ""Valid""}"
Gomesa blahae,wcvp,1,Coppensia cipoensis,Coppensia cipoensis [Homotypic; wcvp],Gomesa blahae J.M.H.Shaw,J.M.H.Shaw,Orchidaceae,Coppensia,cipoensis,Species,,,540294,77213439-1,,<NA>,(2020),"Orchidee, Taxon. Mitt.",Brazil (Minas Gerais),unambiguous_accepted,wcvp,"{""volume_and_page"": ""6(7): 55""}"
Gomesa meyerae,wcvp,1,Coppensia meyerae,Coppensia meyerae [Homotypic; wcvp],Gomesa meyerae (V.P.Castro & P.Blaha) J.M.H.Shaw,(V.P.Castro & P.Blaha) J.M.H.Shaw,Orchidaceae,Coppensia,meyerae,Species,,,540297,77213442-1,,<NA>,(2020),"Orchidee, Taxon. Mitt.",Brazil (Minas Gerais),unambiguous_accepted,wcvp,"{""volume_and_page"": ""6(7): 57""}"
Gomesa pauciflora,wcvp,1,Gomesa multiflora,Gomesa multiflora [Nomenclatural; wcvp],Gomesa pauciflora Hoffmanns.,Hoffmanns.,Orchidaceae,Gomesa,multiflora,Species,,,495546,77242247-1,,91281,(1844),Verz. Orchid.,,unambiguous_accepted,wcvp,"{""nomenclatural_remarks"": "", nom. superfl."", ""volume_and_page"": "", ed. 3: 66""}"
Gongora antioquiensis,wcvp,0,,,"Gongora antioquiensis Uribe Vélez, Sauleda & Szlach.","Uribe Vélez, Sauleda & Szlach.",Orchidaceae,Gongora,antioquiensis,Species,,,3304616,77325271-1,,<NA>,(2022),New World Orchid. Nomencl. Notes,Colombia,unambiguous_accepted,wcvp,"{""climate_description"": ""wet tropical"", ""lifeform_description"": ""pseudobulbous epiphyte"", ""volume_and_page"": ""114: 1""}"
Gongora araucaensis,wcvp,0,,,"Gongora araucaensis A.Niessen, J.C.Uribe, Sauleda & Szlach.","A.Niessen, J.C.Uribe, Sauleda & Szlach.",Orchidaceae,Gongora,araucaensis,Species,,,3304655,77325778-1,,<NA>,(2023),New World Orchid. Nomencl. Notes,Colombia,unambiguous_accepted,wcvp,"{""climate_description"": ""wet tropical"", ""lifeform_description"": ""pseudobulbous epiphyte"", ""volume_and_page"": ""119: 1""}"
Gongora bota-caucanensis,wcvp,0,,,"Gongora bota-caucanensis Sauleda, Szlach. & Uribe Vélez","Sauleda, Szlach. & Uribe Vélez",Orchidaceae,Gongora,bota-caucanensis,Species,,,3304614,77325273-1,,<NA>,(2022),New World Orchid. Nomencl. Notes,Colombia,unambiguous_accepted,wcvp,"{""climate_description"": ""wet tropical"", ""lifeform_description"": ""pseudobulbous epiphyte"", ""volume_and_page"": ""116: 1""}"
Gongora caucanensis,wcvp,0,,,Gongora caucanensis Sauleda & Uribe Vélez,Sauleda & Uribe Vélez,Orchidaceae,Gongora,caucanensis,Species,,,3304657,77325781-1,,<NA>,(2023),New World Orchid. Nomencl. Notes,Colombia,unambiguous_accepted,wcvp,"{""climate_description"": ""wet tropical"", ""volume_and_page"": ""126: 1""}"
Gongora claudiae,wcvp,0,,,"Gongora claudiae Sauleda, Uribe Vélez & Szlach.","Sauleda, Uribe Vélez & Szlach.",Orchidaceae,Gongora,claudiae,Species,,,3314700,77334642-1,,<NA>,(2023),New World Orchid. Nomencl. Notes,Colombia,unambiguous_accepted,wcvp,"{""climate_description"": ""wet tropical"", ""lifeform_description"": ""pseudobulbous epiphyte"", ""volume_and_page"": ""127: 1""}"
Gongora copanensis,wcvp,0,,,"Gongora × copanensis A.Jiménez, H.Vega, A.Alvarado & E.Mó","A.Jiménez, H.Vega, A.Alvarado & E.Mó",Orchidaceae,Gongora,copanensis,Species,,,3304753,77326817-1,,<NA>,(2023),Lankesteriana,Honduras,unambiguous_accepted,wcvp,"{""climate_description"": ""wet tropical"", ""hybrid"": true, ""lifeform_description"": ""pseudobulbous epiphyte"", ""volume_and_page"": ""23(1): 3""}"
Gongora gloriana,wcvp,0,,,"Gongora gloriana Uribe Vélez, Sauleda & Szlach.","Uribe Vélez, Sauleda & Szlach.",Orchidaceae,Gongora,gloriana,Species,,,3304673,77325266-1,,<NA>,(2022),New World Orchid. Nomencl. Notes,Colombia,unambiguous_accepted,wcvp,"{""climate_description"": ""wet tropical"", ""lifeform_description"": ""pseudobulbous epiphyte"", ""volume_and_page"": ""109: 1""}"
Gongora guaraya,wcvp,0,,,Gongora guaraya G.Gerlach & R.Vásquez,G.Gerlach & R.Vásquez,Orchidaceae,Gongora,guaraya,Species,,,3304844,77314862-1,,<NA>,(2020),Revista Soc. Boliv. Bot.,Bolivia,unambiguous_accepted,wcvp,"{""climate_description"": ""wet tropical"", ""lifeform_description"": ""pseudobulbous epiphyte"", ""volume_and_page"": ""11: 6""}"
Gongora ilensis,wcvp,0,,,Gongora ilensis Whitten & Jenny,Whitten & Jenny,Orchidaceae,Gongora,ilensis,Species,,,91576,301933-2,,<NA>,(1992),Orchidee (Hamburg),Ecuador,unambiguous_accepted,wcvp,"{""climate_description"": ""wet tropical"", ""lifeform_description"": ""pseudobulbous epiphyte"", ""volume_and_page"": ""43: 270""}"
Goodyera alveolatus,wfo,0,,,Goodyera alveolatus Pradhan,Pradhan,Orchidaceae,Goodyera,alveolatus,species,,,,,wfo-0001223607,,Indian Orchids: Guide Identif. & Cult. 2: 691 (1979),,,unambiguous_accepted,wfo,"{""majorGroup"": ""A"", ""references"": ""https://powo.science.kew.org/taxon/urn:lsid:ipni.org:names:636058-1"", ""source"": ""World Checklist of Vascular Plants. Facilitated by the Royal Botanic Gardens, Kew."", ""taxonRemarks"": ""Source in seed data: tro Update namepublishedIn from Indian Orchids: Guide to Identification and Culture 2: 691 1979 to Indian Orchids: Guide Identif. & Cult. 2: 691 (1979), information provided by Alan E. on email Jun. 07 2021 More details could be foun"", ""tplId"": ""tro-50038048"", ""wfo_nomenclatural_status"": ""Valid""}"
Goodyera dominyi,wcvp,1,Dossinimaria dominyi,Dossinimaria dominyi [Homotypic; wcvp],Goodyera × dominyi H.J.Veitch,H.J.Veitch,Orchidaceae,Dossinimaria,dominyi,Species,,,487606,77239977-1,,91802,(1888),"J. Linn. Soc., Bot.",,unambiguous_accepted,wcvp,"{""hybrid"": true, ""volume_and_page"": ""24: 170""}"
Goodyera kazumae,wcvp,0,,,Goodyera × kazumae Suetsugu,Suetsugu,Orchidaceae,Goodyera,kazumae,Species,,,3314767,77349505-1,,<NA>,(2024),Taiwania,Japan (Hokkaido),unambiguous_accepted,wcvp,"{""climate_description"": ""temperate"", ""hybrid"": true, ""lifeform_description"": ""rhizomatous geophyte"", ""volume_and_page"": ""69: 314""}"
Goodyera rollissonii,wcvp,1,Macodes rollissonii,Macodes rollissonii [Homotypic; wcvp],Goodyera rollissonii Anon.,Anon.,Orchidaceae,Macodes,rollissonii,Species,,,116902,642006-1,,91910,(1899),Orchid Rev.,,unambiguous_accepted,wcvp,"{""volume_and_page"": ""7: 55""}"
Goodyera seikomontana,cites_csv,0,,,"Goodyera seikomontana Yamam., 1932","Yamam., 1932",Orchidaceae,Goodyera,seikomontana,SPECIES,II,,,,,,,,"China,Taiwan, Province of China",unambiguous_accepted,cites_csv,"{""All_DistributionISOCodes"": ""CN,TW"", ""NativeDistributionFullNames"": ""China,Taiwan, Province of China""}"
Goodyera suprinii,wcvp,0,,,Goodyera suprinii M.Pignal,M.Pignal,Orchidaceae,Goodyera,suprinii,Species,,,3310036,77307795-1,,<NA>,(2023),Adansonia,WNW. New Caledonia,unambiguous_accepted,wcvp,"{""climate_description"": ""subtropical"", ""lifeform_description"": ""rhizomatous geophyte"", ""volume_and_page"": "", sér. 3, 45: 312""}"
Goodyera umbonata,wcvp,0,,,"Goodyera umbonata Aver., V.C.Nguyen & Ormerod","Aver., V.C.Nguyen & Ormerod",Orchidaceae,Goodyera,umbonata,Species,,,3304631,77328651-1,,<NA>,(2023),Phytotaxa,Vietnam,unambiguous_accepted,wcvp,"{""climate_description"": ""subtropical"", ""lifeform_description"": ""rhizomatous geophyte"", ""volume_and_page"": ""619: 257""}"
Grammatophyllum stapeliiﬂorum (Teijsm. & Binn.) J.J.Sm.,cites_pdf,1,Cymbidium stapeliiﬂorum Teijsm. & Binn.,Cymbidium stapeliiﬂorum Teijsm. & Binn. [Unknown; cites_pdf],Grammatophyllum stapeliiﬂorum (Teijsm. & Binn.) J.J.Sm.,,Orchidaceae,Cymbidium,huttonii,,,,,,,,,,,unambiguous_accepted,cites_pdf,"{""accepted_genus"": ""Grammatophyllum"", ""page"": 222, ""y"": 216.0}"
Guarechea sedenii,wcvp,0,,,× Guarechea sedenii Molinari & Sánchez Och.,Molinari & Sánchez Och.,Orchidaceae,Guarechea,sedenii,Species,,,522793,60471928-2,,<NA>,(2016),Weberbauerella,,unambiguous_accepted,wcvp,"{""hybrid"": true, ""volume_and_page"": ""1(14): 4""}"
Guarianthe x,cites_pdf,1,Cattleya skinneri var. parviﬂora,Cattleya skinneri var. parviﬂora [Unknown; cites_pdf],Guarianthe x laelioides (Lem.) Van den Berg,laelioides (Lem.) Van den Berg,Orchidaceae,Cattleya,x,,,,,,,,,,,unambiguous_accepted,cites_pdf,"{""accepted_genus"": ""Guarianthe"", ""page"": 174, ""y"": 335.5}"
Guaridendrum lesueuri,wcvp,1,Epicattleya lesueuri,Epicattleya lesueuri [Homotypic; wcvp],× Guaridendrum lesueuri (Rolfe & Hurst) Molinari & Sánchez Och.,(Rolfe & Hurst) Molinari & Sánchez Och.,Orchidaceae,Guaridendrum,lesueuri,Species,,,522786,60471940-2,,519915,(2016),Weberbauerella,,unambiguous_accepted,wcvp,"{""hybrid"": true, ""volume_and_page"": ""1(14): 5""}"
Guaridendrum matutinum,wcvp,1,Epicattleya matutina,Epicattleya matutina [Homotypic; wcvp],× Guaridendrum matutinum (Mast.) Molinari & Sánchez Och.,(Mast.) Molinari & Sánchez Och.,Orchidaceae,Guaridendrum,matutinum,Species,,,522791,60471942-2,,519909,(2016),Weberbauerella,,unambiguous_accepted,wcvp,"{""hybrid"": true, ""volume_and_page"": ""1(14): 5""}"
Guaridendrum obrieniae,wcvp,1,Epicattleya obrieniae,Epicattleya obrieniae [Homotypic; wcvp],× Guaridendrum obrieniae (Rolfe & Hurst) Molinari & Sánchez Och.,(Rolfe & Hurst) Molinari & Sánchez Och.,Orchidaceae,Guaridendrum,obrieniae,Species,,,522794,60471944-2,,519914,(2016),Weberbauerella,,unambiguous_accepted,wcvp,"{""hybrid"": true, ""volume_and_page"": ""1(14): 5""}"
Gunnarella carinatus,wfo,0,,,Gunnarella carinatus (J.J.Sm.) Senghas,(J.J.Sm.) Senghas,Orchidaceae,Gunnarella,carinatus,species,,,,,wfo-0001223480,,Orchidee (Hamburg) 39: 73 (1988),,,unambiguous_accepted,wfo,"{""majorGroup"": ""A"", ""originalNameUsageID"": ""wfo-0000836961"", ""references"": ""https://powo.science.kew.org/taxon/urn:lsid:ipni.org:names:945226-1"", ""source"": ""World Checklist of Vascular Plants. Facilitated by the Royal Botanic Gardens, Kew."", ""taxonRemarks"": ""Source in seed data: tro Update namepublishedIn from Orchidee (Hamburg) 39(2): 73. 1988 to Orchidee (Hamburg) 39: 73 (1988), information provided by Alan E. on email Jun. 07 2021 More details could be found in <a href=http://www.theplantlist.org/tpl1.1/r"", ""tplId"": ""tro-50035435"", ""wfo_nomenclatural_status"": ""Valid""}"
Gunnarella neocaledonicus,wfo,0,,,Gunnarella neocaledonicus (Rendle) Senghas,(Rendle) Senghas,Orchidaceae,Gunnarella,neocaledonicus,species,,,,,wfo-0001223491,,Orchidee (Hamburg) 39: 73 (1988),,,unambiguous_accepted,wfo,"{""majorGroup"": ""A"", ""originalNameUsageID"": ""wfo-0000303578"", ""references"": ""https://powo.science.kew.org/taxon/urn:lsid:ipni.org:names:945229-1"", ""source"": ""World Checklist of Vascular Plants. Facilitated by the Royal Botanic Gardens, Kew."", ""taxonRemarks"": ""Source in seed data: tro Update namepublishedIn from Orchidee (Hamburg) 39(2): 73. 1988 to Orchidee (Hamburg) 39: 73 (1988), information provided by Alan E. on email Jun. 07 2021 More details could be found in <a href=http://www.theplantlist.org/tpl1.1/r"", ""tplId"": ""tro-50035663"", ""wfo_nomenclatural_status"": ""Valid""}"
Gymnadenia dulnigiana,wcvp,1,Nigritella dulnigiana,Nigritella dulnigiana [Homotypic; wcvp],Gymnadenia dulnigiana (W.Foelsche) O.Gerbaud & W.Foelsche,(W.Foelsche) O.Gerbaud & W.Foelsche,Orchidaceae,Nigritella,dulnigiana,Species,,,3316755,77345719-1,,<NA>,(2024),Ber. Arbeitskreis. Heimische Orchid.,Austria,unambiguous_accepted,wcvp,"{""volume_and_page"": ""40(2): 118""}"
Gymnadenia sulzeri,wcvp,1,Nigritella sulzeri,Nigritella sulzeri [Homotypic; wcvp],Gymnadenia sulzeri (W.Foelsche) O.Gerbaud & W.Foelsche,(W.Foelsche) O.Gerbaud & W.Foelsche,Orchidaceae,Nigritella,sulzeri,Species,,,3316756,77345718-1,,<NA>,(2024),Ber. Arbeitskreis. Heimische Orchid.,Austria,unambiguous_accepted,wcvp,"{""volume_and_page"": ""40(2): 111""}"
Gymnadenia winkeliana,wcvp,0,,,"Gymnadenia winkeliana Anghelescu, L.Balogh, Mih.Balogh & Kigyossy","Anghelescu, L.Balogh, Mih.Balogh & Kigyossy",Orchidaceae,Gymnadenia,winkeliana,Species,,,3314673,77342256-1,,<NA>,(2024),Plants [Basel],Romania,unambiguous_accepted,wcvp,"{""climate_description"": ""subalpine or subarctic"", ""lifeform_description"": ""tuberous geophyte"", ""volume_and_page"": ""13(10)-1363: 38""}"
Habenaria abscondita,wcvp,0,,,Habenaria abscondita J.A.N.Bat. & Cruz-Lustre,J.A.N.Bat. & Cruz-Lustre,Orchidaceae,Habenaria,abscondita,Species,,,3305163,77315204-1,,<NA>,(2022),Syst. Biodivers.,Brazil (Bahia),unambiguous_accepted,wcvp,"{""climate_description"": ""seasonally dry tropical"", ""volume_and_page"": ""20(1)-2030424: 13""}"
Habenaria baeuerlenii,cites_csv,0,,,"Habenaria baeuerlenii F.Muell. & Kraenzl., 1893","F.Muell. & Kraenzl., 1893",Orchidaceae,Habenaria,baeuerlenii,SPECIES,II,,,,,,,,Indonesia,unambiguous_accepted,cites_csv,"{""All_DistributionISOCodes"": ""ID"", ""NativeDistributionFullNames"": ""Indonesia""}"
Habenaria bonaccordensis,wcvp,1,Odisha bonaccordensis,Odisha bonaccordensis [Homotypic; wcvp],"Habenaria bonaccordensis (K.Prasad, Jalal & Agrawala) R.Kr.Singh, Ch.S.Reddy & Sanjeet Kumar","(K.Prasad, Jalal & Agrawala) R.Kr.Singh, Ch.S.Reddy & Sanjeet Kumar",Orchidaceae,Habenaria,bonaccordensis,Species,,,3304971,77328836-1,,3293891,(2023),J. Biodivers. Conservation,India (Kerala),unambiguous_accepted,wcvp,"{""climate_description"": ""seasonally dry tropical"", ""lifeform_description"": ""tuberous geophyte"", ""volume_and_page"": ""7(4)-16: 17""}"
Habenaria bougainvillae,wfo,0,,,Habenaria bougainvillae Renz,Renz,Orchidaceae,Habenaria,bougainvillae,species,,,,,wfo-0000977244,,Pl. Syst. Evol. 155: 326 (1987),,,unambiguous_accepted,wfo,"{""majorGroup"": ""A"", ""references"": ""https://powo.science.kew.org/taxon/urn:lsid:ipni.org:names:932005-1"", ""source"": ""World Checklist of Vascular Plants. Facilitated by the Royal Botanic Gardens, Kew."", ""taxonRemarks"": ""Source in seed data: wcs Update namepublishedIn from Pl. Syst. Evol. 155(1-4): 326. 1987 to Pl. Syst. Evol. 155: 326 (1987), information provided by Alan E. on email Jun. 07 2021 More details could be found in <a href=http://www.theplantlist.org/tpl1.1/r"", ""tplId"": ""kew-94292"", ""wfo_nomenclatural_status"": ""Valid""}"
Habenaria brasiliensis,wcvp,0,,,Habenaria brasiliensis R.Kr.Singh & Sanjeet Kumar,R.Kr.Singh & Sanjeet Kumar,Orchidaceae,Habenaria,gracilis,Species,,,94718,637326-1,,<NA>,(1835),Gen. Sp. Orchid. Pl.,SE. Brazil,unambiguous_accepted,wcvp,"{""climate_description"": ""seasonally dry tropical"", ""lifeform_description"": ""tuberous geophyte"", ""nomenclatural_remarks"": "", nom. illeg."", ""volume_and_page"": "": 312""}"
Habenaria correllii,wfo,0,,,Habenaria correllii Cronquist,Cronquist,Orchidaceae,Habenaria,correllii,species,,,,,wfo-0001088671,,"Man. Vasc. Pl. NorthE. U.S. Canad. ed. 2, 864. 1991",,,unambiguous_accepted,wfo,"{""majorGroup"": ""A"", ""source"": ""World Checklist of Vascular Plants. Facilitated by the Royal Botanic Gardens, Kew."", ""taxonRemarks"": ""Source in seed data: tro Updated namePublishedIn from Man. Vasc. Pl. N.E. U.S. (ed. 2) 864, 865: 1991 to Man. Vasc. Pl. NorthE. U.S. Canad. ed. 2, 864. 1991 , according to IPNI. Information provided by Alan E. on email Jul. 15 2020. More details could be"", ""tplId"": ""tro-23516729"", ""wfo_nomenclatural_status"": ""Valid""}"
Habenaria dilatatiformis,wcvp,1,Limnorchis dilatatiformis,Limnorchis dilatatiformis [Homotypic; wcvp],Habenaria dilatatiformis Rydb.,Rydb.,Orchidaceae,Limnorchis,dilatatiformis,Species,,,112340,287960-2,,94522,(1900),Mem. New York Bot. Gard.,,unambiguous_accepted,wcvp,"{""volume_and_page"": ""1: 105""}"
Habenaria ferdinandii,wfo,0,,,Habenaria ferdinandii Schltr.,Schltr.,Orchidaceae,Habenaria,ferdinandii,species,,,,,wfo-0000977608,,Repert. Spec. Nov. Regni Veg. 10: 249 (1911),,,unambiguous_accepted,wfo,"{""majorGroup"": ""A"", ""originalNameUsageID"": ""wfo-0000978205"", ""source"": ""World Checklist of Vascular Plants. Facilitated by the Royal Botanic Gardens, Kew."", ""taxonRemarks"": ""Source in seed data: wcs Update namepublishedIn from Repert. Spec. Nov. Regni Veg. 10: 249 1911 to Repert. Spec. Nov. Regni Veg. 10: 249 (1911), information provided by Alan E. on email Jun. 07 2021 More details could be found in <a href=http://www.thepl"", ""tplId"": ""kew-94623"", ""wfo_nomenclatural_status"": ""Valid""}"
Habenaria guillemini,wfo,0,,,Habenaria guillemini Rchb.f.,Rchb.f.,Orchidaceae,Habenaria,guillemini,species,,,,,wfo-0000977737,,Linnaea 19: 375 (1846),,,unambiguous_accepted,wfo,"{""majorGroup"": ""A"", ""references"": ""https://powo.science.kew.org/taxon/urn:lsid:ipni.org:names:637347-1"", ""source"": ""World Checklist of Vascular Plants. Facilitated by the Royal Botanic Gardens, Kew."", ""taxonRemarks"": ""Source in seed data: wcs Update namepublishedIn from Linnaea 19(3): 375. 1846 [Jul 1846] to Linnaea 19: 375 (1846), information provided by Alan E. on email Jun. 07 2021 More details could be found in <a href=http://www.theplantlist.org/tpl1.1/record/kew"", ""tplId"": ""kew-94742"", ""wfo_nomenclatural_status"": ""Valid""}"
Habenaria hermannjosef-rothii,wcvp,0,,,"Habenaria hermannjosef-rothii Eb.Fisch., Killmann, Leh, Lebel & Delep.","Eb.Fisch., Killmann, Leh, Lebel & Delep.",Orchidaceae,Habenaria,hermannjosef-rothii,Species,,,538709,77209200-1,,<NA>,(2020),"Orchidee, Taxon. Mitt.",Rwanda,unambiguous_accepted,wcvp,"{""climate_description"": ""seasonally dry tropical"", ""lifeform_description"": ""tuberous geophyte"", ""volume_and_page"": ""6(3): 22""}"
Habenaria hermannjosefrothii,wfo,0,,,"Habenaria hermannjosefrothii Eb.Fisch., Killmann, Leh, Lebel & Delep.","Eb.Fisch., Killmann, Leh, Lebel & Delep.",Orchidaceae,Habenaria,hermannjosefrothii,species,,,,,wfo-1000022794,,"Orchidee, Taxon. Mitt. 6(3): 22 (2020)",,,unambiguous_accepted,wfo,"{""majorGroup"": ""A"", ""references"": ""https://powo.science.kew.org/taxon/urn:lsid:ipni.org:names:77209200-1"", ""source"": ""World Checklist of Vascular Plants. Facilitated by the Royal Botanic Gardens, Kew."", ""wfo_nomenclatural_status"": ""Valid""}"
Habenaria incisa,wcvp,1,Platanthera incisa,Platanthera incisa [Homotypic; wcvp],Habenaria incisa Spreng.,Spreng.,Orchidaceae,Platanthera,incisa,Species,,,157206,651786-1,,94844,(1835),Gen. Sp. Orchid. Pl.,,unambiguous_accepted,wcvp,"{""volume_and_page"": "": 293""}"
Habenaria jacobi,wfo,0,,,Habenaria jacobi Summerh.,Summerh.,Orchidaceae,Habenaria,jacobi,species,,,,,wfo-0000977878,,Bull. Misc. Inform. Kew 1935: 196 (1935),,,unambiguous_accepted,wfo,"{""majorGroup"": ""A"", ""references"": ""https://powo.science.kew.org/taxon/urn:lsid:ipni.org:names:637462-1"", ""source"": ""World Checklist of Vascular Plants. Facilitated by the Royal Botanic Gardens, Kew."", ""taxonRemarks"": ""Source in seed data: wcs Update namepublishedIn from Bull. Misc. Inform. Kew 1935(4): 196. [24 Jun 1935] to Bull. Misc. Inform. Kew 1935: 196 (1935), information provided by Alan E. on email Jun. 07 2021 More details could be found in <a href=http://www."", ""tplId"": ""kew-94871"", ""wfo_nomenclatural_status"": ""Valid""}"
Habenaria juruenersis,wfo,0,,,Habenaria juruenersis Hoehne,Hoehne,Orchidaceae,Habenaria,juruenersis,species,,,,,wfo-0001221785,,Relat. Commiss. Linhas Telegr. Estratég. Matto Grosso Amazonas 5: 32 (1915),,,unambiguous_accepted,wfo,"{""majorGroup"": ""A"", ""references"": ""https://powo.science.kew.org/taxon/urn:lsid:ipni.org:names:116436-2"", ""source"": ""World Checklist of Vascular Plants. Facilitated by the Royal Botanic Gardens, Kew."", ""taxonRemarks"": ""Source in seed data: tro Update namepublishedIn from Comm. Lin. Telegr., Bot. 5: 32, t. 85 1915 to Relat. Commiss. Linhas Telegr. Estratég. Matto Grosso Amazonas 5: 32 (1915), information provided by Alan E. on email Jun. 07 2021 More details could be f"", ""tplId"": ""tro-50011613"", ""wfo_nomenclatural_status"": ""Valid""}"
Habenaria lecardi,wfo,0,,,Habenaria lecardi Kraenzl.,Kraenzl.,Orchidaceae,Habenaria,lecardi,species,,,,,wfo-0000977964,,Bot. Jahrb. Syst. 16: 150 (1892),,,unambiguous_accepted,wfo,"{""majorGroup"": ""A"", ""references"": ""https://powo.science.kew.org/taxon/urn:lsid:ipni.org:names:637539-1"", ""source"": ""World Checklist of Vascular Plants. Facilitated by the Royal Botanic Gardens, Kew."", ""taxonRemarks"": ""Source in seed data: wcs Update namepublishedIn from Bot. Jahrb. Syst. 16(2): 150. 1892 [2 Aug 1892] to Bot. Jahrb. Syst. 16: 150 (1892), information provided by Alan E. on email Jun. 07 2021 More details could be found in <a href=http://www.theplantlist"", ""tplId"": ""kew-94950"", ""wfo_nomenclatural_status"": ""Valid""}"
Habenaria lefeburiana,wfo,2,"Herminium lefebreanum, Montolivaea lefebvreana","Herminium lefebreanum [Unknown; wfo], Montolivaea lefebvreana [Unknown; wfo]",Habenaria lefeburiana (A.Rich.) T.Durand & Schinz,(A.Rich.) T.Durand & Schinz,Orchidaceae,Peristylus,lefebureanus,species,,,,,wfo-0000267463,,"Ann. Sci. Nat., Bot., sér. 2, 14: 266 (1840)",,,unambiguous_accepted,wfo,"{""majorGroup"": ""A"", ""references"": ""https://powo.science.kew.org/taxon/urn:lsid:ipni.org:names:650237-1"", ""source"": ""World Checklist of Vascular Plants. Facilitated by the Royal Botanic Gardens, Kew."", ""taxonRemarks"": ""Source in seed data: wcs Updated namepublishedIn from Ann. Sci. Nat., Bot. II, 14: 266 1840 to Ann. Sci. Nat., Bot. sér. 2, 14: 266. 1840 , information provided by Alan E. on email Oct. 12 2020 More details could be found in <a href=http://www.theplantl"", ""tplId"": ""kew-150475"", ""wfo_nomenclatural_status"": ""Valid""}"
Habenaria masoniana,wcvp,0,,,Habenaria masoniana King & Pantl.,King & Pantl.,Orchidaceae,Habenaria,masoniana,Species,,,95095,637663-1,,<NA>,(1897),"J. Asiat. Soc. Bengal, Pt. 2, Nat. Hist.",E. Myanmar,unambiguous_accepted,wcvp,"{""climate_description"": ""wet tropical"", ""lifeform_description"": ""tuberous geophyte"", ""volume_and_page"": ""66: 601""}"
Habenaria minuticalcar,wcvp,0,,,Habenaria minuticalcar J.A.N.Bat. & Bianch.,J.A.N.Bat. & Bianch.,Orchidaceae,Habenaria,minuticalcar,Species,,,3305389,77325126-1,,<NA>,(2023),Eur. J. Taxon.,Brazil (Goiás),unambiguous_accepted,wcvp,"{""climate_description"": ""seasonally dry tropical"", ""lifeform_description"": ""tuberous geophyte"", ""volume_and_page"": ""891: 60""}"
Habenaria monorhiza,wfo,0,,,Habenaria monorhiza (Sw.) Rchb.f.,(Sw.) Rchb.f.,Orchidaceae,Orchis,monorrhiza,species,,,,,wfo-0000259664,,Prodr. Veg. Ind. Occ. : 118 (1788),,,unambiguous_accepted,wfo,"{""majorGroup"": ""A"", ""references"": ""https://powo.science.kew.org/taxon/urn:lsid:ipni.org:names:648886-1"", ""source"": ""World Checklist of Vascular Plants. Facilitated by the Royal Botanic Gardens, Kew."", ""taxonRemarks"": ""Source in seed data: wcs Update namepublishedIn from Prodr. [O. P. Swartz] 118. 1788 [20 Jun-29 Jul 1788] to Prodr. Veg. Ind. Occ. : 118 (1788), information provided by Alan E. on email Jun. 07 2021 More details could be found in <a href=http://www.thepl"", ""tplId"": ""kew-142914"", ""wfo_nomenclatural_status"": ""Valid""}"
Habenaria novaehiberniae,cites_csv,0,,,"Habenaria novaehiberniae Schltr., 1905","Schltr., 1905",Orchidaceae,Habenaria,novaehiberniae,SPECIES,II,,,,,,,,"Papua New Guinea,Solomon Islands,Vanuatu",unambiguous_accepted,cites_csv,"{""All_DistributionISOCodes"": ""PG,SB,VU"", ""NativeDistributionFullNames"": ""Papua New Guinea,Solomon Islands,Vanuatu""}"
Habenaria proiteana,wcvp,0,,,"Habenaria proiteana J.A.N.Bat., A.A.Vale & Bianch.","J.A.N.Bat., A.A.Vale & Bianch.",Orchidaceae,Habenaria,proiteana,Species,,,3305390,77325125-1,,<NA>,(2023),Eur. J. Taxon.,Brazil (Goiás),unambiguous_accepted,wcvp,"{""climate_description"": ""seasonally dry tropical"", ""lifeform_description"": ""tuberous geophyte"", ""volume_and_page"": ""891: 65""}"
Habenaria qinghaiensis,wcvp,0,,,Habenaria qinghaiensis X.H.Jin & C.B.Ma,X.H.Jin & C.B.Ma,Orchidaceae,Habenaria,qinghaiensis,Species,,,3305056,77313876-1,,<NA>,(2023),Phytotaxa,Qinghai,unambiguous_accepted,wcvp,"{""climate_description"": ""temperate"", ""lifeform_description"": ""tuberous geophyte"", ""volume_and_page"": ""583: 262""}"
Habenaria rzedoswkiana,wfo,0,,,Habenaria rzedoswkiana R.González,R.González,Orchidaceae,Habenaria,rzedoswkiana,species,,,,,wfo-0000978597,,"Orquidea (Mexico City), n.s., 7: 132 (1978)",,,unambiguous_accepted,wfo,"{""majorGroup"": ""A"", ""source"": ""World Checklist of Vascular Plants. Facilitated by the Royal Botanic Gardens, Kew."", ""taxonRemarks"": ""Source in seed data: wcs Update namepublishedIn from Orquidea (Mexico City) 7(2): 132. 1978 to Orquidea (Mexico City) , n.s., 7: 132 (1978), information provided by Alan E. on email Jun. 07 2021 More details could be found in <a href=http://www.theplantl"", ""tplId"": ""kew-95539"", ""wfo_nomenclatural_status"": ""Valid""}"
Habenaria similaris,wfo,0,,,Habenaria similaris Dressler,Dressler,Orchidaceae,Habenaria,similaris,species,,,,,wfo-0001280720,,,,,unambiguous_accepted,wfo,"{""majorGroup"": ""A"", ""source"": ""World Checklist of Vascular Plants. Facilitated by the Royal Botanic Gardens, Kew."", ""taxonRemarks"": ""Source in seed data: tro More details could be found in <a href=http://www.theplantlist.org/tpl1.1/record/tro-50309581 >The Plant List v.1.1.</a> Originally in <a href=http://www.theplantlist.org/tpl/record/tro-50309581 >The Plant List v.1.0</a>"", ""tplId"": ""tro-50309581"", ""wfo_nomenclatural_status"": ""Valid""}"
Habenaria spatulaefolia,wfo,0,,,Habenaria spatulaefolia C.S.P.Parish & Rchb.f.,C.S.P.Parish & Rchb.f.,Orchidaceae,Habenaria,spatulaefolia,species,,,,,wfo-0000978689,,Trans. Linn. Soc. London 30: 140 (1874),,,unambiguous_accepted,wfo,"{""majorGroup"": ""A"", ""references"": ""https://powo.science.kew.org/taxon/urn:lsid:ipni.org:names:638148-1"", ""source"": ""World Checklist of Vascular Plants. Facilitated by the Royal Botanic Gardens, Kew."", ""taxonRemarks"": ""Source in seed data: wcs Update namepublishedIn from Trans. Linn. Soc. London 30(1): 140. 1874 [4 Jul 1874] to Trans. Linn. Soc. London 30: 140 (1874), information provided by Alan E. on email Jun. 07 2021 More details could be found in <a href=http://ww"", ""tplId"": ""kew-95624"", ""wfo_nomenclatural_status"": ""Valid""}"
Habenaria theodorii,wfo,0,,,Habenaria theodorii Schltr.,Schltr.,Orchidaceae,Habenaria,theodorii,species,,,,,wfo-0000978801,,Repert. Spec. Nov. Regni Veg. Beih. 10: 33 (1922),,,unambiguous_accepted,wfo,"{""majorGroup"": ""A"", ""references"": ""https://powo.science.kew.org/taxon/urn:lsid:ipni.org:names:116617-2"", ""source"": ""World Checklist of Vascular Plants. Facilitated by the Royal Botanic Gardens, Kew."", ""taxonRemarks"": ""Source in seed data: wcs Update namepublishedIn from Repert. Spec. Nov. Regni Veg. Beih. 10: 33 1922 to Repert. Spec. Nov. Regni Veg. Beih. 10: 33 (1922), information provided by Alan E. on email Jun. 07 2021 More details could be found in <a href=http:/"", ""tplId"": ""kew-95728"", ""wfo_nomenclatural_status"": ""Valid""}"
Habenaria tiechangensis,wcvp,0,,,Habenaria tiechangensis X.H.Jin & D.L.Lin,X.H.Jin & D.L.Lin,Orchidaceae,Habenaria,tiechangensis,Species,,,3315089,77340987-1,,<NA>,(2024),Phytotaxa,China (Yunnan),unambiguous_accepted,wcvp,"{""climate_description"": ""subtropical"", ""lifeform_description"": ""tuberous geophyte"", ""volume_and_page"": ""646: 68""}"
Habenaria yuana,wfo,0,,,Habenaria yuana Tang & F.T.Wang,Tang & F.T.Wang,Orchidaceae,Habenaria,yuana,species,,,,,wfo-0000978967,,"Bull. Fan Mem. Inst. Biol., Bot. 7: 135 (1936)",,,unambiguous_accepted,wfo,"{""majorGroup"": ""A"", ""references"": ""https://powo.science.kew.org/taxon/urn:lsid:ipni.org:names:638384-1"", ""source"": ""World Checklist of Vascular Plants. Facilitated by the Royal Botanic Gardens, Kew."", ""taxonRemarks"": ""Source in seed data: wcs Update namepublishedIn from Bull. Fan Mem. Inst. Biol. Bot. 7: 135. 1936 to Bull. Fan Mem. Inst. Biol. , Bot. 7: 135 (1936), information provided by Alan E. on email Jun. 07 2021 More details could be found in <a href=http://www."", ""tplId"": ""kew-95879"", ""wfo_nomenclatural_status"": ""Valid""}"
Habenariorchis viridimaculata,wcvp,0,,,× Habenariorchis viridimaculata Rolfe,Rolfe,Orchidaceae,Habenariorchis,viridimaculata,Species,,,95890,636774-1,,<NA>,(1892),Ann. Bot. (Oxford),,unambiguous_accepted,wcvp,"{""hybrid"": true, ""volume_and_page"": ""6: 325""}"
Hapalorchis panduratus,wfo,0,,,Hapalorchis panduratus Szlach.,Szlach.,Orchidaceae,Hapalorchis,panduratus,species,,,,,wfo-0001033515,,"Orchidee (Hamburg), Suppl. 3: 36 (1996)",,,unambiguous_accepted,wfo,"{""majorGroup"": ""A"", ""source"": ""World Checklist of Vascular Plants. Facilitated by the Royal Botanic Gardens, Kew."", ""taxonRemarks"": ""Source in seed data: tro Update namepublishedIn from Orchidee (Hamburg) Suppl. 3: 36 1996 to Orchidee (Hamburg) , Suppl. 3: 36 (1996), information provided by Alan E. on email Jun. 07 2021 More details could be found in <a href=http://www.theplantlist.or"", ""tplId"": ""tro-100200662"", ""wfo_nomenclatural_status"": ""Valid""}"
Hapalorchis pumilus,wfo,0,,,Hapalorchis pumilus (C.Schweinf.) Garay,(C.Schweinf.) Garay,Orchidaceae,Hapalorchis,pumilus,species,,,,,wfo-0001088342,,Fl. Ecuador 9(225: 1): 246 (1978),,,unambiguous_accepted,wfo,"{""majorGroup"": ""A"", ""originalNameUsageID"": ""wfo-0000313396"", ""references"": ""https://powo.science.kew.org/taxon/urn:lsid:ipni.org:names:638420-1"", ""source"": ""World Checklist of Vascular Plants. Facilitated by the Royal Botanic Gardens, Kew."", ""taxonRemarks"": ""Source in seed data: tro Update namepublishedIn from Fl. Ecuador 9: 246 1978 to Fl. Ecuador 9(225: 1): 246 (1978), information provided by Alan E. on email Jun. 07 2021 More details could be found in <a href=http://www.theplantlist.org/tpl1.1/record/tro-"", ""tplId"": ""tro-23508228"", ""wfo_nomenclatural_status"": ""Valid""}"
Haplochilus parviflorus,wcvp,2,"Monochilus parviflorus, Zeuxine parviflora","Monochilus parviflorus [Homotypic; wcvp], Zeuxine parviflora [Homotypic; wcvp]",Haplochilus parviflorus Blume,Blume,Orchidaceae,Monochilus,parviflorus,Species,,,129468,644885-1,,96236,(1859),Fl. Ned. Ind.,,unambiguous_accepted,wcvp,"{""volume_and_page"": ""3: 724""}"
Hemipilia gongshanensis,wcvp,1,Ponerorchis gongshanensis,Ponerorchis gongshanensis [Homotypic; wcvp],"Hemipilia gongshanensis (X.H.Jin, Schuit. & D.L.Lin) R.Kr.Singh & Sanjeet Kumar","(X.H.Jin, Schuit. & D.L.Lin) R.Kr.Singh & Sanjeet Kumar",Orchidaceae,Ponerorchis,gongshanensis,Species,,,3294638,77297562-1,,<NA>,(2021),Pl. Diversity,China (Yunnan),unambiguous_accepted,wcvp,"{""volume_and_page"": ""43: 398""}"
Hemipilia joo-iokiana,wcvp,0,,,"Hemipilia joo-iokiana (Makino) Y.Tang, H.Peng & T.Yukawa","(Makino) Y.Tang, H.Peng & T.Yukawa",Orchidaceae,Ponerorchis,pauciflora,Variety,,,495528,77289092-1,,142700,(1936),Acta Phytotax. Geobot.,"N. Korea, Japan (C. Honshu)",unambiguous_accepted,wcvp,"{""volume_and_page"": ""5: 145""}"
Hemipilia jooiokiana,wfo,0,,,"Hemipilia jooiokiana (Makino) Y.Tang, H.Peng & T.Yukawa","(Makino) Y.Tang, H.Peng & T.Yukawa",Orchidaceae,Orchis,joo-iokiana,species,,,,,wfo-0000259439,,Bot. Mag. (Tokyo) 16: 57 (1902),,,unambiguous_accepted,wfo,"{""majorGroup"": ""A"", ""references"": ""https://powo.science.kew.org/taxon/urn:lsid:ipni.org:names:648758-1"", ""source"": ""World Checklist of Vascular Plants. Facilitated by the Royal Botanic Gardens, Kew."", ""taxonRemarks"": ""Source in seed data: wcs Update namepublishedIn from Bot. Mag. (Tokyo) 16: 57. 1902 to Bot. Mag. (Tokyo) 16: 57 (1902), information provided by Alan E. on email Jun. 07 2021 More details could be found in <a href=http://www.theplantlist.org/tpl1.1/record"", ""tplId"": ""kew-142700"", ""wfo_nomenclatural_status"": ""Valid""}"
Hemipilia kaiyangense,wcvp,1,Amitostigma kaiyangense,Amitostigma kaiyangense [Homotypic; wcvp],Hemipilia kaiyangense (S.Z.He & Yong Wang) R.Kr.Singh & Sanjeet Kumar,(S.Z.He & Yong Wang) R.Kr.Singh & Sanjeet Kumar,Orchidaceae,Hemipilia,kaiyangense,Species,,,3315335,77350098-1,,3293428,(2024),J. Biodivers. Conservation,China (Guizhou),unambiguous_accepted,wcvp,"{""climate_description"": ""subtropical"", ""volume_and_page"": ""8(4): 90""}"
Hemipilia kinoshitae,wcvp,0,,,"Hemipilia kinoshitae (Makino) Y.Tang, H.Peng & T.Yukawa","(Makino) Y.Tang, H.Peng & T.Yukawa",Orchidaceae,Gymnadenia,kinoshitae,Species,,,93691,636549-1,,274285,(1909),Bot. Mag. (Tokyo),"S. Kuril Is. to Japan (Hokkaido, N. Honshu)",unambiguous_accepted,wcvp,"{""volume_and_page"": ""23: 137""}"
Hemipilia kinoshitai,wfo,0,,,"Hemipilia kinoshitai (Makino) Y.Tang, H.Peng & T.Yukawa","(Makino) Y.Tang, H.Peng & T.Yukawa",Orchidaceae,Orchis,kinoshitae,species,,,,,wfo-0000259452,,Ann. Hist.-Nat. Mus. Natl. Hung. 26: 349 (1929),,,unambiguous_accepted,wfo,"{""majorGroup"": ""A"", ""originalNameUsageID"": ""wfo-0000626173"", ""references"": ""https://powo.science.kew.org/taxon/urn:lsid:ipni.org:names:648770-1"", ""source"": ""World Checklist of Vascular Plants. Facilitated by the Royal Botanic Gardens, Kew."", ""taxonRemarks"": ""Source in seed data: wcs Updated scientificnameAuthorship from (Makino) Soó to Soó, information provided by Alan E. on email Oct. 12 2020 More details could be found in <a href=http://www.theplantlist.org/tpl1.1/record/kew-142712 >The Plant List v.1.1."", ""tplId"": ""kew-142712"", ""wfo_nomenclatural_status"": ""Valid""}"
Hemipilia nana,wcvp,0,,,Hemipilia nana (King & Pantl.) J.M.H.Shaw,(King & Pantl.) J.M.H.Shaw,Orchidaceae,Chusua,nana,Species,,,40355,623104-1,,142348,(1979),Indian Orchids: Guide Identif. & Cult.,Himalaya to Tibet,unambiguous_accepted,wcvp,"{""volume_and_page"": ""2: 678""}"
Hemipilia nanoides,wcvp,0,,,Hemipilia nanoides (Schuit. & X.H.Jin) R.Kr.Singh & Sanjeet Kumar,(Schuit. & X.H.Jin) R.Kr.Singh & Sanjeet Kumar,Orchidaceae,Ponerorchis,nanoides,Species,,,3294438,77300822-1,,546031,(2021),Pl. Diversity,Vietnam,unambiguous_accepted,wcvp,"{""volume_and_page"": ""43: 399""}"
Hemipilia papilionacea,wcvp,1,Amitostigma papilionaceum,Amitostigma papilionaceum [Homotypic; wcvp],"Hemipilia papilionacea (Tang, F.T.Wang & K.Y.Lang) R.Kr.Singh & Sanjeet Kumar","(Tang, F.T.Wang & K.Y.Lang) R.Kr.Singh & Sanjeet Kumar",Orchidaceae,Ponerorchis,papilionacea,Species,,,492052,77140858-1,,8001,(2014),Molec. Phylogen. Evol.,China (NW. Sichuan),unambiguous_accepted,wcvp,"{""climate_description"": ""temperate"", ""lifeform_description"": ""tuberous geophyte"", ""volume_and_page"": ""77: 51""}"
Hemipilia pathakiana,wcvp,1,Amitostigma pathakianum,Amitostigma pathakianum [Homotypic; wcvp],Hemipilia pathakiana (Av.Bhattacharjee) R.Kr.Singh & Sanjeet Kumar,(Av.Bhattacharjee) R.Kr.Singh & Sanjeet Kumar,Orchidaceae,Ponerorchis,pathakiana,Species,,,526258,77165771-1,,497699,(2017),Orchid Rev.,Arunachal Pradesh,unambiguous_accepted,wcvp,"{""climate_description"": ""temperate"", ""lifeform_description"": ""tuberous geophyte"", ""volume_and_page"": ""125(1319, Suppl.): 59""}"
Hemipilia wolongensis,wcvp,1,Ponerorchis wolongensis,Ponerorchis wolongensis [Homotypic; wcvp],"Hemipilia wolongensis (G.W.Hu, Yue H.Cheng & Q.F.Wang) R.Kr.Singh & Sanjeet Kumar","(G.W.Hu, Yue H.Cheng & Q.F.Wang) R.Kr.Singh & Sanjeet Kumar",Orchidaceae,Ponerorchis,wolongensis,Species,,,3295040,77303525-1,,<NA>,(2021),Nordic J. Bot.,China (Sichuan),unambiguous_accepted,wcvp,"{""volume_and_page"": ""2022(2)-e03295: 2""}"
Hemipilia zhuxiensis,wcvp,0,,,Hemipilia zhuxiensis Hong Liu,Hong Liu,Orchidaceae,Hemipilia,zhuxiensis,Species,,,3315124,77350375-1,,<NA>,(2024),PhytoKeys,China (Hubei),unambiguous_accepted,wcvp,"{""climate_description"": ""temperate"", ""lifeform_description"": ""tuberous geophyte"", ""volume_and_page"": ""247: 209""}"
Herminium kamengensis,wfo,0,,,Herminium kamengensis A.N.Rao,A.N.Rao,Orchidaceae,Herminium,kamengensis,species,,,,,wfo-0001264784,,J. Econ. Taxon. Bot. 25(2): 287–289 2001,,,unambiguous_accepted,wfo,"{""majorGroup"": ""A"", ""source"": ""World Checklist of Vascular Plants. Facilitated by the Royal Botanic Gardens, Kew."", ""taxonRemarks"": ""Source in seed data: tro More details could be found in <a href=http://www.theplantlist.org/tpl1.1/record/tro-50214870 >The Plant List v.1.1.</a> Originally in <a href=http://www.theplantlist.org/tpl/record/tro-50214870 >The Plant List v.1.0</a>"", ""tplId"": ""tro-50214870"", ""wfo_nomenclatural_status"": ""Valid""}"
Herminium kumaunensis,wfo,0,,,Herminium kumaunensis Deva & H.B.Naithani,Deva & H.B.Naithani,Orchidaceae,Herminium,kumaunensis,species,,,,,wfo-0000981664,,Orchid Fl. N.W. Himalaya : 159 (1986),,,unambiguous_accepted,wfo,"{""majorGroup"": ""A"", ""references"": ""https://powo.science.kew.org/taxon/urn:lsid:ipni.org:names:931416-1"", ""source"": ""World Checklist of Vascular Plants. Facilitated by the Royal Botanic Gardens, Kew."", ""taxonRemarks"": ""Source in seed data: wcs Update namepublishedIn from Orchid Fl. N.W. Himalaya 159 (1986). to Orchid Fl. N.W. Himalaya : 159 (1986), information provided by Alan E. on email Jun. 07 2021 More details could be found in <a href=http://www.theplantlist.org/t"", ""tplId"": ""kew-98511"", ""wfo_nomenclatural_status"": ""Valid""}"
Herminium mackinnonii,wfo,0,,,Herminium mackinnonii Duthie,Duthie,Orchidaceae,Monorchis,mackinonii,species,,,,,wfo-0000245659,,Mitt. Thüring. Bot. Ges. 1: 95 (1949),,,unambiguous_accepted,wfo,"{""majorGroup"": ""A"", ""originalNameUsageID"": ""wfo-0000981675"", ""references"": ""https://powo.science.kew.org/taxon/urn:lsid:ipni.org:names:644916-1"", ""source"": ""World Checklist of Vascular Plants. Facilitated by the Royal Botanic Gardens, Kew."", ""taxonRemarks"": ""Source in seed data: wcs Update namepublishedIn from Mitt. Thüring. Bot. Ges. i. 95 (1949). to Mitt. Thüring. Bot. Ges. 1: 95 (1949), information provided by Alan E. on email Jun. 07 2021 More details could be found in <a href=http://www.theplantlist.o"", ""tplId"": ""kew-129509"", ""wfo_nomenclatural_status"": ""Valid""}"
Herminorchis aschersonii,wfo,1,Hermibicchia aschersonii,Hermibicchia aschersonii [Unknown; wfo],Herminorchis × aschersonii (E.G.Camus) P.Fourn.,(E.G.Camus) P.Fourn.,Orchidaceae,Hermibicchia,aschersonii,species,,,,,wfo-0001222896,,Monogr. Orchid. 312. 1908 [30 Oct 1908],,,unambiguous_accepted,wfo,"{""majorGroup"": ""A"", ""source"": ""World Checklist of Vascular Plants. Facilitated by the Royal Botanic Gardens, Kew."", ""taxonRemarks"": ""Source in seed data: tro Updated scientificnameAuthorship from (Brúgger ex M.Schulze) Camus & A.Camus to E.G.Camus, Bergon & A.Camus, information provided by Alan E. on email Oct. 12 2020 More details could be found in <a href=http://www.theplantlist.or"", ""tplId"": ""tro-50024516""}"
Hoffmannseggella hatae,wcvp,1,Cattleya hatae,Cattleya hatae [Homotypic; wcvp],Hoffmannseggella hatae V.P.Castro & K.G.Lacerda,V.P.Castro & K.G.Lacerda,Orchidaceae,Cattleya,hatae,Species,,,374613,60448095-2,,347117,(2008),Neodiversity,,unambiguous_accepted,wcvp,"{""volume_and_page"": ""3: 8""}"
Hoffmannseggella itabiritensis,wcvp,1,Cattleya itabiritensis,Cattleya itabiritensis [Nomenclatural; wcvp],Hoffmannseggella × itabiritensis K.G.Lacerda,K.G.Lacerda,Orchidaceae,Cattleya,itabiritensis,Species,,,466744,77114819-1,,347120,(2010),Neodiversity,,unambiguous_accepted,wcvp,"{""hybrid"": true, ""nomenclatural_remarks"": "", not validly publ."", ""volume_and_page"": ""5: 15""}"
Holcoglossum clausum,wcvp,0,,,"Holcoglossum clausum Wojtas, C.Bandara & Kumar","Wojtas, C.Bandara & Kumar",Orchidaceae,Holcoglossum,clausum,Species,,,3315133,77337848-1,,<NA>,(2024),Phytotaxa,Myanmar to Thailand,unambiguous_accepted,wcvp,"{""climate_description"": ""wet tropical"", ""lifeform_description"": ""epiphyte"", ""volume_and_page"": ""638: 258""}"
Holcoglossum watsonii,wcvp,0,,,Holcoglossum watsonii (Rolfe) J.M.H.Shaw,(Rolfe) J.M.H.Shaw,Orchidaceae,Vanda,watsonii,Species,,,211573,661099-1,,<NA>,(1905),Gard. Chron.,S. Vietnam,unambiguous_accepted,wcvp,"{""volume_and_page"": "", ser. 3, 37: 82""}"
Holcoglossum ﬂavescens (Schltr.) Z.H.Tsi,cites_pdf,1,Aerides ﬂavescens Schltr.,Aerides ﬂavescens Schltr. [Unknown; cites_pdf],Holcoglossum ﬂavescens (Schltr.) Z.H.Tsi,,Orchidaceae,Aerides,ﬂavescens,,,,,,,,,,,unambiguous_accepted,cites_pdf,"{""accepted_genus"": ""Holcoglossum"", ""page"": 17, ""y"": 204.0}"
Holothrix macowaniana,wfo,1,Tryphia macowaniana,Tryphia macowaniana [Unknown; wfo],Holothrix macowaniana Rchb.f.,Rchb.f.,Orchidaceae,Tryphia,macowaniana,species,,,,,wfo-0000328774,,Otia Bot. Hamburg. : 108 (1881),,,unambiguous_accepted,wfo,"{""majorGroup"": ""A"", ""references"": ""https://powo.science.kew.org/taxon/urn:lsid:ipni.org:names:660912-1"", ""source"": ""World Checklist of Vascular Plants. Facilitated by the Royal Botanic Gardens, Kew."", ""taxonRemarks"": ""Source in seed data: wcs Update namepublishedIn from Otia Bot. Hamburg. 2: 108. 1881 [8 Aug 1881] to Otia Bot. Hamburg. : 108 (1881), information provided by Alan E. on email Jun. 07 2021 , pro syn."", ""tplId"": ""kew-209324"", ""wfo_nomenclatural_status"": ""Invalid""}"
Holothrix squamata,wfo,1,Peristylus squamatus,Peristylus squamatus [Unknown; wfo],Holothrix squamata Rchb.f.,Rchb.f.,Orchidaceae,Peristylus,squamatus,species,,,,,wfo-0000267537,,Tent. Fl. Abyss. 2: 289. 1850,,,unambiguous_accepted,wfo,"{""majorGroup"": ""A"", ""source"": ""World Checklist of Vascular Plants. Facilitated by the Royal Botanic Gardens, Kew."", ""taxonRemarks"": ""Source in seed data: wcs Updated namepublishedIn from Tent. Fl. Abyss. 2: 289 1850 to Tent. Fl. Abyss. 2: 289. 1850 , information provided by Alan E. on email Oct. 12 2020 More details could be found in <a href=http://www.theplantlist.org/tpl1.1/record/k"", ""tplId"": ""kew-150541""}"
Hylophila vietnamensis,wcvp,0,,,Hylophila vietnamensis Aver. & V.C.Nguyen,Aver. & V.C.Nguyen,Orchidaceae,Hylophila,vietnamensis,Species,,,3315219,77348350-1,,<NA>,(2024),Phytotaxa,Vietnam,unambiguous_accepted,wcvp,"{""climate_description"": ""wet tropical"", ""volume_and_page"": ""664: 242""}"
Ida mejia,wcvp,1,Sudamerlycaste mejia,Sudamerlycaste mejia [Homotypic; wcvp],"Ida mejia (Sauleda, Uribe Vélez & Szlach.) J.M.H.Shaw","(Sauleda, Uribe Vélez & Szlach.) J.M.H.Shaw",Orchidaceae,Ida,mejia,Species,,,3305532,77331200-1,,3301875,(2023),Orchids (West Palm Beach),Colombia,unambiguous_accepted,wcvp,"{""climate_description"": ""wet tropical"", ""lifeform_description"": ""pseudobulbous epiphyte"", ""volume_and_page"": ""92: 815""}"
Isadendrum orpetii,wcvp,1,Epiphronitis orpetii,Epiphronitis orpetii [Homotypic; wcvp],× Isadendrum orpetii (Rolfe & Hurst) Molinari & Sánchez Och.,(Rolfe & Hurst) Molinari & Sánchez Och.,Orchidaceae,Isadendrum,orpetii,Species,,,522816,60471946-2,,519921,(2016),Weberbauerella,,unambiguous_accepted,wcvp,"{""hybrid"": true, ""volume_and_page"": ""1(14): 5""}"
Jumellea brachyantha,wfo,0,,,Jumellea brachyantha Schltr.,Schltr.,Orchidaceae,Jumellea,brachyantha,species,,,,,wfo-0001088474,,,,,unambiguous_accepted,wfo,"{""majorGroup"": ""A"", ""source"": ""World Checklist of Vascular Plants. Facilitated by the Royal Botanic Gardens, Kew."", ""taxonRemarks"": ""Source in seed data: tro More details could be found in <a href=http://www.theplantlist.org/tpl1.1/record/tro-23512732 >The Plant List v.1.1.</a> Originally in <a href=http://www.theplantlist.org/tpl/record/tro-23512732 >The Plant List v.1.0</a>"", ""tplId"": ""tro-23512732"", ""wfo_nomenclatural_status"": ""Valid""}"
Jumellea densifoliata,cites_csv,0,,,"Jumellea densifoliata Senghas, 1964","Senghas, 1964",Orchidaceae,Jumellea,densifoliata,SPECIES,II,,,,,,,,,unambiguous_accepted,cites_csv,
Karma acremona,wcvp,0,,,Karma acremona (Luer) Karremans,(Luer) Karremans,Orchidaceae,Karma,acremona,Species,,,3305572,77332604-1,,159232,(2023),Lankesteriana,W. South America,unambiguous_accepted,wcvp,"{""climate_description"": ""wet tropical"", ""lifeform_description"": ""epiphyte"", ""volume_and_page"": ""23(2): 219""}"
Karma adnata,wcvp,0,,,Karma adnata (I.Jiménez) Karremans,(I.Jiménez) Karremans,Orchidaceae,Tubella,adnata,Species,,,531655,77177471-1,,522283,(2018),Phytotaxa,Bolivia,unambiguous_accepted,wcvp,"{""volume_and_page"": ""340: 133""}"
Karma alabastra,wcvp,0,,,Karma alabastra (Luer & R.Escobar) Karremans,(Luer & R.Escobar) Karremans,Orchidaceae,Trichosalpinx,alabastra,Species,,,208295,257551-2,,159257,(1983),Phytologia,Colombia,unambiguous_accepted,wcvp,"{""climate_description"": ""wet tropical"", ""lifeform_description"": ""epiphyte"", ""volume_and_page"": ""54: 394""}"
Karma amygdalodora,wcvp,0,,,Karma amygdalodora (Kraenzl.) Karremans,(Kraenzl.) Karremans,Orchidaceae,Trichosalpinx,pyxos,Species,,,208399,257607-2,,160779,(1983),Phytologia,S. Colombia to N. Peru,unambiguous_accepted,wcvp,"{""volume_and_page"": ""54: 397""}"
Karma arbuscula,wcvp,0,,,Karma arbuscula (Lindl.) Karremans,(Lindl.) Karremans,Orchidaceae,Tubella,moschata,Species,,,460042,1131656-2,,160441,(2000 publ. 2009),Revista Guatemalensis,Costa Rica to Bolivia,unambiguous_accepted,wcvp,"{""volume_and_page"": ""3(1): 60""}"
Karma atropurpurea,wcvp,0,,,Karma atropurpurea (Luer & Hirtz) Karremans,(Luer & Hirtz) Karremans,Orchidaceae,Trichosalpinx,atropurpurea,Species,,,208300,316601-2,,<NA>,(1997),Monogr. Syst. Bot. Missouri Bot. Gard.,Ecuador (Loja),unambiguous_accepted,wcvp,"{""climate_description"": ""wet tropical"", ""lifeform_description"": ""epiphyte"", ""volume_and_page"": ""64: 46""}"
Karma ballatrix,wcvp,0,,,Karma ballatrix (Luer & R.Escobar) Karremans,(Luer & R.Escobar) Karremans,Orchidaceae,Trichosalpinx,ballatrix,Species,,,208302,286337-2,,<NA>,(1984),Orquideologia,Colombia (Antioquia),unambiguous_accepted,wcvp,"{""climate_description"": ""wet tropical"", ""lifeform_description"": ""epiphyte"", ""volume_and_page"": ""16: 178""}"
Karma barbelifera,wcvp,0,,,Karma barbelifera (Luer & R.Vásquez) Karremans,(Luer & R.Vásquez) Karremans,Orchidaceae,Tubella,barbelifera,Species,,,460006,1081886-2,,208303,(2000 publ. 2009),Revista Guatemalensis,Bolivia,unambiguous_accepted,wcvp,"{""volume_and_page"": ""3(1): 51""}"
Karma carinilabia,wcvp,0,,,Karma carinilabia (Luer) Karremans,(Luer) Karremans,Orchidaceae,Karma,carinilabia,Species,,,3305785,77322826-1,,159535,(2023),Harvard Pap. Bot.,Honduras to W. Panama,unambiguous_accepted,wcvp,"{""climate_description"": ""wet tropical"", ""lifeform_description"": ""epiphyte"", ""volume_and_page"": ""28: 63""}"
Karma carmeniae,wcvp,0,,,Karma carmeniae (Luer) Karremans,(Luer) Karremans,Orchidaceae,Tubella,carmeniae,Species,,,531656,77177472-1,,493306,(2018),Phytotaxa,Peru,unambiguous_accepted,wcvp,"{""volume_and_page"": ""340: 133""}"
Karma carvii,wcvp,0,,,Karma carvii (Archila) Karremans,(Archila) Karremans,Orchidaceae,Trichosalpinx,carvii,Species,,,493266,77137452-1,,460009,(2014),Orchid Rev.,Guatemala,unambiguous_accepted,wcvp,"{""climate_description"": ""wet tropical"", ""lifeform_description"": ""epiphyte"", ""volume_and_page"": ""122(1305, Suppl.): 18""}"
Karma cedralensis,wcvp,0,,,Karma cedralensis (Ames) Karremans,(Ames) Karremans,Orchidaceae,Tubella,cedralensis,Species,,,460010,1053065-2,,159558,(2000 publ. 2009),Revista Guatemalensis,C. America to Venezuela and Bolivia,unambiguous_accepted,wcvp,"{""volume_and_page"": ""3(1): 52""}"
Karma chaetoglossa,wcvp,0,,,Karma chaetoglossa (Luer) Karremans,(Luer) Karremans,Orchidaceae,Tubella,chaetoglossa,Species,,,460011,1018330-2,,159568,(2000 publ. 2009),Revista Guatemalensis,E. Ecuador,unambiguous_accepted,wcvp,"{""volume_and_page"": ""3(1): 52""}"
Karma costata,wcvp,0,,,Karma costata (Luer & R.Vásquez) Karremans,(Luer & R.Vásquez) Karremans,Orchidaceae,Trichosalpinx,costata,Species,,,208319,257568-2,,159683,(1983),Phytologia,Bolivia (La Paz),unambiguous_accepted,wcvp,"{""climate_description"": ""wet tropical"", ""lifeform_description"": ""epiphyte"", ""volume_and_page"": ""54: 395""}"
Karma crucilabia,wcvp,0,,,Karma crucilabia (Ames & Correll) Karremans,(Ames & Correll) Karremans,Orchidaceae,Trichosalpinx,crucilabia,Species,,,208320,257569-2,,159706,(1983),Phytologia,Guatemala,unambiguous_accepted,wcvp,"{""climate_description"": ""wet tropical"", ""lifeform_description"": ""epiphyte"", ""volume_and_page"": ""54: 395""}"
Karma cunorensis,wcvp,0,,,Karma cunorensis (Archila) Karremans,(Archila) Karremans,Orchidaceae,Tubella,cunorensis,Species,,,460015,320674-2,,<NA>,(2000 publ. 2009),Revista Guatemalensis,Guatemala,unambiguous_accepted,wcvp,"{""volume_and_page"": ""3(1): 68""}"
Karma dalstroemii,wcvp,0,,,Karma dalstroemii (Luer) Karremans,(Luer) Karremans,Orchidaceae,Tubella,dalstroemii,Species,,,460016,1111300-2,,208323,(2000 publ. 2009),Revista Guatemalensis,WC. Ecuador,unambiguous_accepted,wcvp,"{""volume_and_page"": ""3(1): 53""}"
Karma dirhamphis,wcvp,0,,,Karma dirhamphis (Luer) Karremans,(Luer) Karremans,Orchidaceae,Trichosalpinx,dirhamphis,Species,,,208329,257574-2,,159798,(1983),Phytologia,Ecuador to Bolivia,unambiguous_accepted,wcvp,"{""climate_description"": ""wet tropical"", ""lifeform_description"": ""epiphyte"", ""volume_and_page"": ""54: 395""}"
Karma dressleri,wcvp,0,,,Karma dressleri (Luer) Karremans,(Luer) Karremans,Orchidaceae,Karma,dressleri,Species,,,3305725,77322838-1,,208331,(2023),Harvard Pap. Bot.,Panama,unambiguous_accepted,wcvp,"{""climate_description"": ""wet tropical"", ""lifeform_description"": ""epiphyte"", ""volume_and_page"": ""28: 64""}"
Karma drosoides,wcvp,0,,,Karma drosoides (Carnevali & I.Ramírez) Karremans,(Carnevali & I.Ramírez) Karremans,Orchidaceae,Karma,drosoides,Species,,,3305726,77322839-1,,208332,(2023),Harvard Pap. Bot.,Venezuela (Zulia),unambiguous_accepted,wcvp,"{""climate_description"": ""wet tropical"", ""lifeform_description"": ""epiphyte"", ""volume_and_page"": ""28: 64""}"
Karma dunstervillei,wcvp,0,,,Karma dunstervillei (Luer) Karremans,(Luer) Karremans,Orchidaceae,Trichosalpinx,dunstervillei,Species,,,208333,316605-2,,<NA>,(1997),Monogr. Syst. Bot. Missouri Bot. Gard.,,unambiguous_accepted,wcvp,"{""climate_description"": ""wet tropical"", ""lifeform_description"": ""epiphyte"", ""volume_and_page"": ""64: 55""}"
Karma dura,wcvp,0,,,Karma dura (Lindl.) Karremans,(Lindl.) Karremans,Orchidaceae,Pleurothallis,broadwayi,Subspecies,,,337401,202500-2,,159309,(1951),Arch. Jard. Bot. Rio de Janeiro,S. Mexico to Trop. America,unambiguous_accepted,wcvp,"{""volume_and_page"": ""11: 53""}"
Karma escobarii,wcvp,0,,,Karma escobarii (Luer) Karremans,(Luer) Karremans,Orchidaceae,Tubella,escobarii,Species,,,460022,1199962-2,,208337,(2000 publ. 2009),Revista Guatemalensis,Colombia (Cundinamarca),unambiguous_accepted,wcvp,"{""volume_and_page"": ""3(1): 55""}"
Karma fasciculata,wcvp,0,,,Karma fasciculata (Luer & Hirtz) Karremans,(Luer & Hirtz) Karremans,Orchidaceae,Karma,fasciculata,Species,,,3305730,77322843-1,,208340,(2023),Harvard Pap. Bot.,SE. Ecuador (Cord. del Cóndor),unambiguous_accepted,wcvp,"{""climate_description"": ""wet tropical"", ""lifeform_description"": ""epiphyte"", ""volume_and_page"": ""28: 65""}"
Karma fissa,wcvp,0,,,Karma fissa (Luer) Karremans,(Luer) Karremans,Orchidaceae,Tubella,fissa,Species,,,460024,1086242-2,,208341,(2000 publ. 2009),Revista Guatemalensis,"Venezuela, S. Ecuador",unambiguous_accepted,wcvp,"{""volume_and_page"": ""3(1): 56""}"
Karma fruticosa,wcvp,0,,,Karma fruticosa (Luer) Karremans,(Luer) Karremans,Orchidaceae,Trichosalpinx,fruticosa,Species,,,208344,302259-2,,<NA>,(1996),Lindleyana,C. America,unambiguous_accepted,wcvp,"{""climate_description"": ""wet tropical"", ""lifeform_description"": ""epiphyte"", ""volume_and_page"": ""11: 105""}"
Karma gabi-villegasiae,wcvp,1,Tubella gabi-villegasiae,Tubella gabi-villegasiae [Homotypic; wcvp],Karma gabi-villegasiae (I.Jiménez) Karremans,(I.Jiménez) Karremans,Orchidaceae,Karma,gabi-villegasiae,Species,,,3305578,77322846-1,,522395,(2023),Harvard Pap. Bot.,Bolivia,unambiguous_accepted,wcvp,"{""climate_description"": ""wet tropical"", ""lifeform_description"": ""epiphyte"", ""volume_and_page"": ""28: 65""}"
Karma gentryi,wcvp,0,,,Karma gentryi (Luer) Karremans,(Luer) Karremans,Orchidaceae,Karma,gentryi,Species,,,3305576,77322847-1,,208345,(2023),Harvard Pap. Bot.,Peru,unambiguous_accepted,wcvp,"{""climate_description"": ""wet tropical"", ""lifeform_description"": ""epiphyte"", ""volume_and_page"": ""28: 65""}"
Karma giovi-mendietae,wcvp,1,Tubella giovi-mendietae,Tubella giovi-mendietae [Homotypic; wcvp],Karma giovi-mendietae (I.Jiménez) Karremans,(I.Jiménez) Karremans,Orchidaceae,Karma,giovi-mendietae,Species,,,3305575,77322848-1,,522396,(2023),Harvard Pap. Bot.,Bolivia,unambiguous_accepted,wcvp,"{""climate_description"": ""wet tropical"", ""lifeform_description"": ""epiphyte"", ""volume_and_page"": ""28: 65""}"
Karma hamiltonii,wcvp,0,,,Karma hamiltonii (Luer) Karremans,(Luer) Karremans,Orchidaceae,Tubella,hamiltonii,Species,,,460029,1177128-2,,208348,(2000 publ. 2009),Revista Guatemalensis,Peru,unambiguous_accepted,wcvp,"{""volume_and_page"": ""3(1): 56""}"
Karma hirtzii,wcvp,0,,,Karma hirtzii (Luer) Karremans,(Luer) Karremans,Orchidaceae,Karma,hirtzii,Species,,,3305573,77322850-1,,208349,(2023),Harvard Pap. Bot.,S. Ecuador,unambiguous_accepted,wcvp,"{""climate_description"": ""wet tropical"", ""lifeform_description"": ""epiphyte"", ""volume_and_page"": ""28: 65""}"
Karma hypocrita,wcvp,0,,,Karma hypocrita (Garay & Dunst.) Karremans,(Garay & Dunst.) Karremans,Orchidaceae,Trichosalpinx,hypocrita,Species,,,208350,913493-1,,160102,(1983),Phytologia,NE. Colombia to NW. Venezuela,unambiguous_accepted,wcvp,"{""climate_description"": ""wet tropical"", ""lifeform_description"": ""epiphyte"", ""volume_and_page"": ""54: 395""}"
Karma inaequisepala,wcvp,0,,,Karma inaequisepala (C.Schweinf.) Karremans,(C.Schweinf.) Karremans,Orchidaceae,Karma,inaequisepala,Species,,,3305564,77322853-1,,160122,(2023),Harvard Pap. Bot.,Peru to Bolivia,unambiguous_accepted,wcvp,"{""climate_description"": ""wet tropical"", ""lifeform_description"": ""epiphyte"", ""volume_and_page"": ""28: 65""}"
Karma intricata,wcvp,0,,,Karma intricata (Lindl.) Karremans,(Lindl.) Karremans,Orchidaceae,Karma,intricata,Species,,,3305569,77322854-1,,160140,(2023),Harvard Pap. Bot.,S. Trop. America,unambiguous_accepted,wcvp,"{""climate_description"": ""wet tropical"", ""lifeform_description"": ""epiphyte"", ""volume_and_page"": ""28: 65""}"
Karma jimburae,wcvp,0,,,Karma jimburae (Luer & Hirtz) Karremans,(Luer & Hirtz) Karremans,Orchidaceae,Trichosalpinx,jimburae,Species,,,208354,316612-2,,<NA>,(1997),Monogr. Syst. Bot. Missouri Bot. Gard.,S. Ecuador,unambiguous_accepted,wcvp,"{""climate_description"": ""wet tropical"", ""lifeform_description"": ""epiphyte"", ""volume_and_page"": ""64: 64""}"
Karma jostii,wcvp,0,,,Karma jostii (Luer & Dalström) Karremans,(Luer & Dalström) Karremans,Orchidaceae,Trichosalpinx,jostii,Species,,,348752,77080481-1,,<NA>,(2006),Monogr. Syst. Bot. Missouri Bot. Gard.,Ecuador (Pastaza),unambiguous_accepted,wcvp,"{""climate_description"": ""wet tropical"", ""lifeform_description"": ""epiphyte"", ""volume_and_page"": ""105: 255""}"
Karma lamellata,wcvp,0,,,Karma lamellata (Luer) Karremans,(Luer) Karremans,Orchidaceae,Trichosalpinx,lamellata,Species,,,208355,316613-2,,<NA>,(1997),Monogr. Syst. Bot. Missouri Bot. Gard.,S. Ecuador (Loja),unambiguous_accepted,wcvp,"{""climate_description"": ""wet tropical"", ""lifeform_description"": ""epiphyte"", ""volume_and_page"": ""64: 64""}"
Karma lenticularis,wcvp,0,,,Karma lenticularis (Luer) Karremans,(Luer) Karremans,Orchidaceae,Tubella,lenticularis,Species,,,460036,1168810-2,,160231,(2000 publ. 2009),Revista Guatemalensis,SE. Ecuador,unambiguous_accepted,wcvp,"{""volume_and_page"": ""3(1): 58""}"
Karma ligulata,wcvp,0,,,Karma ligulata (Luer & Hirtz) Karremans,(Luer & Hirtz) Karremans,Orchidaceae,Trichosalpinx,ligulata,Species,,,208359,316614-2,,<NA>,(1997),Monogr. Syst. Bot. Missouri Bot. Gard.,"S. & SE. Ecuador, W. Bolivia",unambiguous_accepted,wcvp,"{""climate_description"": ""wet tropical"", ""lifeform_description"": ""epiphyte"", ""volume_and_page"": ""64: 65""}"
Karma lilliputalis,wcvp,0,,,Karma lilliputalis (Luer & Hirtz) Karremans,(Luer & Hirtz) Karremans,Orchidaceae,Trichosalpinx,lilliputalis,Species,,,208360,1212057-2,,110729,(1997),Monogr. Syst. Bot. Missouri Bot. Gard.,Ecuador (Esmeraldas),unambiguous_accepted,wcvp,"{""climate_description"": ""wet tropical"", ""lifeform_description"": ""epiphyte"", ""volume_and_page"": ""64: 115""}"
Karma macphersonii,wcvp,0,,,Karma macphersonii (Luer) Karremans,(Luer) Karremans,Orchidaceae,Trichosalpinx,macphersonii,Species,,,208361,316615-2,,<NA>,(1997),Monogr. Syst. Bot. Missouri Bot. Gard.,Panama,unambiguous_accepted,wcvp,"{""climate_description"": ""wet tropical"", ""lifeform_description"": ""epiphyte"", ""volume_and_page"": ""64: 66""}"
Karma membraniflora,wcvp,0,,,Karma membraniflora (C.Schweinf.) Karremans,(C.Schweinf.) Karremans,Orchidaceae,Pleurothallis,membraniflora,Species,,,160374,203154-2,,<NA>,(1938),Bot. Mus. Leafl.,Costa Rica to Panama,unambiguous_accepted,wcvp,"{""volume_and_page"": ""5: 91""}"
Karma metamorpha,wcvp,0,,,Karma metamorpha (Luer & Hirtz) Karremans,(Luer & Hirtz) Karremans,Orchidaceae,Trichosalpinx,metamorpha,Species,,,208367,316616-2,,<NA>,(1997),Monogr. Syst. Bot. Missouri Bot. Gard.,Ecuador (Loja),unambiguous_accepted,wcvp,"{""climate_description"": ""wet tropical"", ""lifeform_description"": ""epiphyte"", ""volume_and_page"": ""64: 67""}"
Karma montana,wcvp,0,,,Karma montana (Barb.Rodr.) Karremans,(Barb.Rodr.) Karremans,Orchidaceae,Trichosalpinx,quartzicola,Species,,,208401,257609-2,,110445,(1983),Phytologia,E. & S. Brazil,unambiguous_accepted,wcvp,"{""volume_and_page"": ""54: 397""}"
Karma multicuspidata,wcvp,0,,,Karma multicuspidata (Rchb.f.) Karremans,(Rchb.f.) Karremans,Orchidaceae,Tubella,multicuspidata,Species,,,460043,1105985-2,,160447,(2000 publ. 2009),Revista Guatemalensis,NW. Venezuela to S. Ecuador,unambiguous_accepted,wcvp,"{""volume_and_page"": ""3(1): 60""}"
Karma nana,wcvp,0,,,Karma nana (Ames & C.Schweinf.) Karremans,(Ames & C.Schweinf.) Karremans,Orchidaceae,Pleurothallis,nana,Species,,,160467,203219-2,,<NA>,(1925),Schedul. Orchid.,Costa Rica,unambiguous_accepted,wcvp,"{""volume_and_page"": ""8: 29""}"
Karma notosibirica,wcvp,0,,,Karma notosibirica (T.Hashim.) Karremans,(T.Hashim.) Karremans,Orchidaceae,Trichosalpinx,notosibirica,Species,,,208379,257595-2,,160504,(1983),Phytologia,S. Ecuador to Bolivia,unambiguous_accepted,wcvp,"{""climate_description"": ""wet tropical"", ""lifeform_description"": ""epiphyte"", ""volume_and_page"": ""54: 396""}"
Karma nymphalis,wcvp,0,,,Karma nymphalis (Luer) Karremans,(Luer) Karremans,Orchidaceae,Karma,nymphalis,Species,,,3305786,77322871-1,,160512,(2023),Harvard Pap. Bot.,Ecuador (Loja),unambiguous_accepted,wcvp,"{""climate_description"": ""wet tropical"", ""lifeform_description"": ""epiphyte"", ""volume_and_page"": ""28: 66""}"
Karma otarion,wcvp,0,,,Karma otarion (Luer) Karremans,(Luer) Karremans,Orchidaceae,Tubella,otarion,Species,,,460047,1131844-2,,160558,(2000 publ. 2009),Revista Guatemalensis,"Ecuador (Loja), C. Peru",unambiguous_accepted,wcvp,"{""volume_and_page"": ""3(1): 61""}"
Karma parsonsii,wcvp,0,,,Karma parsonsii (Luer & Dod) Karremans,(Luer & Dod) Karremans,Orchidaceae,Trichosalpinx,parsonsii,Species,,,208387,316617-2,,<NA>,(1997),Monogr. Syst. Bot. Missouri Bot. Gard.,Costa Rica,unambiguous_accepted,wcvp,"{""climate_description"": ""wet tropical"", ""lifeform_description"": ""epiphyte"", ""volume_and_page"": ""64: 72""}"
Karma pumila,wcvp,0,,,Karma pumila (Luer) Karremans,(Luer) Karremans,Orchidaceae,Trichosalpinx,pumila,Species,,,208395,257603-2,,160758,(1983),Phytologia,"SE. Venezuela, E. Ecuador",unambiguous_accepted,wcvp,"{""climate_description"": ""wet tropical"", ""lifeform_description"": ""epiphyte"", ""volume_and_page"": ""54: 397""}"
Karma pusilla,wcvp,0,,,Karma pusilla (Kunth) Karremans,(Kunth) Karremans,Orchidaceae,Humboltia,pusilla,Species,,,100692,124670-2,,58837,(1891),Revis. Gen. Pl.,Costa Rica to Venezuela and Peru,unambiguous_accepted,wcvp,"{""volume_and_page"": ""2: 668""}"
Karma quitensis,wcvp,0,,,Karma quitensis (Rchb.f.) Karremans,(Rchb.f.) Karremans,Orchidaceae,Humboltia,quitensis,Species,,,100695,124673-2,,160791,(1891),Revis. Gen. Pl.,W. South America to N. Brazil,unambiguous_accepted,wcvp,"{""volume_and_page"": ""2: 668""}"
Karma reticulata,wcvp,0,,,Karma reticulata (Thoerle & C.Soto) Karremans,(Thoerle & C.Soto) Karremans,Orchidaceae,Tubella,reticulata,Species,,,531687,77177475-1,,498098,(2018),Phytotaxa,Peru,unambiguous_accepted,wcvp,"{""volume_and_page"": ""340: 133""}"
Karma robledorum,wcvp,0,,,Karma robledorum (Luer & R.Escobar) Karremans,(Luer & R.Escobar) Karremans,Orchidaceae,Pleurothallis,robledorum,Species,,,160850,203486-2,,<NA>,(1981),Orquideologia,C. Colombia to N. Ecuador,unambiguous_accepted,wcvp,"{""volume_and_page"": ""14: 170""}"
Karma scabridula,wcvp,0,,,Karma scabridula (Rolfe) Karremans,(Rolfe) Karremans,Orchidaceae,Trichosalpinx,scabridula,Species,,,208409,257614-2,,160908,(1983),Phytologia,"NW. Venezuela, Peru to Bolivia",unambiguous_accepted,wcvp,"{""climate_description"": ""wet tropical"", ""lifeform_description"": ""epiphyte"", ""volume_and_page"": ""54: 397""}"
Karma sipapoensis,wcvp,0,,,Karma sipapoensis (G.A.Romero & Luer) Karremans,(G.A.Romero & Luer) Karremans,Orchidaceae,Karma,sipapoensis,Species,,,3305766,77322881-1,,374346,(2023),Harvard Pap. Bot.,Venezuela,unambiguous_accepted,wcvp,"{""climate_description"": ""wet tropical"", ""lifeform_description"": ""epiphyte"", ""volume_and_page"": ""28: 67""}"
Karma solomonii,wcvp,0,,,Karma solomonii (Luer) Karremans,(Luer) Karremans,Orchidaceae,Trichosalpinx,solomonii,Species,,,208412,316618-2,,<NA>,(1997),Monogr. Syst. Bot. Missouri Bot. Gard.,Bolivia (La Paz),unambiguous_accepted,wcvp,"{""climate_description"": ""wet tropical"", ""lifeform_description"": ""epiphyte"", ""volume_and_page"": ""64: 79""}"
Karma steyermarkii,wcvp,0,,,Karma steyermarkii (Luer) Karremans,(Luer) Karremans,Orchidaceae,Tubella,steyermarkii,Species,,,460057,1180626-2,,208416,(2000 publ. 2009),Revista Guatemalensis,Venezuela (Bolívar),unambiguous_accepted,wcvp,"{""volume_and_page"": ""3(1): 64""}"
Karma strumifera,wcvp,0,,,Karma strumifera (Luer) Karremans,(Luer) Karremans,Orchidaceae,Tubella,strumifera,Species,,,460058,1180627-2,,208418,(2000 publ. 2009),Revista Guatemalensis,Ecuador (Zamora-Chinchipe),unambiguous_accepted,wcvp,"{""volume_and_page"": ""3(1): 65""}"
Karma systremmata,wcvp,0,,,Karma systremmata (Luer) Karremans,(Luer) Karremans,Orchidaceae,Tubella,systremmata,Species,,,460059,1026921-2,,161083,(2000 publ. 2009),Revista Guatemalensis,S. Ecuador,unambiguous_accepted,wcvp,"{""volume_and_page"": ""3(1): 65""}"
Karma tantilla,wcvp,0,,,Karma tantilla (Luer) Karremans,(Luer) Karremans,Orchidaceae,Tubella,tantilla,Species,,,460060,1176451-2,,161089,(2000 publ. 2009),Revista Guatemalensis,Panama,unambiguous_accepted,wcvp,"{""volume_and_page"": ""3(1): 65""}"
Karma teaguei,wcvp,0,,,Karma teaguei (Luer) Karremans,(Luer) Karremans,Orchidaceae,Trichosalpinx,teaguei,Species,,,208422,316621-2,,<NA>,(1997),Monogr. Syst. Bot. Missouri Bot. Gard.,Bolivia (La Paz),unambiguous_accepted,wcvp,"{""climate_description"": ""wet tropical"", ""lifeform_description"": ""epiphyte"", ""volume_and_page"": ""64: 82""}"
Karma tenuiflora,wcvp,0,,,Karma tenuiflora (Schltr.) Karremans,(Schltr.) Karremans,Orchidaceae,Trichosalpinx,tenuiflora,Species,,,208424,257620-2,,161102,(1983),Phytologia,Bolivia (Santa Cruz),unambiguous_accepted,wcvp,"{""climate_description"": ""wet tropical"", ""lifeform_description"": ""epiphyte"", ""volume_and_page"": ""54: 397""}"
Karma tenuis,wcvp,0,,,Karma tenuis (C.Schweinf.) Karremans,(C.Schweinf.) Karremans,Orchidaceae,Trichosalpinx,tenuis,Species,,,208425,257621-2,,161106,(1983),Phytologia,W. South America,unambiguous_accepted,wcvp,"{""climate_description"": ""wet tropical"", ""lifeform_description"": ""epiphyte"", ""volume_and_page"": ""54: 397""}"
Karma teres,wcvp,0,,,Karma teres (Luer) Karremans,(Luer) Karremans,Orchidaceae,Tubella,teres,Species,,,460064,1003487-2,,208426,(2000 publ. 2009),Revista Guatemalensis,SE. Ecuador (Cord. del Cóndor),unambiguous_accepted,wcvp,"{""volume_and_page"": ""3(1): 66""}"
Karma todziae,wcvp,0,,,Karma todziae (Luer) Karremans,(Luer) Karremans,Orchidaceae,Karma,todziae,Species,,,3305722,77322892-1,,208427,(2023),Harvard Pap. Bot.,Costa Rica to W. Panama,unambiguous_accepted,wcvp,"{""climate_description"": ""wet tropical"", ""lifeform_description"": ""epiphyte"", ""volume_and_page"": ""28: 68""}"
Karma trilobata,wcvp,0,,,Karma trilobata (Fawc. & Rendle) Karremans,(Fawc. & Rendle) Karremans,Orchidaceae,Trichosalpinx,trilobata,Species,,,208430,257624-2,,161164,(1983),Phytologia,Jamaica,unambiguous_accepted,wcvp,"{""climate_description"": ""wet tropical"", ""lifeform_description"": ""epiphyte"", ""volume_and_page"": ""54: 398""}"
Karma tropida,wcvp,0,,,Karma tropida (Luer) Karremans,(Luer) Karremans,Orchidaceae,Trichosalpinx,tropida,Species,,,208431,257625-2,,161180,(1983),Phytologia,Panama,unambiguous_accepted,wcvp,"{""climate_description"": ""wet tropical"", ""lifeform_description"": ""epiphyte"", ""volume_and_page"": ""54: 398""}"
Karma vagans,wcvp,0,,,Karma vagans (Garay & Dunst.) Karremans,(Garay & Dunst.) Karremans,Orchidaceae,Trichosalpinx,vagans,Species,,,208433,913541-1,,161217,(1983),Phytologia,Colombia to Venezuela,unambiguous_accepted,wcvp,"{""climate_description"": ""wet tropical"", ""lifeform_description"": ""epiphyte"", ""volume_and_page"": ""54: 398""}"
Karma webbiae,wcvp,0,,,Karma webbiae (Luer & R.Escobar) Karremans,(Luer & R.Escobar) Karremans,Orchidaceae,Trichosalpinx,webbiae,Species,,,208437,286344-2,,<NA>,(1984),Orquideologia,Colombia (Antioquia),unambiguous_accepted,wcvp,"{""climate_description"": ""wet tropical"", ""lifeform_description"": ""epiphyte"", ""volume_and_page"": ""16: 188""}"
Karma werneri,wcvp,0,,,Karma werneri (Luer) Karremans,(Luer) Karremans,Orchidaceae,Tubella,werneri,Species,,,531688,77177476-1,,270760,(2018),Phytotaxa,Ecuador,unambiguous_accepted,wcvp,"{""volume_and_page"": ""340: 133""}"
Karma wilhelmii,wcvp,0,,,Karma wilhelmii (Luer) Karremans,(Luer) Karremans,Orchidaceae,Trichosalpinx,wilhelmii,Species,,,208438,316638-2,,<NA>,(1997),Monogr. Syst. Bot. Missouri Bot. Gard.,"Ecuador (Pichincha, Napo)",unambiguous_accepted,wcvp,"{""climate_description"": ""wet tropical"", ""lifeform_description"": ""epiphyte"", ""volume_and_page"": ""64: 86""}"
Karma yanganensis,wcvp,0,,,Karma yanganensis (Luer) Karremans,(Luer) Karremans,Orchidaceae,Trichosalpinx,yanganensis,Species,,,208440,257629-2,,161289,(1983),Phytologia,Ecuador (Loja),unambiguous_accepted,wcvp,"{""climate_description"": ""wet tropical"", ""lifeform_description"": ""epiphyte"", ""volume_and_page"": ""54: 398""}"
Kefersteinia universitatis-tolimae,wcvp,0,,,Kefersteinia universitatis-tolimae Sierra-Ariza,Sierra-Ariza,Orchidaceae,Kefersteinia,universitatis-tolimae,Species,,,3315900,77334037-1,,<NA>,(2023),Harvard Pap. Bot.,Colombia,unambiguous_accepted,wcvp,"{""climate_description"": ""wet tropical"", ""lifeform_description"": ""epiphyte"", ""volume_and_page"": ""28: 728""}"
Kingidium teenialis,cites_csv,0,,,Kingidium teenialis (Lindl.) P.F.Hunt,(Lindl.) P.F.Hunt,Orchidaceae,Kingidium,teenialis,SPECIES,II,,,,,,,,"Bhutan,India,Myanmar",unambiguous_accepted,cites_csv,"{""All_DistributionISOCodes"": ""BT,IN,MM"", ""NativeDistributionFullNames"": ""Bhutan,India,Myanmar""}"
Laelia anceps subsp. anceps,cites_pdf,27,"Bletia anceps var. barkeriana, Laelia anceps f. alba, Laelia anceps f. chilapensis, Laelia anceps var. alba, Laelia anceps var. amesiana, Laelia anceps var. barkeriana, Laelia anceps var. blanda, Laelia anceps var. chamberlainiana, Laelia anceps var. crawshayana, Laelia anceps var. delicata, Laelia anceps var. grandiﬂora, Laelia anceps var. hilliana, Laelia anceps var. holocheila, Laelia anceps var. leucosticta, Laelia anceps var. lineata, Laelia anceps var. morada, Laelia anceps var. obscura, Laelia anceps var. oweniana, Laelia anceps var. percivaliana, Laelia anceps var. protheroana, Laelia anceps var. radians, Laelia anceps var. roeblingeana, Laelia anceps var. roseﬁeldiensis, Laelia anceps var. scottiana, Laelia anceps var. simondsii, Laelia anceps var. superba, Laelia anceps var. virginalis","Bletia anceps var. barkeriana [Unknown; cites_pdf], Laelia anceps f. alba [Unknown; cites_pdf], Laelia anceps f. chilapensis [Unknown; cites_pdf], Laelia anceps var. alba [Unknown; cites_pdf], Laelia anceps var. amesiana [Unknown; cites_pdf], Laelia anceps var. barkeriana [Unknown; cites_pdf], Laelia anceps var. blanda [Unknown; cites_pdf], Laelia anceps var. chamberlainiana [Unknown; cites_pdf], Laelia anceps var. crawshayana [Unknown; cites_pdf], Laelia anceps var. delicata [Unknown; cites_pdf], Laelia anceps var. grandiﬂora [Unknown; cites_pdf], Laelia anceps var. hilliana [Unknown; cites_pdf], Laelia anceps var. holocheila [Unknown; cites_pdf], Laelia anceps var. leucosticta [Unknown; cites_pdf], Laelia anceps var. lineata [Unknown; cites_pdf], Laelia anceps var. morada [Unknown; cites_pdf], Laelia anceps var. obscura [Unknown; cites_pdf], Laelia anceps var. oweniana [Unknown; cites_pdf], Laelia anceps var. percivaliana [Unknown; cites_pdf], Laelia anceps var. protheroana [Unknown; cites_pdf], Laelia anceps var. radians [Unknown; cites_pdf], Laelia anceps var. roeblingeana [Unknown; cites_pdf], Laelia anceps var. roseﬁeldiensis [Unknown; cites_pdf], Laelia anceps var. scottiana [Unknown; cites_pdf], Laelia anceps var. simondsii [Unknown; cites_pdf], Laelia anceps var. superba [Unknown; cites_pdf], Laelia anceps var. virginalis [Unknown; cites_pdf]",Laelia anceps subsp. anceps,,Orchidaceae,Bletia,anceps,,,,,,,,,,,unambiguous_accepted,cites_pdf,"{""accepted_genus"": ""Laelia"", ""page"": 53, ""y"": 144.2}"
Laelia anceps subsp. dawsonii,cites_pdf,16,"Laelia anceps subsp. hollydayana, Laelia anceps subsp. sanderiana, Laelia anceps subsp. schroederiana, Laelia anceps var. ashworthiana, Laelia anceps var. ballantineana, Laelia anceps var. dawsonii, Laelia anceps var. hollydayana, Laelia anceps var. hyeana, Laelia anceps var. kienastiana, Laelia anceps var. munda, Laelia anceps var. sanderiana, Laelia anceps var. schroederiana, Laelia anceps var. stella, Laelia anceps var. vestalis, Laelia anceps var. waddoniensis, Laelia anceps var. williamsii","Laelia anceps subsp. hollydayana [Unknown; cites_pdf], Laelia anceps subsp. sanderiana [Unknown; cites_pdf], Laelia anceps subsp. schroederiana [Unknown; cites_pdf], Laelia anceps var. ashworthiana [Unknown; cites_pdf], Laelia anceps var. ballantineana [Unknown; cites_pdf], Laelia anceps var. dawsonii [Unknown; cites_pdf], Laelia anceps var. hollydayana [Unknown; cites_pdf], Laelia anceps var. hyeana [Unknown; cites_pdf], Laelia anceps var. kienastiana [Unknown; cites_pdf], Laelia anceps var. munda [Unknown; cites_pdf], Laelia anceps var. sanderiana [Unknown; cites_pdf], Laelia anceps var. schroederiana [Unknown; cites_pdf], Laelia anceps var. stella [Unknown; cites_pdf], Laelia anceps var. vestalis [Unknown; cites_pdf], Laelia anceps var. waddoniensis [Unknown; cites_pdf], Laelia anceps var. williamsii [Unknown; cites_pdf]",Laelia anceps subsp. dawsonii (J.Anderson) Rolfe,(J.Anderson) Rolfe,Orchidaceae,Laelia,anceps,,,,,,,,,,,unambiguous_accepted,cites_pdf,"{""page"": 386, ""y"": 754.0}"
Laelia batemanniana,wcvp,1,Sophrocattleya batemanniana,Sophrocattleya batemanniana [Homotypic; wcvp],Laelia × batemanniana Rchb.f.,Rchb.f.,Orchidaceae,Sophrocattleya,batemanniana,Species,,,192970,657990-1,,106921,(1887),"J. Linn. Soc., Bot.",,unambiguous_accepted,wcvp,"{""hybrid"": true, ""volume_and_page"": ""24: 169""}"
Laelia bella,wcvp,1,Laeliocattleya bella,Laeliocattleya bella [Homotypic; wcvp],Laelia × bella Rchb.f.,Rchb.f.,Orchidaceae,Laeliocattleya,bella,Species,,,107115,639736-1,,106922,(1887),"J. Linn. Soc., Bot.",,unambiguous_accepted,wcvp,"{""hybrid"": true, ""volume_and_page"": ""24: 169""}"
Laelia callistoglossa,wcvp,1,Laeliocattleya callistoglossa,Laeliocattleya callistoglossa [Homotypic; wcvp],Laelia × callistoglossa Rchb.f.,Rchb.f.,Orchidaceae,Laeliocattleya,callistoglossa,Species,,,107120,639741-1,,106930,(1887),"J. Linn. Soc., Bot.",,unambiguous_accepted,wcvp,"{""hybrid"": true, ""volume_and_page"": ""24: 168""}"
Laelia caloglossa,wcvp,1,Laeliocattleya caloglossa,Laeliocattleya caloglossa [Homotypic; wcvp],Laelia × caloglossa Rchb.f.,Rchb.f.,Orchidaceae,Laeliocattleya,caloglossa,Species,,,107121,639742-1,,106931,(1889),Gard. Chron.,,unambiguous_accepted,wcvp,"{""hybrid"": true, ""volume_and_page"": "", ser. 3, 6: 79""}"
Laelia canhamiana,wcvp,1,Laeliocattleya canhamiana,Laeliocattleya canhamiana [Homotypic; wcvp],Laelia × canhamiana Rchb.f.,Rchb.f.,Orchidaceae,Laeliocattleya,canhamiana,Species,,,107122,639743-1,,106933,(1887),"J. Linn. Soc., Bot.",,unambiguous_accepted,wcvp,"{""hybrid"": true, ""volume_and_page"": ""24: 169""}"
Laelia cattleyodes,cites_csv,0,,,Laelia cattleyodes Rodriguez,Rodriguez,Orchidaceae,Laelia,cattleyodes,SPECIES,II,,,,,,,,Brazil,unambiguous_accepted,cites_csv,"{""All_DistributionISOCodes"": ""BR"", ""NativeDistributionFullNames"": ""Brazil""}"
Laelia cattleyoides,wcvp,1,Cattleya motae,Cattleya motae [Heterotypic; wcvp],Laelia cattleyoides Barb.Rodr.,Barb.Rodr.,Orchidaceae,Cattleya,motae,Species,,,36042,935415-1,,<NA>,(1988),Orchidophile (Deuil-la-Barre),,unambiguous_accepted,wcvp,"{""climate_description"": ""seasonally dry tropical"", ""hybrid"": true, ""lifeform_description"": ""pseudobulbous epiphyte"", ""volume_and_page"": ""83: 176""}"
Laelia dominiana,wcvp,1,Laeliocattleya dominiana,Laeliocattleya dominiana [Homotypic; wcvp],Laelia × dominiana Rchb.f.,Rchb.f.,Orchidaceae,Laeliocattleya,dominiana,Species,,,107134,639753-1,,106956,(1889),Gard. Chron.,,unambiguous_accepted,wcvp,"{""hybrid"": true, ""volume_and_page"": "", ser. 3, 6: 79""}"
Laelia gottoiana,cites_csv,0,,,Laelia gottoiana Hort.,Hort.,Orchidaceae,Laelia,gottoiana,SPECIES,II,,,,,,,,Brazil,unambiguous_accepted,cites_csv,"{""All_DistributionISOCodes"": ""BR"", ""NativeDistributionFullNames"": ""Brazil""}"
Laelia horniana,wcvp,1,Laeliocattleya horniana,Laeliocattleya horniana [Homotypic; wcvp],Laelia × horniana Rchb.f.,Rchb.f.,Orchidaceae,Laeliocattleya,horniana,Species,,,107147,639766-1,,106995,(1889),Gard. Chron.,,unambiguous_accepted,wcvp,"{""hybrid"": true, ""volume_and_page"": "", ser. 3, 6: 155""}"
Laelia lueddemanii,wfo,0,,,Laelia lueddemanii (Prill.) L.O.Williams,(Prill.) L.O.Williams,Orchidaceae,Laelia,lueddemanii,species,,,,,wfo-0000222068,,Ann. Missouri Bot. Gard. 27: 282. 1940,,,unambiguous_accepted,wfo,"{""majorGroup"": ""A"", ""source"": ""World Checklist of Vascular Plants. Facilitated by the Royal Botanic Gardens, Kew."", ""taxonRemarks"": ""Source in seed data: wcs Updated scientificnameAuthorship from (Prill.) L.O.Williams to (Prill.) L.O.Williams in Woodson & Schery, information provided by Alan E. on email Oct. 12 2020 More details could be found in <a href=http://www.theplantlist.org/tp"", ""tplId"": ""kew-107018"", ""wfo_nomenclatural_status"": ""Valid""}"
Laelia mylamiana,wcvp,1,Laeliocattleya mylamiana,Laeliocattleya mylamiana [Homotypic; wcvp],Laelia × mylamiana Rchb.f.,Rchb.f.,Orchidaceae,Laeliocattleya,mylamiana,Species,,,107159,639777-1,,107034,(1887),"J. Linn. Soc., Bot.",,unambiguous_accepted,wcvp,"{""hybrid"": true, ""volume_and_page"": ""24: 169""}"
Laelia normannii,wcvp,1,Laeliocattleya normannii,Laeliocattleya normannii [Homotypic; wcvp],Laelia × normannii Kraenzl.,Kraenzl.,Orchidaceae,Laeliocattleya,normannii,Species,,,107160,639778-1,,107035,(1894),Orch.-Grow. Man.,,unambiguous_accepted,wcvp,"{""hybrid"": true, ""volume_and_page"": "", ed. 7: 459""}"
Laelia oweniae,wcvp,1,Laelia oweniana,Laelia oweniana [Heterotypic; wcvp],Laelia × oweniae L.Linden,L.Linden,Orchidaceae,Laelia,oweniana,Species,,,107038,639670-1,,<NA>,(1893),Gard. Chron.,,unambiguous_accepted,wcvp,"{""hybrid"": true, ""volume_and_page"": "", ser. 3, 13: 682""}"
Laelia pabstii,cites_csv,0,,,Laelia pabstii Ghillany,Ghillany,Orchidaceae,Laelia,pabstii,SPECIES,II,,,,,,,,Brazil,unambiguous_accepted,cites_csv,"{""All_DistributionISOCodes"": ""BR"", ""NativeDistributionFullNames"": ""Brazil""}"
Laelia philbrickiana,wcvp,1,Laeliocattleya philbrickiana,Laeliocattleya philbrickiana [Homotypic; wcvp],Laelia × philbrickiana Rchb.f.,Rchb.f.,Orchidaceae,Laeliocattleya,philbrickiana,Species,,,107165,639783-1,,107043,(1887),"J. Linn. Soc., Bot.",,unambiguous_accepted,wcvp,"{""hybrid"": true, ""volume_and_page"": ""24: 169""}"
Laelia pilcheri,wcvp,3,"Cattleya pilcheri, Hadrolaelia pilcheri, Laelia pilcheriana","Cattleya pilcheri [Nomenclatural; wcvp], Hadrolaelia pilcheri [Homotypic; wcvp], Laelia pilcheriana [Heterotypic; wcvp]",Laelia × pilcheri Dombrain,Dombrain,Orchidaceae,Cattleya,pilcheri,Species,,,36068,622195-1,,<NA>,(1907),Roy. Hort. Soc. Lond. Rep. Conf. Genetics,,unambiguous_accepted,wcvp,"{""hybrid"": true, ""nomenclatural_remarks"": "", pro syn."", ""volume_and_page"": ""1906: 240""}"
Laelia sedenii,wcvp,1,Laeliocattleya sedenii,Laeliocattleya sedenii [Homotypic; wcvp],Laelia × sedenii Rchb.f.,Rchb.f.,Orchidaceae,Laeliocattleya,sedenii,Species,,,107179,639796-1,,107070,(1889),Gard. Chron.,,unambiguous_accepted,wcvp,"{""hybrid"": true, ""volume_and_page"": "", ser. 3, 6: 155""}"
Laelia timora,wcvp,1,Laeliocattleya timora,Laeliocattleya timora [Homotypic; wcvp],Laelia × timora N.E.Br.,N.E.Br.,Orchidaceae,Laeliocattleya,timora,Species,,,107184,639802-1,,107081,(1889),Gard. Chron.,,unambiguous_accepted,wcvp,"{""hybrid"": true, ""volume_and_page"": "", ser. 3, 6: 155""}"
Laelia vandenbergiana,wcvp,1,Schomburgkia vandenbergiana,Schomburgkia vandenbergiana [Homotypic; wcvp],"Laelia vandenbergiana (E.M.Pessoa, V.Brito & Ralf-Neto) Van den Berg","(E.M.Pessoa, V.Brito & Ralf-Neto) Van den Berg",Orchidaceae,Laelia,vandenbergiana,Species,,,3306279,77314298-1,,3296148,(2022),Neodiversity,"Brazil (Alagoas, Pernambuco)",unambiguous_accepted,wcvp,"{""climate_description"": ""seasonally dry tropical"", ""volume_and_page"": ""15: 1""}"
Laeliocattleya arnoldiana,wcvp,1,Laelia arnoldiana,Laelia arnoldiana [Homotypic; wcvp],× Laeliocattleya arnoldiana Rolfe,Rolfe,Orchidaceae,Laelia,arnoldiana,Species,,,106909,77243145-1,,107112,(1891),Gard. Chron.,,unambiguous_accepted,wcvp,"{""hybrid"": true, ""volume_and_page"": "", ser. 3, 9: 740""}"
Laeliocattleya cassiope,wcvp,1,Laelia cassiope,Laelia cassiope [Homotypic; wcvp],× Laeliocattleya cassiope Rolfe,Rolfe,Orchidaceae,Laelia,cassiope,Species,,,530199,77191671-1,,107124,(1895-1896),Dict. Prat. Hort.,,unambiguous_accepted,wcvp,"{""hybrid"": true, ""volume_and_page"": ""3: 65""}"
Laeliocattleya ingramii,wcvp,1,Laelia ingramii,Laelia ingramii [Homotypic; wcvp],× Laeliocattleya ingramii Anon.,Anon.,Orchidaceae,Laelia,ingramii,Species,,,530197,77191674-1,,107148,(1895-1896),Dict. Prat. Hort.,,unambiguous_accepted,wcvp,"{""hybrid"": true, ""volume_and_page"": ""3: 68""}"
Laeliocattleya marriottiana,wcvp,1,Laelia marriottiana,Laelia marriottiana [Homotypic; wcvp],× Laeliocattleya marriottiana Mast.,Mast.,Orchidaceae,Laelia,marriottiana,Species,,,530196,77191678-1,,107156,(1895-1896),Dict. Prat. Hort.,,unambiguous_accepted,wcvp,"{""hybrid"": true, ""volume_and_page"": ""3: 68""}"
Laeliocattleya pisandra,wcvp,1,Laelia pisandra,Laelia pisandra [Homotypic; wcvp],× Laeliocattleya pisandra H.J.Veitch,H.J.Veitch,Orchidaceae,Laelia,pisandra,Species,,,530171,77191679-1,,107167,(1895-1896),Dict. Prat. Hort.,,unambiguous_accepted,wcvp,"{""hybrid"": true, ""volume_and_page"": ""3: 69""}"
Laeliocattleya proserpini,wcvp,1,Laelia proserpini,Laelia proserpini [Homotypic; wcvp],× Laeliocattleya proserpini Rolfe ex B.S.Williams,Rolfe ex B.S.Williams,Orchidaceae,Laelia,proserpini,Species,,,530192,77191682-1,,107170,(1895-1896),Dict. Prat. Hort.,,unambiguous_accepted,wcvp,"{""hybrid"": true, ""volume_and_page"": ""3: 69""}"
Laeliocattleya ridolfiana,wcvp,1,Laelia ridolfiana,Laelia ridolfiana [Homotypic; wcvp],× Laeliocattleya ridolfiana Anon.,Anon.,Orchidaceae,Laelia,ridolfiana,Species,,,530183,77191683-1,,107172,(1895-1896),Dict. Prat. Hort.,,unambiguous_accepted,wcvp,"{""hybrid"": true, ""volume_and_page"": ""3: 70""}"
Laeliocattleya sanderae,wcvp,1,Laelia sanderae,Laelia sanderae [Homotypic; wcvp],× Laeliocattleya sanderae Anon.,Anon.,Orchidaceae,Laelia,sanderae,Species,,,530182,77191684-1,,107175,(1895-1896),Dict. Prat. Hort.,,unambiguous_accepted,wcvp,"{""hybrid"": true, ""volume_and_page"": ""3: 70""}"
Laeliocattleya stella,wcvp,1,Laelia stella,Laelia stella [Homotypic; wcvp],× Laeliocattleya stella Rolfe,Rolfe,Orchidaceae,Laelia,stella,Species,,,530181,77191685-1,,107183,(1895-1896),Dict. Prat. Hort.,,unambiguous_accepted,wcvp,"{""hybrid"": true, ""volume_and_page"": ""3: 70""}"
Laeliocattleya welsiana,wcvp,1,Cattleya wellsiana,Cattleya wellsiana [Homotypic; wcvp],× Laeliocattleya welsiana (Anon.) Maron,(Anon.) Maron,Orchidaceae,Cattleya,wellsiana,Species,,,36180,621980-1,,<NA>,(1893),Gard. Chron.,,unambiguous_accepted,wcvp,"{""hybrid"": true, ""volume_and_page"": "", ser. 3, 13: 639""}"
Lankesteriana aurantiaca,wcvp,0,,,Lankesteriana aurantiaca Sambin & Aucourd,Sambin & Aucourd,Orchidaceae,Lankesteriana,aurantiaca,Species,,,3305605,77313417-1,,<NA>,(2023),"Richardiana, N.S.",French Guiana,unambiguous_accepted,wcvp,"{""climate_description"": ""wet tropical"", ""lifeform_description"": ""epiphyte"", ""volume_and_page"": ""7: 64""}"
Lankesteriana greenwoodii,wcvp,0,,,Lankesteriana greenwoodii (Soto Arenas & Salazar) Solano,(Soto Arenas & Salazar) Solano,Orchidaceae,Anathallis,greenwoodii,Species,,,219823,60426615-2,,<NA>,(2002 publ. 2003),Icon. Orchid.,Mexico (N. Oaxaca),unambiguous_accepted,wcvp,"{""climate_description"": ""wet tropical"", ""lifeform_description"": ""epiphyte"", ""volume_and_page"": ""5-6: t. 519""}"
Lankesteriana subapetiola,wcvp,0,,,Lankesteriana subapetiola Sambin & Aucourd,Sambin & Aucourd,Orchidaceae,Lankesteriana,subapetiola,Species,,,3305604,77313418-1,,<NA>,(2023),"Richardiana, N.S.",French Guiana,unambiguous_accepted,wcvp,"{""climate_description"": ""wet tropical"", ""lifeform_description"": ""epiphyte"", ""volume_and_page"": ""7: 69""}"
Lecanorchis malipoensis,wcvp,0,,,Lecanorchis malipoensis X.H.Jin & Y.Jun Wang,X.H.Jin & Y.Jun Wang,Orchidaceae,Lecanorchis,malipoensis,Species,,,3316012,77334287-1,,<NA>,(2024),Phytotaxa,China (S. Yunnan),unambiguous_accepted,wcvp,"{""climate_description"": ""wet tropical"", ""lifeform_description"": ""holomycotrophic rhizomatous geophyte"", ""volume_and_page"": ""633: 177""}"
Lepanthes aguasanta,wcvp,0,,,"Lepanthes aguasanta A.Doucette, H.Medina & J.Portilla","A.Doucette, H.Medina & J.Portilla",Orchidaceae,Lepanthes,aguasanta,Species,,,3306008,77331203-1,,<NA>,(2023),Orchids (West Palm Beach),Ecuador,unambiguous_accepted,wcvp,"{""climate_description"": ""wet tropical"", ""lifeform_description"": ""epiphyte"", ""volume_and_page"": ""92: 871""}"
Lepanthes ansaloniae,wcvp,0,,,"Lepanthes ansaloniae A.Doucette, H.Medina & J.Portilla","A.Doucette, H.Medina & J.Portilla",Orchidaceae,Lepanthes,ansaloniae,Species,,,3306324,77323052-1,,<NA>,(2023),Orchids (West Palm Beach),Ecuador,unambiguous_accepted,wcvp,"{""climate_description"": ""wet tropical"", ""lifeform_description"": ""epiphyte"", ""volume_and_page"": ""92: 453""}"
Lepanthes bachue,wcvp,0,,,"Lepanthes bachue S.Vieira-Uribe, J.S.Moreno & E.Parra","S.Vieira-Uribe, J.S.Moreno & E.Parra",Orchidaceae,Lepanthes,bachue,Species,,,3306014,77332600-1,,<NA>,(2023),Lankesteriana,Colombia,unambiguous_accepted,wcvp,"{""climate_description"": ""seasonally dry tropical"", ""lifeform_description"": ""epiphyte"", ""volume_and_page"": ""23(2): 129""}"
Lepanthes botivana,wcvp,0,,,Lepanthes botivana S.Vieira-Uribe & J.S.Moreno,S.Vieira-Uribe & J.S.Moreno,Orchidaceae,Lepanthes,botivana,Species,,,3316017,77354485-1,,<NA>,(2020),Orquideologia,Colombia,unambiguous_accepted,wcvp,"{""climate_description"": ""wet tropical"", ""lifeform_description"": ""epiphyte"", ""volume_and_page"": ""37: 18""}"
Lepanthes carrizosana,wcvp,0,,,"Lepanthes carrizosana Gal.-Tar., Zuluaga & J.S.Moreno","Gal.-Tar., Zuluaga & J.S.Moreno",Orchidaceae,Lepanthes,carrizosana,Species,,,3305933,77322813-1,,<NA>,(2023),Harvard Pap. Bot.,Colombia,unambiguous_accepted,wcvp,"{""climate_description"": ""wet tropical"", ""lifeform_description"": ""epiphyte"", ""volume_and_page"": ""28: 89""}"
Lepanthes chalalensis,wcvp,0,,,Lepanthes chalalensis E.Restrepo & E.Parra,E.Restrepo & E.Parra,Orchidaceae,Lepanthes,chalalensis,Species,,,3316079,77351099-1,,<NA>,(2024),Lankesteriana,Colombia,unambiguous_accepted,wcvp,"{""climate_description"": ""wet tropical"", ""lifeform_description"": ""epiphyte"", ""volume_and_page"": ""24: 133""}"
Lepanthes cochlearifolia,wfo,0,,,Lepanthes cochlearifolia (Sw.) Sw.,(Sw.) Sw.,Orchidaceae,Lepanthes,cochlearifolia,species,,,,,wfo-0000224957,,"Nova Acta Regiae Soc. Sci. Upsal., ser. 2, 6: 86 (1799)",,,unambiguous_accepted,wfo,"{""majorGroup"": ""A"", ""originalNameUsageID"": ""wfo-0000949822"", ""references"": ""https://powo.science.kew.org/taxon/urn:lsid:ipni.org:names:639970-1"", ""source"": ""World Checklist of Vascular Plants. Facilitated by the Royal Botanic Gardens, Kew."", ""taxonRemarks"": ""Source in seed data: wcs Updated scientificnameAuthorship from (Sw.) Sw. to Sw., information provided by Alan E. on email Oct. 12 2020 More details could be found in <a href=http://www.theplantlist.org/tpl1.1/record/kew-109800 >The Plant List v.1.1.</a>"", ""tplId"": ""kew-109800"", ""wfo_nomenclatural_status"": ""Valid""}"
Lepanthes cordillerana,wcvp,0,,,"Lepanthes cordillerana E.Restrepo, J.S.Moreno & Gal.-Tar.","E.Restrepo, J.S.Moreno & Gal.-Tar.",Orchidaceae,Lepanthes,cordillerana,Species,,,3306163,77323672-1,,<NA>,(2023),Phytotaxa,Colombia,unambiguous_accepted,wcvp,"{""climate_description"": ""wet tropical"", ""lifeform_description"": ""epiphyte"", ""volume_and_page"": ""603: 71""}"
Lepanthes cornuta,wcvp,0,,,"Lepanthes cornuta A.Doucette, H.Medina & J.Portilla","A.Doucette, H.Medina & J.Portilla",Orchidaceae,Lepanthes,cornuta,Species,,,3316249,77337913-1,,<NA>,(2024),Orchids (West Palm Beach),Ecuador,unambiguous_accepted,wcvp,"{""climate_description"": ""wet tropical"", ""lifeform_description"": ""epiphyte"", ""volume_and_page"": ""93: 147""}"
Lepanthes dianauribeana,wcvp,0,,,"Lepanthes dianauribeana Gal.-Tar., J.S.Moreno, Zuluaga & Sierra-Ariza","Gal.-Tar., J.S.Moreno, Zuluaga & Sierra-Ariza",Orchidaceae,Lepanthes,dianauribeana,Species,,,3315996,77334285-1,,<NA>,(2023),Harvard Pap. Bot.,Colombia,unambiguous_accepted,wcvp,"{""climate_description"": ""wet tropical"", ""lifeform_description"": ""epiphyte"", ""volume_and_page"": ""28: 668""}"
Lepanthes discophylla,wcvp,0,,,"Lepanthes discophylla A.Doucette, H.Medina & J.Portilla","A.Doucette, H.Medina & J.Portilla",Orchidaceae,Lepanthes,discophylla,Species,,,3316268,77337921-1,,<NA>,(2024),Orchids (West Palm Beach),Ecuador,unambiguous_accepted,wcvp,"{""climate_description"": ""wet tropical"", ""lifeform_description"": ""epiphyte"", ""volume_and_page"": ""93: 67""}"
Lepanthes extrinsecus,wfo,0,,,Lepanthes extrinsecus Luer & Hirtz,Luer & Hirtz,Orchidaceae,Lepanthes,extrinsecus,species,,,,,wfo-0001088915,,17949,,,unambiguous_accepted,wfo,"{""majorGroup"": ""A"", ""source"": ""World Checklist of Vascular Plants. Facilitated by the Royal Botanic Gardens, Kew."", ""taxonRemarks"": ""Source in seed data: tro More details could be found in <a href=http://www.theplantlist.org/tpl1.1/record/tro-23521600 >The Plant List v.1.1.</a> Originally in <a href=http://www.theplantlist.org/tpl/record/tro-23521600 >The Plant List v.1.0</a>"", ""tplId"": ""tro-23521600"", ""wfo_nomenclatural_status"": ""Valid""}"
Lepanthes fusca,wcvp,0,,,"Lepanthes fusca A.Doucette, H.Medina & J.Portilla","A.Doucette, H.Medina & J.Portilla",Orchidaceae,Lepanthes,fusca,Species,,,3316265,77337914-1,,<NA>,(2024),Orchids (West Palm Beach),Ecuador,unambiguous_accepted,wcvp,"{""climate_description"": ""wet tropical"", ""lifeform_description"": ""epiphyte"", ""volume_and_page"": ""93: 149""}"
Lepanthes garciarovirensis,wcvp,0,,,"Lepanthes garciarovirensis E.Restrepo, H.Caro & S.M.Arango","E.Restrepo, H.Caro & S.M.Arango",Orchidaceae,Lepanthes,garciarovirensis,Species,,,3316087,77348231-1,,<NA>,(2024),Phytotaxa,Colombia,unambiguous_accepted,wcvp,"{""climate_description"": ""wet tropical"", ""lifeform_description"": ""epiphyte"", ""volume_and_page"": ""664: 192""}"
Lepanthes gloriae,wcvp,0,,,"Lepanthes gloriae S.Vieira-Uribe, J.S.Moreno & Pérez-Arcila","S.Vieira-Uribe, J.S.Moreno & Pérez-Arcila",Orchidaceae,Lepanthes,gloriae,Species,,,3316163,77344735-1,,<NA>,(2021),Orquideologia,Colombia,unambiguous_accepted,wcvp,"{""climate_description"": ""wet tropical"", ""lifeform_description"": ""epiphyte"", ""volume_and_page"": ""38: 6, 14""}"
Lepanthes groeninkiana,wcvp,0,,,"Lepanthes groeninkiana A.Doucette, H.Medina & J.Portilla","A.Doucette, H.Medina & J.Portilla",Orchidaceae,Lepanthes,groeninkiana,Species,,,3306005,77329952-1,,<NA>,(2023),Orchids (West Palm Beach),Ecuador,unambiguous_accepted,wcvp,"{""climate_description"": ""wet tropical"", ""lifeform_description"": ""epiphyte"", ""volume_and_page"": ""92: 695""}"
Lepanthes guachisacana,wcvp,0,,,"Lepanthes guachisacana A.Doucette, H.Medina & J.Portilla","A.Doucette, H.Medina & J.Portilla",Orchidaceae,Lepanthes,guachisacana,Species,,,3306009,77331204-1,,<NA>,(2023),Orchids (West Palm Beach),Ecuador,unambiguous_accepted,wcvp,"{""climate_description"": ""wet tropical"", ""lifeform_description"": ""epiphyte"", ""volume_and_page"": ""92: 872""}"
Lepanthes gutula-sanguinis,wfo,0,,,Lepanthes gutula-sanguinis Luer & R.Escobar,Luer & R.Escobar,Orchidaceae,Lepanthes,gutula-sanguinis,species,,,,,wfo-0000225225,,Orquideologia 17(3): 188. 1988,,,unambiguous_accepted,wfo,"{""majorGroup"": ""A"", ""source"": ""World Checklist of Vascular Plants. Facilitated by the Royal Botanic Gardens, Kew."", ""taxonRemarks"": ""Source in seed data: wcs Updated namepublishedIn from Orquideologia 17: 188 1988 to Orquideologia 17(3): 188. 1988 , information provided by Alan E. on email Oct. 12 2020 More details could be found in <a href=http://www.theplantlist.org/tpl1.1/record/ke"", ""tplId"": ""kew-110041"", ""wfo_nomenclatural_status"": ""Valid""}"
Lepanthes inesmanzanoae,wcvp,0,,,Lepanthes inesmanzanoae Monteros & E.Restrepo,Monteros & E.Restrepo,Orchidaceae,Lepanthes,inesmanzanoae,Species,,,3306332,77329788-1,,<NA>,(2023),Phytotaxa,Ecuador,unambiguous_accepted,wcvp,"{""climate_description"": ""wet tropical"", ""lifeform_description"": ""epiphyte"", ""volume_and_page"": ""622: 205""}"
Lepanthes ingapircae,wcvp,0,,,"Lepanthes ingapircae A.Doucette, H.Medina & J.Portilla","A.Doucette, H.Medina & J.Portilla",Orchidaceae,Lepanthes,ingapircae,Species,,,3306246,77324886-1,,<NA>,(2023),Orchids (West Palm Beach),Ecuador,unambiguous_accepted,wcvp,"{""climate_description"": ""wet tropical"", ""lifeform_description"": ""epiphyte"", ""volume_and_page"": ""92: 538""}"
Lepanthes isabelii,wfo,0,,,Lepanthes isabelii Archila,Archila,Orchidaceae,Lepanthes,isabelii,species,,,,,wfo-0000838792,,Revista Guatemalensis 1(1): 7,,,unambiguous_accepted,wfo,"{""majorGroup"": ""A"", ""references"": ""https://powo.science.kew.org/taxon/urn:lsid:ipni.org:names:60453154-2"", ""source"": ""World Checklist of Vascular Plants. Facilitated by the Royal Botanic Gardens, Kew."", ""taxonRemarks"": ""Source in seed data: wcs Update namepublishedIn from Revista Guatemalensis 1(1): 7 (-13; fig.). 1998 [Jan 1998] to Revista Guatemalensis 1(1): 7 (1998), information provided by Alan E. on email Jun. 07 2021 More details could be found in <a href=http://w"", ""tplId"": ""kew-376099"", ""wfo_nomenclatural_status"": ""Valid""}"
Lepanthes ivanportillae,wcvp,0,,,"Lepanthes ivanportillae A.Doucette, H.Medina & J.Portilla","A.Doucette, H.Medina & J.Portilla",Orchidaceae,Lepanthes,ivanportillae,Species,,,3306296,77327211-1,,<NA>,(2023),Orchids (West Palm Beach),Ecuador,unambiguous_accepted,wcvp,"{""climate_description"": ""wet tropical"", ""lifeform_description"": ""epiphyte"", ""volume_and_page"": ""92: 617""}"
Lepanthes jamiesonii,wfo,0,,,Lepanthes jamiesonii Lindl. ex Rchb.f.,Lindl. ex Rchb.f.,Orchidaceae,Lepanthes,delphax,species,,,,,wfo-0000225046,,Phytologia 54: 339 (1983),,,unambiguous_accepted,wfo,"{""majorGroup"": ""A"", ""references"": ""https://powo.science.kew.org/taxon/urn:lsid:ipni.org:names:137485-2"", ""source"": ""World Checklist of Vascular Plants. Facilitated by the Royal Botanic Gardens, Kew."", ""taxonRemarks"": ""Source in seed data: wcs Update namepublishedIn from Phytologia 54: 339 1983 to Phytologia 54: 339 (1983), information provided by Alan E. on email Jun. 07 2021 More details could be found in <a href=http://www.theplantlist.org/tpl1.1/record/kew-109881 >"", ""tplId"": ""kew-109881"", ""wfo_nomenclatural_status"": ""Valid""}"
Lepanthes kakabadseae,wcvp,0,,,"Lepanthes kakabadseae A.Doucette, H.Medina & J.Portilla","A.Doucette, H.Medina & J.Portilla",Orchidaceae,Lepanthes,kakabadseae,Species,,,3306310,77329013-1,,<NA>,(2023),Orchids (West Palm Beach),Ecuador,unambiguous_accepted,wcvp,"{""climate_description"": ""wet tropical"", ""lifeform_description"": ""epiphyte"", ""volume_and_page"": ""92: 791""}"
Lepanthes koritsi,wcvp,0,,,"Lepanthes koritsi A.Doucette, H.Medina & J.Portilla","A.Doucette, H.Medina & J.Portilla",Orchidaceae,Lepanthes,koritsi,Species,,,3316279,77337922-1,,<NA>,(2024),Orchids (West Palm Beach),Ecuador,unambiguous_accepted,wcvp,"{""climate_description"": ""wet tropical"", ""lifeform_description"": ""epiphyte"", ""volume_and_page"": ""93: 69""}"
Lepanthes laurarestrepoana,wcvp,0,,,"Lepanthes laurarestrepoana J.S.Moreno, Gal.-Tar. & Sierra-Ariza","J.S.Moreno, Gal.-Tar. & Sierra-Ariza",Orchidaceae,Lepanthes,laurarestrepoana,Species,,,3316002,77334288-1,,<NA>,(2023),Harvard Pap. Bot.,Colombia,unambiguous_accepted,wcvp,"{""climate_description"": ""wet tropical"", ""lifeform_description"": ""epiphyte"", ""volume_and_page"": ""28: 675""}"
Lepanthes loxensis,wcvp,0,,,"Lepanthes loxensis A.Doucette, H.Medina & J.Portilla","A.Doucette, H.Medina & J.Portilla",Orchidaceae,Lepanthes,loxensis,Species,,,3306295,77327212-1,,<NA>,(2023),Orchids (West Palm Beach),Ecuador,unambiguous_accepted,wcvp,"{""climate_description"": ""wet tropical"", ""lifeform_description"": ""epiphyte"", ""volume_and_page"": ""92: 618""}"
Lepanthes margaritamarinoana,wcvp,0,,,"Lepanthes margaritamarinoana Gal.-Tar., Zuluaga, J.S.Moreno & Sierra-Ariza","Gal.-Tar., Zuluaga, J.S.Moreno & Sierra-Ariza",Orchidaceae,Lepanthes,margaritamarinoana,Species,,,3316001,77334289-1,,<NA>,(2023),Harvard Pap. Bot.,Colombia,unambiguous_accepted,wcvp,"{""climate_description"": ""wet tropical"", ""lifeform_description"": ""epiphyte"", ""volume_and_page"": ""28: 679""}"
Lepanthes markchooana,wcvp,0,,,"Lepanthes markchooana A.Doucette, H.Medina & J.Portilla","A.Doucette, H.Medina & J.Portilla",Orchidaceae,Lepanthes,markchooana,Species,,,3305840,77321187-1,,<NA>,(2023),Orchids (West Palm Beach),Ecuador,unambiguous_accepted,wcvp,"{""climate_description"": ""wet tropical"", ""lifeform_description"": ""epiphyte"", ""volume_and_page"": ""92: 374""}"
Lepanthes marta-herrae,wcvp,0,,,Lepanthes marta-herrae Bogarín & Pupulin,Bogarín & Pupulin,Orchidaceae,Lepanthes,marta-herrae,Species,,,538757,77209296-1,,<NA>,(2020),"Vanishing Beauty, Native Costa Rican Orchids",Costa Rica,unambiguous_accepted,wcvp,"{""climate_description"": ""wet tropical"", ""lifeform_description"": ""epiphyte"", ""volume_and_page"": ""2: 450""}"
Lepanthes martaherrae,wfo,0,,,Lepanthes martaherrae Bogarín & Pupulin,Bogarín & Pupulin,Orchidaceae,Lepanthes,martaherrae,species,,,,,wfo-1000023416,,"Vanishing Beauty, Native Costa Rican Orchids 2: 450 (2020)",,,unambiguous_accepted,wfo,"{""majorGroup"": ""A"", ""references"": ""https://powo.science.kew.org/taxon/urn:lsid:ipni.org:names:77209296-1"", ""source"": ""World Checklist of Vascular Plants. Facilitated by the Royal Botanic Gardens, Kew."", ""wfo_nomenclatural_status"": ""Valid""}"
Lepanthes microcalodictyon,wfo,0,,,Lepanthes microcalodictyon J.S.Moreno & Baquero,J.S.Moreno & Baquero,Orchidaceae,Lepanthes,microcalodictyon,species,,,,,wfo-1000023417,,Harvard Pap. Bot. 25: 101 (2020),,,unambiguous_accepted,wfo,"{""majorGroup"": ""A"", ""references"": ""https://powo.science.kew.org/taxon/urn:lsid:ipni.org:names:77211961-1"", ""source"": ""World Checklist of Vascular Plants. Facilitated by the Royal Botanic Gardens, Kew."", ""wfo_nomenclatural_status"": ""Valid""}"
Lepanthes microcalodyction,wcvp,0,,,Lepanthes microcalodyction J.S.Moreno & Baquero,J.S.Moreno & Baquero,Orchidaceae,Lepanthes,microcalodyction,Species,,,539804,77211961-1,,<NA>,(2020),Harvard Pap. Bot.,Colombia,unambiguous_accepted,wcvp,"{""climate_description"": ""wet tropical"", ""lifeform_description"": ""epiphyte"", ""volume_and_page"": ""25: 101""}"
Lepanthes mindoensis,wcvp,0,,,"Lepanthes mindoensis A.Doucette, H.Medina & J.Portilla","A.Doucette, H.Medina & J.Portilla",Orchidaceae,Lepanthes,mindoensis,Species,,,3306318,77329014-1,,<NA>,(2023),Orchids (West Palm Beach),Ecuador,unambiguous_accepted,wcvp,"{""climate_description"": ""wet tropical"", ""lifeform_description"": ""epiphyte"", ""volume_and_page"": ""92: 792""}"
Lepanthes mononoke,wcvp,0,,,Lepanthes mononoke A.Doucette & Ocupa,A.Doucette & Ocupa,Orchidaceae,Lepanthes,mononoke,Species,,,3316048,77353486-1,,<NA>,(2024),Orchids (West Palm Beach),Peru,unambiguous_accepted,wcvp,"{""climate_description"": ""wet tropical"", ""lifeform_description"": ""epiphyte"", ""volume_and_page"": ""93: 869""}"
Lepanthes moronasantiagoensis,wcvp,0,,,"Lepanthes moronasantiagoensis A.Doucette, H.Medina & J.Portilla","A.Doucette, H.Medina & J.Portilla",Orchidaceae,Lepanthes,moronasantiagoensis,Species,,,3306004,77329953-1,,<NA>,(2023),Orchids (West Palm Beach),Ecuador,unambiguous_accepted,wcvp,"{""climate_description"": ""wet tropical"", ""lifeform_description"": ""epiphyte"", ""volume_and_page"": ""92: 697""}"
Lepanthes nubiamunoziana,wcvp,0,,,"Lepanthes nubiamunoziana J.S.Moreno, Gal.-Tar. & Zuluaga","J.S.Moreno, Gal.-Tar. & Zuluaga",Orchidaceae,Lepanthes,nubiamunoziana,Species,,,3315999,77334291-1,,<NA>,(2023),Harvard Pap. Bot.,Colombia,unambiguous_accepted,wcvp,"{""climate_description"": ""wet tropical"", ""volume_and_page"": ""28: 686""}"
Lepanthes nymphaliflora,wcvp,0,,,"Lepanthes nymphaliflora A.Doucette, H.Medina & J.Portilla","A.Doucette, H.Medina & J.Portilla",Orchidaceae,Lepanthes,nymphaliflora,Species,,,3316280,77337923-1,,<NA>,(2024),Orchids (West Palm Beach),Ecuador,unambiguous_accepted,wcvp,"{""climate_description"": ""wet tropical"", ""lifeform_description"": ""epiphyte"", ""volume_and_page"": ""93: 71""}"
Lepanthes obcuneiformis,wfo,0,,,Lepanthes obcuneiformis Luer,Luer,Orchidaceae,Lepanthes,obcuneiformis,species,,,,,wfo-0001248443,,,,,unambiguous_accepted,wfo,"{""majorGroup"": ""A"", ""source"": ""World Checklist of Vascular Plants. Facilitated by the Royal Botanic Gardens, Kew."", ""taxonRemarks"": ""Source in seed data: tro More details could be found in <a href=http://www.theplantlist.org/tpl1.1/record/tro-50146331 >The Plant List v.1.1.</a> Originally in <a href=http://www.theplantlist.org/tpl/record/tro-50146331 >The Plant List v.1.0</a>"", ""tplId"": ""tro-50146331"", ""wfo_nomenclatural_status"": ""Valid""}"
Lepanthes oroana,wcvp,0,,,"Lepanthes oroana A.Doucette, H.Medina & J.Portilla","A.Doucette, H.Medina & J.Portilla",Orchidaceae,Lepanthes,oroana,Species,,,3316258,77337915-1,,<NA>,(2024),Orchids (West Palm Beach),Ecuador,unambiguous_accepted,wcvp,"{""climate_description"": ""wet tropical"", ""lifeform_description"": ""epiphyte"", ""volume_and_page"": ""93: 152""}"
Lepanthes oscariorum,wcvp,0,,,Lepanthes oscariorum Archila,Archila,Orchidaceae,Lepanthes,oscariorum,Species,,,458115,77097173-1,,<NA>,(2001),Lepanthes Guatemala,Guatemala,unambiguous_accepted,wcvp,"{""climate_description"": ""wet tropical"", ""lifeform_description"": ""epiphyte"", ""volume_and_page"": "": 193""}"
Lepanthes paivana,wfo,0,,,Lepanthes paivana Rchb.f.,Rchb.f.,Orchidaceae,Lepanthes,paivana,species,,,,,wfo-0000225557,,Xenia Orchid. 3: 26 (1881),,,unambiguous_accepted,wfo,"{""majorGroup"": ""A"", ""references"": ""https://powo.science.kew.org/taxon/urn:lsid:ipni.org:names:640124-1"", ""source"": ""World Checklist of Vascular Plants. Facilitated by the Royal Botanic Gardens, Kew."", ""taxonRemarks"": ""Source in seed data: wcs Update namepublishedIn from Xenia Orchid. 3(2): 26. 1881 [15 Oct 1881] (as paivaeana) to Xenia Orchid. 3: 26 (1881), information provided by Alan E. on email Jun. 07 2021 More details could be found in <a href=http://www.theplant"", ""tplId"": ""kew-110342"", ""wfo_nomenclatural_status"": ""Valid""}"
Lepanthes panguinensis,wcvp,0,,,"Lepanthes panguinensis A.Doucette, H.Medina & J.Portilla","A.Doucette, H.Medina & J.Portilla",Orchidaceae,Lepanthes,panguinensis,Species,,,3306315,77329015-1,,<NA>,(2023),Orchids (West Palm Beach),Ecuador,unambiguous_accepted,wcvp,"{""climate_description"": ""wet tropical"", ""lifeform_description"": ""epiphyte"", ""volume_and_page"": ""92: 796""}"
Lepanthes paolaalzateana,wcvp,0,,,"Lepanthes paolaalzateana Gal.-Tar., J.S.Moreno & Zuluaga","Gal.-Tar., J.S.Moreno & Zuluaga",Orchidaceae,Lepanthes,paolaalzateana,Species,,,3315998,77334292-1,,<NA>,(2023),Harvard Pap. Bot.,Colombia,unambiguous_accepted,wcvp,"{""climate_description"": ""wet tropical"", ""lifeform_description"": ""epiphyte"", ""volume_and_page"": ""28: 686""}"
Lepanthes platysomata,wfo,0,,,Lepanthes platysomata Luer,Luer,Orchidaceae,Lepanthes,platysomata,species,,,,,wfo-0001259945,,,,,unambiguous_accepted,wfo,"{""majorGroup"": ""A"", ""source"": ""World Checklist of Vascular Plants. Facilitated by the Royal Botanic Gardens, Kew."", ""taxonRemarks"": ""Source in seed data: tro More details could be found in <a href=http://www.theplantlist.org/tpl1.1/record/tro-50194007 >The Plant List v.1.1.</a> Originally in <a href=http://www.theplantlist.org/tpl/record/tro-50194007 >The Plant List v.1.0</a>"", ""tplId"": ""tro-50194007"", ""wfo_nomenclatural_status"": ""Valid""}"
Lepanthes pleurica,wfo,0,,,Lepanthes pleurica Luer,Luer,Orchidaceae,Lepanthes,pleurica,species,,,,,wfo-0001248444,,,,,unambiguous_accepted,wfo,"{""majorGroup"": ""A"", ""source"": ""World Checklist of Vascular Plants. Facilitated by the Royal Botanic Gardens, Kew."", ""taxonRemarks"": ""Source in seed data: tro More details could be found in <a href=http://www.theplantlist.org/tpl1.1/record/tro-50146332 >The Plant List v.1.1.</a> Originally in <a href=http://www.theplantlist.org/tpl/record/tro-50146332 >The Plant List v.1.0</a>"", ""tplId"": ""tro-50146332"", ""wfo_nomenclatural_status"": ""Valid""}"
Lepanthes pseudoabitaguae,wcvp,0,,,"Lepanthes pseudoabitaguae N.Gut., Gil-Amaya & J.S.Moreno","N.Gut., Gil-Amaya & J.S.Moreno",Orchidaceae,Lepanthes,pseudoabitaguae,Species,,,3316179,77344727-1,,<NA>,(2024),Lankesteriana,Colombia,unambiguous_accepted,wcvp,"{""climate_description"": ""wet tropical"", ""lifeform_description"": ""epiphyte"", ""volume_and_page"": ""24: 50""}"
Lepanthes pupuliniana,wcvp,0,,,"Lepanthes pupuliniana A.Doucette, H.Medina & J.Portilla","A.Doucette, H.Medina & J.Portilla",Orchidaceae,Lepanthes,pupuliniana,Species,,,3305961,77317215-1,,<NA>,(2023),Orchids (West Palm Beach),Ecuador,unambiguous_accepted,wcvp,"{""climate_description"": ""wet tropical"", ""lifeform_description"": ""epiphyte"", ""volume_and_page"": ""92: 298""}"
Lepanthes salgadoana,wcvp,0,,,"Lepanthes salgadoana A.Doucette, H.Medina & J.Portilla","A.Doucette, H.Medina & J.Portilla",Orchidaceae,Lepanthes,salgadoana,Species,,,3306329,77323056-1,,<NA>,(2023),Orchids (West Palm Beach),Ecuador,unambiguous_accepted,wcvp,"{""climate_description"": ""wet tropical"", ""lifeform_description"": ""epiphyte"", ""volume_and_page"": ""92: 456""}"
Lepanthes salpingosa,wfo,0,,,Lepanthes salpingosa Luer & Sijm,Luer & Sijm,Orchidaceae,Lepanthes,salpingosa,species,,,,,wfo-0001331610,,Selbyana 30: 13 (2009),,,unambiguous_accepted,wfo,"{""majorGroup"": ""A"", ""references"": ""https://powo.science.kew.org/taxon/urn:lsid:ipni.org:names:77102306-1"", ""source"": ""World Checklist of Vascular Plants. Facilitated by the Royal Botanic Gardens, Kew."", ""taxonRemarks"": ""Source in seed data: ipni Update namepublishedIn from Selbyana 30(1): 13 (-14; fig. 25). 2009 [16 Jun 2009] to Selbyana 30: 13 (2009), information provided by Alan E. on email Jun. 07 2021"", ""wfo_nomenclatural_status"": ""Valid""}"
Lepanthes saraguensis,wcvp,0,,,"Lepanthes saraguensis A.Doucette, H.Medina & J.Portilla","A.Doucette, H.Medina & J.Portilla",Orchidaceae,Lepanthes,saraguensis,Species,,,3306010,77331205-1,,<NA>,(2023),Orchids (West Palm Beach),Ecuador,unambiguous_accepted,wcvp,"{""climate_description"": ""wet tropical"", ""lifeform_description"": ""epiphyte"", ""volume_and_page"": ""92: 876""}"
Lepanthes silviocabrerana,wcvp,0,,,"Lepanthes silviocabrerana A.Doucette, H.Medina & J.Portilla","A.Doucette, H.Medina & J.Portilla",Orchidaceae,Lepanthes,silviocabrerana,Species,,,3305997,77329954-1,,<NA>,(2023),Orchids (West Palm Beach),Ecuador,unambiguous_accepted,wcvp,"{""climate_description"": ""wet tropical"", ""lifeform_description"": ""epiphyte"", ""volume_and_page"": ""92: 698""}"
Lepanthes vereaurum,wfo,0,,,Lepanthes vereaurum J.J.Donoso & Baquero,J.J.Donoso & Baquero,Orchidaceae,Lepanthes,vereaurum,species,,,,,wfo-1000023421,,Lankesteriana 20: 257 (2020),,,unambiguous_accepted,wfo,"{""majorGroup"": ""A"", ""references"": ""https://powo.science.kew.org/taxon/urn:lsid:ipni.org:names:77219096-1"", ""source"": ""World Checklist of Vascular Plants. Facilitated by the Royal Botanic Gardens, Kew."", ""wfo_nomenclatural_status"": ""Valid""}"
Lepanthes victorgonzalezii,wcvp,0,,,Lepanthes victorgonzalezii K.W.Holcomb,K.W.Holcomb,Orchidaceae,Lepanthes,victorgonzalezii,Species,,,3316029,77334312-1,,<NA>,(2024),Pleurothallidinae,S. Mexico (?),unambiguous_accepted,wcvp,"{""climate_description"": ""wet tropical"", ""lifeform_description"": ""epiphyte"", ""volume_and_page"": ""3(1): 1""}"
Liparis altomayoensis,wcvp,0,,,Liparis altomayoensis Salazar & Edquén,Salazar & Edquén,Orchidaceae,Liparis,altomayoensis,Species,,,3305948,77317365-1,,<NA>,(2023),PhytoKeys,Peru,unambiguous_accepted,wcvp,"{""climate_description"": ""wet tropical"", ""volume_and_page"": ""224: 91""}"
Liparis bemarahensis,wcvp,0,,,Liparis bemarahensis Hermans,Hermans,Orchidaceae,Liparis,bemarahensis,Species,,,3310706,<NA>,,<NA>,(2020),Kew Bull.,Madagascar,unambiguous_accepted,wcvp,"{""climate_description"": ""seasonally dry tropical"", ""volume_and_page"": ""75(1)-1: 25""}"
Liparis bomiensis,wcvp,0,,,Liparis bomiensis X.H.Jin & C.Ye,X.H.Jin & C.Ye,Orchidaceae,Liparis,bomiensis,Species,,,3316115,77334520-1,,<NA>,(2024),Phytotaxa,Tibet,unambiguous_accepted,wcvp,"{""climate_description"": ""temperate"", ""volume_and_page"": ""634: 92""}"
Liparis bosseri,wcvp,0,,,Liparis bosseri Hermans,Hermans,Orchidaceae,Liparis,bosseri,Species,,,3310707,<NA>,,<NA>,(2020),Kew Bull.,Madagascar,unambiguous_accepted,wcvp,"{""climate_description"": ""seasonally dry tropical"", ""volume_and_page"": ""75(1)-1: 33""}"
Liparis caespitosa,cites_csv,0,,,Liparis caespitosa (Thouars) Lindl.,(Thouars) Lindl.,Orchidaceae,Liparis,caespitosa,SPECIES,II,,,,,,,,"American Samoa,China,Fiji,India,Indonesia,Lao People's Democratic Republic,Madagascar,Malawi,Malaysia,Mauritius,Mozambique,Nepal,New Caledonia,Papua New Guinea,Philippines,Réunion,Solomon Islands,Sri Lanka,Thailand,Uganda,United Republic of Tanzania,Vanuatu",unambiguous_accepted,cites_csv,"{""All_DistributionISOCodes"": ""AS,CN,FJ,IN,ID,LA,MG,MW,MY,MU,MZ,NP,NC,PG,PH,RE,SB,LK,TH,UG,TZ,VU"", ""NativeDistributionFullNames"": ""American Samoa,China,Fiji,India,Indonesia,Lao People's Democratic Republic,Madagascar,Malawi,Malaysia,Mauritius,Mozambique,Nepal,New Caledonia,Papua New Guinea,Philippines,Réunion,Solomon Islands,Sri Lanka,Thailand,Uganda,United Republic of Tanzania,Vanuatu""}"
Liparis cauliflora,wfo,0,,,Liparis cauliflora Merr.,Merr.,Orchidaceae,Liparis,cauliflora,species,,,,,wfo-0000228018,,"in Elmer, Leafl. Philipp. Bot. vi. 1960 (1913).",,,unambiguous_accepted,wfo,"{""majorGroup"": ""A"", ""source"": ""World Checklist of Vascular Plants. Facilitated by the Royal Botanic Gardens, Kew."", ""taxonRemarks"": ""Source in seed data: wcs Leave these as they are. Our data is complete. Issue is the IPNI link., information provided by Alan E. on email Oct. 14 2020 More details could be found in <a href=http://www.theplantlist.org/tpl1.1/record/kew-112720 >The Plant"", ""tplId"": ""kew-112720"", ""wfo_nomenclatural_status"": ""Valid""}"
Liparis chantaliae,wcvp,0,,,Liparis chantaliae Hermans & Hervouet,Hermans & Hervouet,Orchidaceae,Liparis,chantaliae,Species,,,3310708,<NA>,,<NA>,(2020),Kew Bull.,Madagascar,unambiguous_accepted,wcvp,"{""climate_description"": ""seasonally dry tropical"", ""volume_and_page"": ""75(1)-1: 45""}"
Liparis dendrochilum,wcvp,1,Leptorkis dendrochilum,Leptorkis dendrochilum [Homotypic; wcvp],Liparis dendrochilum Rchb.f.,Rchb.f.,Orchidaceae,Leptorkis,dendrochilum,Species,,,111141,640329-1,,112775,(1891),Revis. Gen. Pl.,,unambiguous_accepted,wcvp,"{""volume_and_page"": ""2: 671""}"
Liparis dolichobulbon,wcvp,1,Cestichis dolichobulbon,Cestichis dolichobulbon [Homotypic; wcvp],Liparis dolichobulbon Schltr.,Schltr.,Orchidaceae,Cestichis,dolichobulbon,Species,,,331331,77068321-1,,112787,(2005),Orchadian,Papua New Guinea,unambiguous_accepted,wcvp,"{""volume_and_page"": ""15: 39""}"
Liparis dolichostachya,wcvp,1,Cestichis dolichostachya,Cestichis dolichostachya [Homotypic; wcvp],Liparis dolichostachya Fukuy.,Fukuy.,Orchidaceae,Cestichis,dolichostachya,Species,,,37293,622612-1,,112789,(1939),Bot. Mag. (Tokyo),,unambiguous_accepted,wcvp,"{""volume_and_page"": ""53: 52""}"
Liparis electricolor,wcvp,0,,,Liparis electricolor Marg.,Marg.,Orchidaceae,Liparis,electricolor,Species,,,3306260,77332486-1,,<NA>,(2023),Phytotaxa,Trop. Asia (?),unambiguous_accepted,wcvp,"{""climate_description"": ""wet tropical"", ""volume_and_page"": ""629: 290""}"
Liparis esmahaniae-hefiediae,wcvp,0,,,"Liparis esmahaniae-hefiediae Eb.Fisch., B.Dumbo & L.Dumbo","Eb.Fisch., B.Dumbo & L.Dumbo",Orchidaceae,Liparis,esmahaniae-hefiediae,Species,,,3306208,77329044-1,,<NA>,(2023),"Orchidee, Taxon. Mitt.",DR Congo,unambiguous_accepted,wcvp,"{""climate_description"": ""wet tropical"", ""volume_and_page"": ""9(5): 37""}"
Liparis jovis-pluvii,wfo,2,"Leptorchis jovis-pluvii, Leptorkis jovis-pluvii","Leptorchis jovis-pluvii [Unknown; wfo], Leptorkis jovis-pluvii [Unknown; wfo]",Liparis jovis-pluvii C.S.P.Parish & Rchb.f.,C.S.P.Parish & Rchb.f.,Orchidaceae,Leptorkis,jovispluvii,species,,,,,wfo-0000226425,,Revis. Gen. Pl. 2: 671 (1891),,,unambiguous_accepted,wfo,"{""majorGroup"": ""A"", ""originalNameUsageID"": ""wfo-0000228227"", ""references"": ""https://powo.science.kew.org/taxon/urn:lsid:ipni.org:names:640357-1"", ""source"": ""World Checklist of Vascular Plants. Facilitated by the Royal Botanic Gardens, Kew."", ""taxonRemarks"": ""Source in seed data: wcs Update namepublishedIn from Revis. Gen. Pl. 2: 671 1891 to Revis. Gen. Pl. 2: 671 (1891), information provided by Alan E. on email Jun. 07 2021 More details could be found in <a href=http://www.theplantlist.org/tpl1.1/record/kew-"", ""tplId"": ""kew-111168"", ""wfo_nomenclatural_status"": ""Valid""}"
Liparis killmanniae,wcvp,0,,,"Liparis killmanniae Eb.Fisch., J.-P.Lebel, Delep., Stévart & Farminhão","Eb.Fisch., J.-P.Lebel, Delep., Stévart & Farminhão",Orchidaceae,Liparis,killmanniae,Species,,,3315980,77335526-1,,<NA>,(2024),"Orchidee, Taxon. Mitt.",EC. Trop. Africa to W. Uganda,unambiguous_accepted,wcvp,"{""climate_description"": ""wet tropical"", ""lifeform_description"": ""pseudobulbous epiphyte"", ""volume_and_page"": ""10: 12""}"
Liparis laurentii,wcvp,0,,,Liparis laurentii Hermans & Nusb.,Hermans & Nusb.,Orchidaceae,Liparis,laurentii,Species,,,3310709,<NA>,,<NA>,(2020),Kew Bull.,Madagascar,unambiguous_accepted,wcvp,"{""climate_description"": ""seasonally dry tropical"", ""volume_and_page"": ""75(1)-1: 75""}"
Liparis longa,wcvp,1,Leptorkis longa,Leptorkis longa [Homotypic; wcvp],Liparis longa Rchb.f.,Rchb.f.,Orchidaceae,Leptorkis,longa,Species,,,111177,640366-1,,112967,(1891),Revis. Gen. Pl.,,unambiguous_accepted,wcvp,"{""volume_and_page"": ""2: 671""}"
Liparis malipoensis,wcvp,1,Platystyliparis malipoensis,Platystyliparis malipoensis [Homotypic; wcvp],"Liparis malipoensis (G.D.Tang, X.Y.Zhuang & Z.J.Liu) R.Kr.Singh & Sanjeet Kumar","(G.D.Tang, X.Y.Zhuang & Z.J.Liu) R.Kr.Singh & Sanjeet Kumar",Orchidaceae,Liparis,malipoensis,Species,,,3316019,77350103-1,,497364,(2024),J. Biodivers. Conservation,China (S. Yunnan),unambiguous_accepted,wcvp,"{""climate_description"": ""subtropical"", ""volume_and_page"": ""8(4): 91""}"
Liparis nervosa subsp. nervosa,cites_pdf,0,,,Liparis nervosa subsp. nervosa,,Orchidaceae,Cymbidium,bituberculatum,,,,,,,,,,,unambiguous_accepted,cites_pdf,"{""accepted_genus"": ""Liparis"", ""page"": 218, ""y"": 156.2}"
Liparis parthonii,wfo,0,,,Liparis parthonii C.Morren,C.Morren,Orchidaceae,Liparis,parthonii,species,,,,,wfo-0001088565,,Not listed in IK,,,unambiguous_accepted,wfo,"{""majorGroup"": ""A"", ""source"": ""World Checklist of Vascular Plants. Facilitated by the Royal Botanic Gardens, Kew."", ""taxonRemarks"": ""Source in seed data: tro More details could be found in <a href=http://www.theplantlist.org/tpl1.1/record/tro-23514147 >The Plant List v.1.1.</a> Originally in <a href=http://www.theplantlist.org/tpl/record/tro-23514147 >The Plant List v.1.0</a>"", ""tplId"": ""tro-23514147"", ""wfo_nomenclatural_status"": ""Valid""}"
Liparis phyllocardium,wfo,0,,,Liparis phyllocardium Schltr.,Schltr.,Orchidaceae,Liparis,phyllocardium,species,,,,,wfo-0000228430,,Repert. Spec. Nov. Regni Veg. 9: 94 (1910),,,unambiguous_accepted,wfo,"{""majorGroup"": ""A"", ""references"": ""https://powo.science.kew.org/taxon/urn:lsid:ipni.org:names:641117-1"", ""source"": ""World Checklist of Vascular Plants. Facilitated by the Royal Botanic Gardens, Kew."", ""taxonRemarks"": ""Source in seed data: wcs Update namepublishedIn from Repert. Spec. Nov. Regni Veg. 9: 94. 1910 to Repert. Spec. Nov. Regni Veg. 9: 94 (1910), information provided by Alan E. on email Jun. 07 2021 More details could be found in <a href=http://www.theplant"", ""tplId"": ""kew-113099"", ""wfo_nomenclatural_status"": ""Valid""}"
Liparis reﬂexa (R.Br.) Lindl.,cites_pdf,1,Cymbidium reﬂexum R.Br.,Cymbidium reﬂexum R.Br. [Unknown; cites_pdf],Liparis reﬂexa (R.Br.) Lindl.,,Orchidaceae,Cymbidium,reﬂexum,,,,,,,,,,,unambiguous_accepted,cites_pdf,"{""accepted_genus"": ""Liparis"", ""page"": 225, ""y"": 622.4}"
Liparis superclareae,wcvp,0,,,Liparis superclareae Hermans,Hermans,Orchidaceae,Liparis,superclareae,Species,,,3310711,<NA>,,<NA>,(2020),Kew Bull.,Madagascar,unambiguous_accepted,wcvp,"{""climate_description"": ""seasonally dry tropical"", ""volume_and_page"": ""75(1)-1: 138""}"
Liparis tianchiensis,wcvp,0,,,Liparis tianchiensis Xiao J.Liu & X.G.Sun,Xiao J.Liu & X.G.Sun,Orchidaceae,Liparis,tianchiensis,Species,,,3306280,77312597-1,,<NA>,(2023),PhytoKeys,China (Gansu),unambiguous_accepted,wcvp,"{""climate_description"": ""temperate"", ""volume_and_page"": ""219: 29""}"
Liparis tradescantifolia,wfo,2,"Leptorchis tradescantiaefolia, Malaxis tradescantifolia","Leptorchis tradescantiaefolia [Unknown; wfo], Malaxis tradescantifolia [Unknown; wfo]",Liparis tradescantifolia (Blume) Lindl.,(Blume) Lindl.,Orchidaceae,Leptorkis,tradescantiifolia,species,,,,,wfo-0000226490,,Revis. Gen. Pl. 2: 669 (1891),,,unambiguous_accepted,wfo,"{""majorGroup"": ""A"", ""originalNameUsageID"": ""wfo-0000234287"", ""references"": ""https://powo.science.kew.org/taxon/urn:lsid:ipni.org:names:640415-1"", ""source"": ""World Checklist of Vascular Plants. Facilitated by the Royal Botanic Gardens, Kew."", ""taxonRemarks"": ""Source in seed data: wcs Updated scientificnameAuthorship from (Blume) Kuntze to Kuntze, information provided by Alan E. on email Oct. 12 2020 More details could be found in <a href=http://www.theplantlist.org/tpl1.1/record/kew-111226 >The Plant List v.1"", ""tplId"": ""kew-111226"", ""wfo_nomenclatural_status"": ""Valid""}"
Liparis walkeriae,cites_csv,0,,,"Liparis walkeriae Graham, 1836","Graham, 1836",Orchidaceae,Liparis,walkeriae,SPECIES,II,,,,,,,,"India,Sri Lanka",unambiguous_accepted,cites_csv,"{""All_DistributionISOCodes"": ""IN,LK"", ""NativeDistributionFullNames"": ""India,Sri Lanka""}"
Liparis warpuri,wfo,0,,,Liparis warpuri Rolfe,Rolfe,Orchidaceae,Liparis,warpuri,species,,,,,wfo-0000228628,,Bull. Misc. Inform. Kew 1908: 69 (1908),,,unambiguous_accepted,wfo,"{""majorGroup"": ""A"", ""references"": ""https://powo.science.kew.org/taxon/urn:lsid:ipni.org:names:641279-1"", ""source"": ""World Checklist of Vascular Plants. Facilitated by the Royal Botanic Gardens, Kew."", ""taxonRemarks"": ""Source in seed data: wcs Update namepublishedIn from Bull. Misc. Inform. Kew 1908(2): 69. to Bull. Misc. Inform. Kew 1908: 69 (1908), information provided by Alan E. on email Jun. 07 2021 More details could be found in <a href=http://www.theplantlist.org"", ""tplId"": ""kew-113280"", ""wfo_nomenclatural_status"": ""Valid""}"
Lissochilus endlichianus,wcvp,1,Eulophia endlichiana,Eulophia endlichiana [Homotypic; wcvp],Lissochilus endlichianus Kraenzl.,Kraenzl.,Orchidaceae,Eulophia,endlichiana,Species,,,77565,634581-1,,113922,(1975),Willdenowia,,unambiguous_accepted,wcvp,"{""volume_and_page"": ""7: 588""}"
Lockhartia hercondata,cites_csv,0,,,Lockhartia hercondata Rchb.f. ex Kraenzl.,Rchb.f. ex Kraenzl.,Orchidaceae,Lockhartia,hercondata,SPECIES,II,,,,,,,,"Belize,Colombia,Costa Rica,Guatemala,Honduras,Panama",unambiguous_accepted,cites_csv,"{""All_DistributionISOCodes"": ""BZ,CO,CR,GT,HN,PA"", ""NativeDistributionFullNames"": ""Belize,Colombia,Costa Rica,Guatemala,Honduras,Panama""}"
Luisia brachyota,wcvp,0,,,"Luisia brachyota H.H.Fu, Liang Ma & S.P.Chen","H.H.Fu, Liang Ma & S.P.Chen",Orchidaceae,Luisia,brachyota,Species,,,3316034,77334152-1,,<NA>,(2023),Phytotaxa,China (Yunnan),unambiguous_accepted,wcvp,"{""climate_description"": ""subtropical"", ""lifeform_description"": ""epiphytic subshrub"", ""volume_and_page"": ""632: 90""}"
Luisia hoanii,wcvp,0,,,"Luisia hoanii Duy, T.V.Tran & V.H.Quach","Duy, T.V.Tran & V.H.Quach",Orchidaceae,Luisia,hoanii,Species,,,3315848,77353756-1,,<NA>,(2024),Acad. J. Biol.,Vietnam,unambiguous_accepted,wcvp,"{""climate_description"": ""wet tropical"", ""lifeform_description"": ""epiphytic subshrub"", ""volume_and_page"": ""46(3): 96""}"
Luisia trichorhiza,wcvp,0,,,Luisia trichorhiza (Hook.) Blume,(Hook.) Blume,Orchidaceae,Luisia,retusa,Species,,,3287425,<NA>,,<NA>,(1886),Bot. Centralbl.,Indian Subcontinent to Thailand,unambiguous_accepted,wcvp,"{""nomenclatural_remarks"": "", nom. nud."", ""volume_and_page"": ""28: 344""}"
Lycaste balliae,wcvp,0,,,Lycaste × balliae Rolfe,Rolfe,Orchidaceae,Lycaste,balliae,Species,,,351381,77089969-1,,<NA>,(1898),Orchid Rev.,,unambiguous_accepted,wcvp,"{""climate_description"": ""wet tropical"", ""hybrid"": true, ""lifeform_description"": ""pseudobulbous epiphyte"", ""volume_and_page"": ""6: 371""}"
Lycaste rogersonii,wcvp,0,,,Lycaste × rogersonii Rolfe,Rolfe,Orchidaceae,Lycaste,rogersonii,Species,,,115815,77243083-1,,<NA>,(1901),Orchid Rev.,,unambiguous_accepted,wcvp,"{""hybrid"": true, ""volume_and_page"": ""9: 367""}"
Lycaste tunstillii,wcvp,0,,,Lycaste × tunstillii Mast.,Mast.,Orchidaceae,Lycaste,tunstillii,Species,,,530202,77178728-1,,<NA>,(1901),Gard. Chron.,,unambiguous_accepted,wcvp,"{""hybrid"": true, ""volume_and_page"": "", ser. 3, 30: 462""}"
Lycaste zacapana,wcvp,0,,,Lycaste zacapana Archila,Archila,Orchidaceae,Lycaste,zacapana,Species,,,467277,60455821-2,,<NA>,(2010 publ. 2011),Revista Guatemalensis,Guatemala,unambiguous_accepted,wcvp,"{""climate_description"": ""wet tropical"", ""lifeform_description"": ""pseudobulbous epiphyte"", ""volume_and_page"": ""13(2): 35""}"
Macodisia veitchii,wcvp,2,"Goodyera veitchii, Macomaria veitchii","Goodyera veitchii [Homotypic; wcvp], Macomaria veitchii [Homotypic; wcvp]",× Macodisia veitchii (H.J.Veitch) J.M.H.Shaw,(H.J.Veitch) J.M.H.Shaw,Orchidaceae,Macomaria,veitchii,Species,,,116909,642013-1,,91944,(1888),"J. Linn. Soc., Bot.",,unambiguous_accepted,wcvp,"{""hybrid"": true, ""volume_and_page"": ""24: 170""}"
Macropodanthus membraniferus,wfo,0,,,Macropodanthus membraniferus (Carr) H.A.Pedersen,(Carr) H.A.Pedersen,Orchidaceae,Macropodanthus,membraniferus,species,,,,,wfo-0000232646,,Opera Bot. 117: 56 (1993),,,unambiguous_accepted,wfo,"{""majorGroup"": ""A"", ""originalNameUsageID"": ""wfo-0000303558"", ""references"": ""https://powo.science.kew.org/taxon/urn:lsid:ipni.org:names:971694-1"", ""source"": ""World Checklist of Vascular Plants. Facilitated by the Royal Botanic Gardens, Kew."", ""taxonRemarks"": ""Source in seed data: wcs Update namepublishedIn from Opera Bot. 117: 56 (1993):. to Opera Bot. 117: 56 (1993), information provided by Alan E. on email Jun. 07 2021 More details could be found in <a href=http://www.theplantlist.org/tpl1.1/record/kew-1171"", ""tplId"": ""kew-117115"", ""wfo_nomenclatural_status"": ""Valid""}"
Madisonia gomesii-ferreirae,wcvp,0,,,Madisonia gomesii-ferreirae (Pabst) Toscano & E.C.Smidt,(Pabst) Toscano & E.C.Smidt,Orchidaceae,Pabstiella,gomesii-ferreirae,Species,,,373909,77094091-1,,159992,(2007),Monogr. Syst. Bot. Missouri Bot. Gard.,Brazil (Pernambuco),unambiguous_accepted,wcvp,"{""volume_and_page"": ""112: 119""}"
Madisonia gomesiiferreirae,wfo,0,,,Madisonia gomesiiferreirae (Pabst) Toscano & E.C.Smidt,(Pabst) Toscano & E.C.Smidt,Orchidaceae,Pleurothallis,gomesii-ferreirae,species,,,,,wfo-0000277403,,Bradea 2: 53 (1975),,,unambiguous_accepted,wfo,"{""majorGroup"": ""A"", ""references"": ""https://powo.science.kew.org/taxon/urn:lsid:ipni.org:names:202869-2"", ""source"": ""World Checklist of Vascular Plants. Facilitated by the Royal Botanic Gardens, Kew."", ""taxonRemarks"": ""Source in seed data: wcs Update namepublishedIn from Bradea 2: 53 1975 to Bradea 2: 53 (1975), information provided by Alan E. on email Jun. 07 2021 More details could be found in <a href=http://www.theplantlist.org/tpl1.1/record/kew-159992 >The Plant Li"", ""tplId"": ""kew-159992"", ""wfo_nomenclatural_status"": ""Valid""}"
Madisonia ordinata,wcvp,0,,,"Madisonia ordinata (Luer & Dodson) J.Ponert, Chumová & P.Trávn.","(Luer & Dodson) J.Ponert, Chumová & P.Trávn.",Orchidaceae,Madisonia,ordinata,Species,,,3306397,77315187-1,,348502,(2023),Phytotaxa,Ecuador (Sucumbíos),unambiguous_accepted,wcvp,"{""climate_description"": ""wet tropical"", ""lifeform_description"": ""epiphyte"", ""volume_and_page"": ""585: 164""}"
Malaxis adolphi,wcvp,1,Microstylis adolphi,Microstylis adolphi [Homotypic; wcvp],Malaxis adolphi (Schltr.) Ames,(Schltr.) Ames,Orchidaceae,Malaxis,adolphi,Species,,,118084,149759-2,,127665,(1922),Orchidaceae,Costa Rica,unambiguous_accepted,wcvp,"{""climate_description"": ""wet tropical"", ""lifeform_description"": ""pseudobulbous geophyte"", ""volume_and_page"": ""7: 158""}"
Malaxis dressleriana,wcvp,0,,,"Malaxis dressleriana Chinchilla, Karremans & M.A.Blanco","Chinchilla, Karremans & M.A.Blanco",Orchidaceae,Malaxis,dressleriana,Species,,,3306455,77327210-1,,<NA>,(2023),Orchids (West Palm Beach),Costa Rica,unambiguous_accepted,wcvp,"{""climate_description"": ""wet tropical"", ""volume_and_page"": ""92: 609""}"
Malaxis engelsii,wcvp,0,,,Malaxis engelsii T.F.Santos & E.C.Smidt,T.F.Santos & E.C.Smidt,Orchidaceae,Malaxis,engelsii,Species,,,3316583,77344729-1,,<NA>,(2024),Lankesteriana,"Brazil (Brasília D.F., Minas Gerais, Paraná)",unambiguous_accepted,wcvp,"{""climate_description"": ""seasonally dry tropical"", ""volume_and_page"": ""24: 62""}"
Malaxis henanensis,wcvp,0,,,Malaxis henanensis D.H.Peng & K.Yang,D.H.Peng & K.Yang,Orchidaceae,Malaxis,henanensis,Species,,,3306500,77316600-1,,<NA>,(2023),Phytotaxa,China (Henan),unambiguous_accepted,wcvp,"{""climate_description"": ""temperate"", ""volume_and_page"": ""589: 293""}"
Malaxis magniauriculata,wcvp,0,,,"Malaxis magniauriculata Salazar, R.Jiménez & Castañeda-Zárate","Salazar, R.Jiménez & Castañeda-Zárate",Orchidaceae,Malaxis,magniauriculata,Species,,,3316296,77346110-1,,<NA>,(2024),Phytoneuron,"Mexico (Hidalgo, Puebla, Oaxaca)",unambiguous_accepted,wcvp,"{""climate_description"": ""subtropical"", ""volume_and_page"": ""2024-50: 2""}"
Malaxis realdelmontensis,wcvp,0,,,Malaxis realdelmontensis Salazar & R.Jiménez,Salazar & R.Jiménez,Orchidaceae,Malaxis,realdelmontensis,Species,,,3316445,77346355-1,,127702,(2024),Phytoneuron,NE. & C. Mexico to Honduras,unambiguous_accepted,wcvp,"{""climate_description"": ""seasonally dry tropical"", ""lifeform_description"": ""pseudobulbous geophyte"", ""volume_and_page"": ""2024-50: 3""}"
Malaxis rheediana,wfo,0,,,Malaxis rheediana J.M.H.Shaw,J.M.H.Shaw,Orchidaceae,Microstylis,rheedei,species,,,,,wfo-0000244085,,Trans. Linn. Soc. London 30: 138 (1874),,,unambiguous_accepted,wfo,"{""majorGroup"": ""A"", ""references"": ""https://powo.science.kew.org/taxon/urn:lsid:ipni.org:names:644542-1"", ""source"": ""World Checklist of Vascular Plants. Facilitated by the Royal Botanic Gardens, Kew."", ""taxonRemarks"": ""Source in seed data: wcs Update namepublishedIn from Trans. Linn. Soc. London 30(1): 138 (non alior.). 1874 [4 Jul 1874] to Trans. Linn. Soc. London 30: 138 (1874), information provided by Alan E. on email Jun. 07 2021 Illegitimate"", ""tplId"": ""kew-127993"", ""wfo_nomenclatural_status"": ""Illegitimate""}"
Malaxis roldanii,wcvp,0,,,Malaxis roldanii Szlach. & Kolan.,Szlach. & Kolan.,Orchidaceae,Malaxis,roldanii,Species,,,3316625,77343473-1,,<NA>,(2023),Mater. Orchid Fl. Colombia,Colombia,unambiguous_accepted,wcvp,"{""climate_description"": ""wet tropical"", ""volume_and_page"": ""4: 138""}"
Malaxis seranica,wfo,1,Microstylis seranica,Microstylis seranica [Unknown; wfo],"Malaxis seranica (J.J.Sm.) S.Thomas, Schuit. & de Vogel","(J.J.Sm.) S.Thomas, Schuit. & de Vogel",Orchidaceae,Malaxis,seranica,species,,,,,wfo-0000234212,,Lindleyana 17: 42 (2002),,,unambiguous_accepted,wfo,"{""majorGroup"": ""A"", ""originalNameUsageID"": ""wfo-0000244110"", ""references"": ""https://powo.science.kew.org/taxon/urn:lsid:ipni.org:names:20006017-1"", ""source"": ""World Checklist of Vascular Plants. Facilitated by the Royal Botanic Gardens, Kew."", ""taxonRemarks"": ""Source in seed data: wcs Update namepublishedIn from Lindleyana 17(1): 42 (2002). to Lindleyana 17: 42 (2002), information provided by Alan E. on email Jun. 07 2021 More details could be found in <a href=http://www.theplantlist.org/tpl1.1/record/kew-1185"", ""tplId"": ""kew-118589"", ""wfo_nomenclatural_status"": ""Valid""}"
Malaxis susanae,wcvp,0,,,"Malaxis susanae Sierra-Ariza, J.S.Moreno & Chinchilla","Sierra-Ariza, J.S.Moreno & Chinchilla",Orchidaceae,Malaxis,susanae,Species,,,3316291,77346095-1,,<NA>,(2024),Harvard Pap. Bot.,Colombia,unambiguous_accepted,wcvp,"{""climate_description"": ""wet tropical"", ""volume_and_page"": ""29: 148""}"
Malaxis ybytus,wcvp,0,,,Malaxis ybytus T.F.Santos & E.C.Smidt,T.F.Santos & E.C.Smidt,Orchidaceae,Malaxis,ybytus,Species,,,3316400,77334028-1,,<NA>,(2023),Nordic J. Bot.,Brazil (Paraná),unambiguous_accepted,wcvp,"{""climate_description"": ""seasonally dry tropical"", ""volume_and_page"": ""2023(12)-e04164: 2""}"
Margelliantha caﬀra (Bolus) P.J.Cribb & J.Stewart,cites_pdf,1,Angraecum caﬀrum Bolus.,Angraecum caﬀrum Bolus. [Unknown; cites_pdf],Margelliantha caﬀra (Bolus) P.J.Cribb & J.Stewart,,Orchidaceae,Angraecum,caﬀrum,,,,,,,,,,,unambiguous_accepted,cites_pdf,"{""accepted_genus"": ""Margelliantha"", ""page"": 31, ""y"": 706.1}"
Masdevallia emieliana,wcvp,0,,,"Masdevallia emieliana Dalström, Deburghgr. & Ruíz Pérez","Dalström, Deburghgr. & Ruíz Pérez",Orchidaceae,Masdevallia,emieliana,Species,,,3306482,77326820-1,,<NA>,(2023),Lankesteriana,Peru,unambiguous_accepted,wcvp,"{""climate_description"": ""wet tropical"", ""lifeform_description"": ""epiphyte"", ""volume_and_page"": ""23(1): 92""}"
Masdevallia fractiﬂexa F.Lehm. & Kraenzl.,cites_pdf,1,Byrsella fractiﬂexa (F.Lehm. & Kraenzl.) Luer,Byrsella fractiﬂexa (F.Lehm. & Kraenzl.) Luer [Unknown; cites_pdf],Masdevallia fractiﬂexa F.Lehm. & Kraenzl.,,Orchidaceae,Byrsella,fractiﬂexa,,,,,,,,,,,unambiguous_accepted,cites_pdf,"{""accepted_genus"": ""Masdevallia"", ""page"": 136, ""y"": 718.1}"
Masdevallia leonor-baeziana,wcvp,0,,,"Masdevallia leonor-baeziana O.Perdomo, Edwin Trujillo & Karremans","O.Perdomo, Edwin Trujillo & Karremans",Orchidaceae,Masdevallia,leonor-baeziana,Species,,,3306391,77332601-1,,<NA>,(2023),Lankesteriana,Colombia,unambiguous_accepted,wcvp,"{""climate_description"": ""wet tropical"", ""lifeform_description"": ""epiphyte"", ""volume_and_page"": ""23(2): 140""}"
Masdevallia lynchiphora,wfo,0,,,Masdevallia lynchiphora Königer,Königer,Orchidaceae,Masdevallia,lynchiphora,species,,,,,wfo-0001088566,,Orchidee (Hamburg) 31: 113 1980,,,unambiguous_accepted,wfo,"{""majorGroup"": ""A"", ""source"": ""World Checklist of Vascular Plants. Facilitated by the Royal Botanic Gardens, Kew."", ""taxonRemarks"": ""Source in seed data: tro More details could be found in <a href=http://www.theplantlist.org/tpl1.1/record/tro-23514167 >The Plant List v.1.1.</a> Originally in <a href=http://www.theplantlist.org/tpl/record/tro-23514167 >The Plant List v.1.0</a>"", ""tplId"": ""tro-23514167"", ""wfo_nomenclatural_status"": ""Valid""}"
Masdevallia measuresiana,wcvp,0,,,Masdevallia × measuresiana Rolfe,Rolfe,Orchidaceae,Masdevallia,measuresiana,Species,,,121570,642950-1,,<NA>,(1890),Gard. Chron.,,unambiguous_accepted,wcvp,"{""hybrid"": true, ""volume_and_page"": "", ser. 3, 8: 379""}"
Masdevallia morochataensis,wcvp,0,,,Masdevallia morochataensis M.Zárate & Dalström,M.Zárate & Dalström,Orchidaceae,Masdevallia,morochataensis,Species,,,3316324,77335525-1,,<NA>,(2023),"Orchidee, Taxon. Mitt.",Bolivia,unambiguous_accepted,wcvp,"{""climate_description"": ""wet tropical"", ""lifeform_description"": ""epiphyte"", ""volume_and_page"": ""9: 65""}"
Masdevallia nidiﬁca Rchb.f.,cites_pdf,1,Buccella nidiﬁca (Rchb.f.) Luer,Buccella nidiﬁca (Rchb.f.) Luer [Unknown; cites_pdf],Masdevallia nidiﬁca Rchb.f.,,Orchidaceae,Buccella,nidiﬁca,,,,,,,,,,,unambiguous_accepted,cites_pdf,"{""accepted_genus"": ""Masdevallia"", ""page"": 59, ""y"": 96.4}"
Masdevallia ophioglossa subsp. grossa,cites_pdf,0,,,Masdevallia ophioglossa subsp. grossa (Luer) Luer,(Luer) Luer,Orchidaceae,Masdevallia,grossa,,,,,,,,,,,unambiguous_accepted,cites_pdf,"{""page"": 408, ""y"": 419.2}"
Masdevallia pachyura f. leptoura,cites_pdf,1,Masdevallia pachyura subsp. leptoura,Masdevallia pachyura subsp. leptoura [Unknown; cites_pdf],Masdevallia pachyura f. leptoura (Luer) A.Doucette,(Luer) A.Doucette,Orchidaceae,Masdevallia,leptoura,,,,,,,,,,,unambiguous_accepted,cites_pdf,"{""page"": 411, ""y"": 239.9}"
Masdevallia pachyura f. pachyura,cites_pdf,1,Masdevallia polysticta var. crassicaudata,Masdevallia polysticta var. crassicaudata [Unknown; cites_pdf],Masdevallia pachyura f. pachyura,,Orchidaceae,Masdevallia,aureodactyla,,,,,,,,,,,unambiguous_accepted,cites_pdf,"{""page"": 401, ""y"": 383.3}"
Masdevallia polita,cites_csv,0,,,Masdevallia polita Luer & Sijm,Luer & Sijm,Orchidaceae,Masdevallia,polita,SPECIES,II,,,,,,,,,unambiguous_accepted,cites_csv,
Masdevallia pourbaixii,wcvp,0,,,Masdevallia × pourbaixii L.Linden,L.Linden,Orchidaceae,Masdevallia,pourbaixii,Species,,,121723,77242692-1,,<NA>,(1893),Lindenia,,unambiguous_accepted,wcvp,"{""hybrid"": true, ""volume_and_page"": ""6: 9, t. 387""}"
Masdevallia sanctae-ﬁdei Kraenzl.,cites_pdf,1,Alaticaulia sanctae-ﬁdei (Kraenzl.) Luer,Alaticaulia sanctae-ﬁdei (Kraenzl.) Luer [Unknown; cites_pdf],Masdevallia sanctae-ﬁdei Kraenzl.,,Orchidaceae,Alaticaulia,sanctae-ﬁdei,,,,,,,,,,,unambiguous_accepted,cites_pdf,"{""accepted_genus"": ""Masdevallia"", ""page"": 24, ""y"": 192.1}"
Masdevallia tubuliﬂora Ames,cites_pdf,0,,,Masdevallia tubuliﬂora Ames,,Orchidaceae,Masdevallia,ecaudata,,,,,,,,,,,unambiguous_accepted,cites_pdf,"{""page"": 406, ""y"": 144.2}"
Masdevallia x,cites_pdf,1,Masdevallia splendida var. parlatoreana,Masdevallia splendida var. parlatoreana [Unknown; cites_pdf],Masdevallia x splendida Rchb.f.,splendida Rchb.f.,Orchidaceae,Masdevallia,splendida,,,,,,,,,,,unambiguous_accepted,cites_pdf,"{""page"": 419, ""y"": 395.3}"
Masdevallia ﬁlaria Luer & R.Escobar,cites_pdf,2,"Masdevallia ventricularia subsp. ﬁlaria, Masdevallia ventricularia var. longicaudata","Masdevallia ventricularia subsp. ﬁlaria [Unknown; cites_pdf], Masdevallia ventricularia var. longicaudata [Unknown; cites_pdf]",Masdevallia ﬁlaria Luer & R.Escobar,,Orchidaceae,Masdevallia,ventricularia,,,,,,,,,,,unambiguous_accepted,cites_pdf,"{""page"": 421, ""y"": 539.8}"
Masdevallia ﬂoribunda Lindl.,cites_pdf,3,"Masdevallia myriostigmaE.Morren, Masdevallia ﬂoribunda f. lindeniana (A.Rich. & Galeotti) O.Gruss & M.Wolﬀ. ´, Masdevallia ﬂoribunda var. myriostigmaE.Morren.","Masdevallia myriostigmaE.Morren [Unknown; cites_pdf], Masdevallia ﬂoribunda f. lindeniana (A.Rich. & Galeotti) O.Gruss & M.Wolﬀ. ´ [Unknown; cites_pdf], Masdevallia ﬂoribunda var. myriostigmaE.Morren. [Unknown; cites_pdf]",Masdevallia ﬂoribunda Lindl.,,Orchidaceae,Masdevallia,ﬂoribunda,,,,,,,,,,,unambiguous_accepted,cites_pdf,"{""page"": 407, ""y"": 395.3}"
Maxillaria andina,wcvp,0,,,"Maxillaria andina Pisso-Florez, J.S.Moreno, P.A.Harding & Baquero","Pisso-Florez, J.S.Moreno, P.A.Harding & Baquero",Orchidaceae,Maxillaria,andina,Species,,,3316578,77344733-1,,<NA>,(2024),Lankesteriana,Colombia to Ecuador,unambiguous_accepted,wcvp,"{""climate_description"": ""wet tropical"", ""lifeform_description"": ""pseudobulbous epiphyte"", ""volume_and_page"": ""24: 80""}"
Maxillaria cozierana,wfo,0,,,Maxillaria cozierana H.G.Jones,H.G.Jones,Orchidaceae,Maxillaria,cozierana,species,,,,,wfo-0000238308,,"Bol. Soc. Brot., sér. 2, 44: 215 (1970)",,,unambiguous_accepted,wfo,"{""majorGroup"": ""A"", ""references"": ""https://powo.science.kew.org/taxon/urn:lsid:ipni.org:names:155018-2"", ""source"": ""World Checklist of Vascular Plants. Facilitated by the Royal Botanic Gardens, Kew."", ""taxonRemarks"": ""Source in seed data: wcs Update namepublishedIn from Bol. Soc. Brot. II, 44: 215 1970 to Bol. Soc. Brot. , sér. 2, 44: 215 (1970), information provided by Alan E. on email Jun. 07 2021 More details could be found in <a href=http://www.theplantlist.org/t"", ""tplId"": ""kew-122447"", ""wfo_nomenclatural_status"": ""Valid""}"
Maxillaria ctenostachya,wfo,1,Camaridium stenostachys,Camaridium stenostachys [Unknown; wfo],Maxillaria ctenostachya Rchb.f.,Rchb.f.,Orchidaceae,Camaridium,arachnites,species,,,,,wfo-0000791119,,Repert. Spec. Nov. Regni Veg. Beih. 17: 73 (1922),,,unambiguous_accepted,wfo,"{""majorGroup"": ""A"", ""references"": ""https://powo.science.kew.org/taxon/urn:lsid:ipni.org:names:43671-2"", ""source"": ""World Checklist of Vascular Plants. Facilitated by the Royal Botanic Gardens, Kew."", ""taxonRemarks"": ""Source in seed data: wcs Update namepublishedIn from Repert. Spec. Nov. Regni Veg. Beih. 17: 73 1922 to Repert. Spec. Nov. Regni Veg. Beih. 17: 73 (1922), information provided by Alan E. on email Jun. 07 2021 More details could be found in <a href=http:/"", ""tplId"": ""kew-32970"", ""wfo_nomenclatural_status"": ""Valid""}"
Maxillaria gerardii,wfo,1,Cyrtidiorchis gerardii,Cyrtidiorchis gerardii [Unknown; wfo],Maxillaria gerardii (P.Ortiz) Molinari,(P.Ortiz) Molinari,Orchidaceae,Cyrtidiorchis,gerardii,species,,,,,wfo-0000912171,,Orquideologia 25: 119 (2008),,,unambiguous_accepted,wfo,"{""majorGroup"": ""A"", ""references"": ""https://powo.science.kew.org/taxon/urn:lsid:ipni.org:names:77099476-1"", ""source"": ""World Checklist of Vascular Plants. Facilitated by the Royal Botanic Gardens, Kew."", ""taxonRemarks"": ""Source in seed data: wcs Update namepublishedIn from Orquideologia 25(2): 119 (-121, 128-129; figs.). 2008 [Jul 2008] to Orquideologia 25: 119 (2008), information provided by Alan E. on email Jun. 07 2021 More details could be found in <a href=http://www"", ""tplId"": ""kew-457081"", ""wfo_nomenclatural_status"": ""Valid""}"
Maxillaria grandiﬂora (Kunth) Lindl.,cites_pdf,1,Dendrobium grandiﬂorum Kunth.,Dendrobium grandiﬂorum Kunth. [Unknown; cites_pdf],Maxillaria grandiﬂora (Kunth) Lindl.,,Orchidaceae,Dendrobium,grandiﬂorum,,,,,,,,,,,unambiguous_accepted,cites_pdf,"{""accepted_genus"": ""Maxillaria"", ""page"": 261, ""y"": 502.9}"
Maxillaria henchmanii,wcvp,0,,,Maxillaria henchmanii Hook.,Hook.,Orchidaceae,Maxillariella,mexicana,Species,,,374880,60448244-2,,254216,(2007),Lankesteriana,C. & SW. Mexico,unambiguous_accepted,wcvp,"{""climate_description"": ""seasonally dry tropical"", ""lifeform_description"": ""pseudobulbous epiphyte"", ""volume_and_page"": ""7: 529""}"
Maxillaria henchmanni,wfo,0,,,Maxillaria henchmanni Hook.,Hook.,Orchidaceae,Maxillaria,henchmanni,species,,,,,wfo-0000238472,,Bot. Mag. 64: t. 3614 (1837),,,unambiguous_accepted,wfo,"{""majorGroup"": ""A"", ""references"": ""https://powo.science.kew.org/taxon/urn:lsid:ipni.org:names:643497-1"", ""source"": ""World Checklist of Vascular Plants. Facilitated by the Royal Botanic Gardens, Kew."", ""taxonRemarks"": ""Source in seed data: wcs Update namepublishedIn from Bot. Mag. 64: t. 3614. 1837 to Bot. Mag. 64: t. 3614 (1837), information provided by Alan E. on email Jun. 07 2021 More details could be found in <a href=http://www.theplantlist.org/tpl1.1/record/kew-1"", ""tplId"": ""kew-122598"", ""wfo_nomenclatural_status"": ""Valid""}"
Maxillaria henchmannii,cites_csv,0,,,"Maxillaria henchmannii Hook., 1837","Hook., 1837",Orchidaceae,Maxillaria,henchmannii,SPECIES,II,,,,,,,,Mexico,unambiguous_accepted,cites_csv,"{""All_DistributionISOCodes"": ""MX"", ""NativeDistributionFullNames"": ""Mexico""}"
Maxillaria hystrionica,wfo,0,,,Maxillaria hystrionica (Rchb.f.) L.O.Williams,(Rchb.f.) L.O.Williams,Orchidaceae,Maxillaria,aristeguietae,species,,,,,wfo-0000238170,,Bol. Soc. Venez. Ci. Nat. 22: 266 (1961),,,unambiguous_accepted,wfo,"{""majorGroup"": ""A"", ""references"": ""https://powo.science.kew.org/taxon/urn:lsid:ipni.org:names:154943-2"", ""source"": ""World Checklist of Vascular Plants. Facilitated by the Royal Botanic Gardens, Kew."", ""taxonRemarks"": ""Source in seed data: wcs Update namepublishedIn from Bol. Soc. Venez. Ci. Nat. 22: 266 1961 to Bol. Soc. Venez. Ci. Nat. 22: 266 (1961), information provided by Alan E. on email Jun. 07 2021 More details could be found in <a href=http://www.theplantlist."", ""tplId"": ""kew-122320"", ""wfo_nomenclatural_status"": ""Valid""}"
Maxillaria luizotavioi,wcvp,0,,,Maxillaria luizotavioi Engels & E.C.Smidt,Engels & E.C.Smidt,Orchidaceae,Maxillaria,luizotavioi,Species,,,3306484,77326837-1,,<NA>,(2023),Nordic J. Bot.,Brazil (Pará),unambiguous_accepted,wcvp,"{""climate_description"": ""wet tropical"", ""lifeform_description"": ""epiphyte"", ""volume_and_page"": ""2023(4)-e03815: 3""}"
Maxillaria minor,wfo,0,,,Maxillaria minor (Schltr.) L.O.Williams,(Schltr.) L.O.Williams,Orchidaceae,Maxillaria,minor,species,,,,,wfo-0000238636,,Amer. Orchid Soc. Bull. 10: 273 (1942),,,unambiguous_accepted,wfo,"{""majorGroup"": ""A"", ""originalNameUsageID"": ""wfo-0000791555"", ""references"": ""https://powo.science.kew.org/taxon/urn:lsid:ipni.org:names:155166-2"", ""source"": ""World Checklist of Vascular Plants. Facilitated by the Royal Botanic Gardens, Kew."", ""taxonRemarks"": ""Source in seed data: wcs Update namepublishedIn from Amer. Orchid Soc. Bull. 10: 273 1942 to Amer. Orchid Soc. Bull. 10: 273 (1942), information provided by Alan E. on email Jun. 07 2021 More details could be found in <a href=http://www.theplantlist.org/"", ""tplId"": ""kew-122748"", ""wfo_nomenclatural_status"": ""Valid""}"
Maxillaria parviﬂora (Poepp. & Endl.) Garay,cites_pdf,0,,,Maxillaria parviﬂora (Poepp. & Endl.) Garay,,Orchidaceae,Cymbidium,vestitum,,,,,,,,,,,unambiguous_accepted,cites_pdf,"{""accepted_genus"": ""Maxillaria"", ""page"": 228, ""y"": 455.1}"
Maxillaria sillarense,wfo,0,,,Maxillaria sillarense Dodson & R.Vásquez,Dodson & R.Vásquez,Orchidaceae,Maxillaria,sillarense,species,,,,,wfo-0001088956,,"Icon. Pl. Trop., ser. 2 3: pl. 261 1989",,,unambiguous_accepted,wfo,"{""majorGroup"": ""A"", ""source"": ""World Checklist of Vascular Plants. Facilitated by the Royal Botanic Gardens, Kew."", ""taxonRemarks"": ""Source in seed data: tro More details could be found in <a href=http://www.theplantlist.org/tpl1.1/record/tro-23522328 >The Plant List v.1.1.</a> Originally in <a href=http://www.theplantlist.org/tpl/record/tro-23522328 >The Plant List v.1.0</a>"", ""tplId"": ""tro-23522328"", ""wfo_nomenclatural_status"": ""Valid""}"
Mediocalcar gemma-coronae,wcvp,0,,,"Mediocalcar gemma-coronae Schuit., Wanma, Saputra & Heatubun","Schuit., Wanma, Saputra & Heatubun",Orchidaceae,Mediocalcar,gemma-coronae,Species,,,3316399,77352583-1,,<NA>,(2024),Malesian Orchid J.,W. New Guinea,unambiguous_accepted,wcvp,"{""climate_description"": ""wet tropical"", ""lifeform_description"": ""pseudobulbous epiphyte"", ""volume_and_page"": ""27: 119""}"
Megaclinium triste,wcvp,0,,,Megaclinium triste Rolfe,Rolfe,Orchidaceae,Bulbophyllum,triste,Species,,,27623,620380-1,,123368,(1905),Bot. Jahrb. Syst.,,unambiguous_accepted,wcvp,"{""nomenclatural_remarks"": "", nom. illeg."", ""volume_and_page"": ""38: 17""}"
Megastylis montanus,wfo,0,,,Megastylis montanus (Schltr.) Schltr.,(Schltr.) Schltr.,Orchidaceae,Lyperanthus,montanus,species,,,,,wfo-0000231573,,Bot. Jahrb. Syst. 39: 45 (1906),,,unambiguous_accepted,wfo,"{""majorGroup"": ""A"", ""references"": ""https://powo.science.kew.org/taxon/urn:lsid:ipni.org:names:641964-1"", ""source"": ""World Checklist of Vascular Plants. Facilitated by the Royal Botanic Gardens, Kew."", ""taxonRemarks"": ""Source in seed data: wcs Update namepublishedIn from Bot. Jahrb. Syst. 39(1): 45. 1906 [13 Feb 1906] to Bot. Jahrb. Syst. 39: 45 (1906), information provided by Alan E. on email Jun. 07 2021 More details could be found in <a href=http://www.theplantlist."", ""tplId"": ""kew-116077"", ""wfo_nomenclatural_status"": ""Valid""}"
Megastylis rarus,wfo,0,,,Megastylis rarus (Schltr.) Schltr.,(Schltr.) Schltr.,Orchidaceae,Lyperanthus,rarus,species,,,,,wfo-0000231578,,Bot. Jahrb. Syst. 39: 46 (1906),,,unambiguous_accepted,wfo,"{""majorGroup"": ""A"", ""references"": ""https://powo.science.kew.org/taxon/urn:lsid:ipni.org:names:641968-1"", ""source"": ""World Checklist of Vascular Plants. Facilitated by the Royal Botanic Gardens, Kew."", ""taxonRemarks"": ""Source in seed data: wcs Update namepublishedIn from Bot. Jahrb. Syst. 39(1): 46. 1906 [13 Feb 1906] to Bot. Jahrb. Syst. 39: 46 (1906), information provided by Alan E. on email Jun. 07 2021 More details could be found in <a href=http://www.theplantlist."", ""tplId"": ""kew-116081"", ""wfo_nomenclatural_status"": ""Valid""}"
Microchilus anchoriferus,wfo,0,,,Microchilus anchoriferus (Schltr.) Ormerod,(Schltr.) Ormerod,Orchidaceae,Microchilus,anchoriferus,species,,,,,wfo-0000471830,,Lindleyana 17(4): 214 (2002).,,,unambiguous_accepted,wfo,"{""majorGroup"": ""A"", ""originalNameUsageID"": ""wfo-0000273089"", ""source"": ""World Checklist of Vascular Plants. Facilitated by the Royal Botanic Gardens, Kew."", ""taxonRemarks"": ""Source in seed data: wcs Updated namePublishedIn from Lindleyana 17: 214 2002 to Lindleyana 17(4): 214 (2002). , according to IPNI. Information provided by Alan E. on email Jul. 15 2020. More details could be found in <a href=http://www.theplantlist.org/"", ""tplId"": ""kew-254422"", ""wfo_nomenclatural_status"": ""Valid""}"
Microchilus culuenensis,wcvp,0,,,Microchilus culuenensis Engels & E.C.Smidt,Engels & E.C.Smidt,Orchidaceae,Microchilus,culuenensis,Species,,,3316303,77339938-1,,<NA>,(2024),Phytotaxa,Brazil (Mato Grosso),unambiguous_accepted,wcvp,"{""climate_description"": ""seasonally dry tropical"", ""lifeform_description"": ""rhizomatous geophyte"", ""volume_and_page"": ""644: 57""}"
Microchilus integrus,wfo,0,,,Microchilus integrus Ormerod,Ormerod,Orchidaceae,Microchilus,integrus,species,,,,,wfo-0000796911,,Harvard Pap. Bot. 9: 409 (2005),,,unambiguous_accepted,wfo,"{""majorGroup"": ""A"", ""references"": ""https://powo.science.kew.org/taxon/urn:lsid:ipni.org:names:60439788-2"", ""source"": ""World Checklist of Vascular Plants. Facilitated by the Royal Botanic Gardens, Kew."", ""taxonRemarks"": ""Source in seed data: wcs Update namepublishedIn from Harvard Pap. Bot. 9(2): 409 (fig. 20). 2005 [May 2005] to Harvard Pap. Bot. 9: 409 (2005), information provided by Alan E. on email Jun. 07 2021 More details could be found in <a href=http://www.thepla"", ""tplId"": ""kew-335434"", ""wfo_nomenclatural_status"": ""Valid""}"
Microchilus luniferus,wfo,0,,,Microchilus luniferus (Schltr.) Ormerod,(Schltr.) Ormerod,Orchidaceae,Microchilus,luniferus,species,,,,,wfo-0000471931,,Lindleyana 17(4): 217 (2002).,,,unambiguous_accepted,wfo,"{""majorGroup"": ""A"", ""originalNameUsageID"": ""wfo-0000273158"", ""source"": ""World Checklist of Vascular Plants. Facilitated by the Royal Botanic Gardens, Kew."", ""taxonRemarks"": ""Source in seed data: wcs Updated namepublishedIn from Lindleyana 17: 217 2002 to Lindleyana 17(4): 217 (2002). , information provided by Alan E. on email Oct. 12 2020 More details could be found in <a href=http://www.theplantlist.org/tpl1.1/record/kew-25"", ""tplId"": ""kew-254441"", ""wfo_nomenclatural_status"": ""Valid""}"
Microcoelia dolichorrhiza,wfo,1,Gussonea dolichorrhiza,Gussonea dolichorrhiza [Unknown; wfo],Microcoelia dolichorrhiza (Schltr.) Summerh.,(Schltr.) Summerh.,Orchidaceae,Microcoelia,dolichorrhiza,species,,,,,wfo-0000243025,,Bot. Mus. Leafl. 11: 153 (1943),,,unambiguous_accepted,wfo,"{""majorGroup"": ""A"", ""originalNameUsageID"": ""wfo-0000976535"", ""references"": ""https://powo.science.kew.org/taxon/urn:lsid:ipni.org:names:644144-1"", ""source"": ""World Checklist of Vascular Plants. Facilitated by the Royal Botanic Gardens, Kew."", ""taxonRemarks"": ""Source in seed data: wcs Update namepublishedIn from Bot. Mus. Leafl. 11: 153. 1943 to Bot. Mus. Leafl. 11: 153 (1943), information provided by Alan E. on email Jun. 07 2021 More details could be found in <a href=http://www.theplantlist.org/tpl1.1/record"", ""tplId"": ""kew-126991"", ""wfo_nomenclatural_status"": ""Valid""}"
Microcoelia gabonensis,wcvp,0,,,Microcoelia gabonensis (Summerh.) Farminhão,(Summerh.) Farminhão,Orchidaceae,Taeniorrhiza,gabonensis,Species,,,201259,659739-1,,<NA>,(1943),Bot. Mus. Leafl.,WC. Trop. Africa,unambiguous_accepted,wcvp,"{""climate_description"": ""wet tropical"", ""lifeform_description"": ""epiphyte"", ""volume_and_page"": ""11: 166""}"
Microcoelia macrorrhynchia,wcvp,0,,,Microcoelia macrorrhynchia (Schltr.) Summerh.,(Schltr.) Summerh.,Orchidaceae,Angraecum,macrorrhynchium,Species,,,9515,616241-1,,<NA>,(1905),Bot. Jahrb. Syst.,Trop. Africa,unambiguous_accepted,wcvp,"{""volume_and_page"": ""38: 22""}"
Microcoelia macrorrhynchium,wfo,0,,,Microcoelia macrorrhynchium (Schltr.) Summerh.,(Schltr.) Summerh.,Orchidaceae,Microcoelia,macrorrhynchium,species,,,,,wfo-0000243043,,Fl. W. Trop. Afr. 2: 454 (1936),,,unambiguous_accepted,wfo,"{""majorGroup"": ""A"", ""originalNameUsageID"": ""wfo-0000978181"", ""references"": ""https://powo.science.kew.org/taxon/urn:lsid:ipni.org:names:644156-1"", ""source"": ""World Checklist of Vascular Plants. Facilitated by the Royal Botanic Gardens, Kew."", ""taxonRemarks"": ""Source in seed data: wcs Update namepublishedIn from Fl. W. Trop. Afr. [Hutchinson & Dalziel] 2: 454. 1936 to Fl. W. Trop. Afr. 2: 454 (1936), information provided by Alan E. on email Jun. 07 2021 More details could be found in <a href=http://www.theplan"", ""tplId"": ""kew-127007"", ""wfo_nomenclatural_status"": ""Valid""}"
Microcoelia nguemae,wcvp,0,,,Microcoelia nguemae Farminhão & Stévart,Farminhão & Stévart,Orchidaceae,Microcoelia,nguemae,Species,,,3306497,77327778-1,,<NA>,(2023),Taxon,Gabon,unambiguous_accepted,wcvp,"{""climate_description"": ""wet tropical"", ""volume_and_page"": ""72: 493""}"
Micropera rostratum,wfo,0,,,Micropera rostratum (Roxb.) N.P.Balakr.,(Roxb.) N.P.Balakr.,Orchidaceae,Micropera,purpurea,species,,,,,wfo-0000243559,,Indian Orchids: Guide Identif. & Cult. 2: 619 (1979),,,unambiguous_accepted,wfo,"{""majorGroup"": ""A"", ""originalNameUsageID"": ""wfo-0000792066"", ""references"": ""https://powo.science.kew.org/taxon/urn:lsid:ipni.org:names:77243911-1"", ""source"": ""World Checklist of Vascular Plants. Facilitated by the Royal Botanic Gardens, Kew."", ""taxonRemarks"": ""Source in seed data: wcs More details could be found in <a href=http://www.theplantlist.org/tpl1.1/record/kew-127499 >The Plant List v.1.1.</a> Originally in <a href=http://www.theplantlist.org/tpl/record/kew-127499 >The Plant List v.1.0</a>"", ""tplId"": ""kew-127499"", ""wfo_nomenclatural_status"": ""Valid""}"
Microthelys rubrocallosa,wfo,1,Spiranthes rubrocallosa,Spiranthes rubrocallosa [Unknown; wfo],Microthelys rubrocallosa (B.L.Rob. & Greenm.) Garay,(B.L.Rob. & Greenm.) Garay,Orchidaceae,Microthelys,rubrocallosa,species,,,,,wfo-0000244282,,Bot. Mus. Leafl. 28(4): 338. 1982 [1980 publ. 1982],,,unambiguous_accepted,wfo,"{""majorGroup"": ""A"", ""originalNameUsageID"": ""wfo-0000313413"", ""source"": ""World Checklist of Vascular Plants. Facilitated by the Royal Botanic Gardens, Kew."", ""taxonRemarks"": ""Source in seed data: wcs Updated namepublishedIn from Bot. Mus. Leafl. 28: 338 1980 publ. 1982 to Bot. Mus. Leafl. 28(4): 338. 1982 [1980 publ. 1982] , information provided by Alan E. on email Oct. 12 2020 More details could be found in <a href=http://ww"", ""tplId"": ""kew-128176"", ""wfo_nomenclatural_status"": ""Valid""}"
Miltonia ﬂava Lindl.,cites_pdf,0,,,Miltonia ﬂava Lindl.,,Orchidaceae,Miltonia,anceps,,,,,,,,,,,unambiguous_accepted,cites_pdf,"{""page"": 426, ""y"": 371.4}"
Miltonia ﬂavescens (Lindl.) Lindl.,cites_pdf,7,"Cyrtochilum ﬂavescens Lindl., Irenea ﬂavescens (Lindl.) Szlach., Mytnik, G´orniak & Romowicz ., Miltonia ﬂavescens var. grandiﬂora Regel., Miltonia ﬂavescens var. stellata (Lindl.) Regel., Miltonia ﬂavescens var. typica Regel., Oncidium ﬂavescens (Lindl.) Rchb.f., Oncidium ﬂavescens var. stellatum (Lindl.) Rchb.f.","Cyrtochilum ﬂavescens Lindl. [Unknown; cites_pdf], Irenea ﬂavescens (Lindl.) Szlach., Mytnik, G´orniak & Romowicz . [Unknown; cites_pdf], Miltonia ﬂavescens var. grandiﬂora Regel. [Unknown; cites_pdf], Miltonia ﬂavescens var. stellata (Lindl.) Regel. [Unknown; cites_pdf], Miltonia ﬂavescens var. typica Regel. [Unknown; cites_pdf], Oncidium ﬂavescens (Lindl.) Rchb.f. [Unknown; cites_pdf], Oncidium ﬂavescens var. stellatum (Lindl.) Rchb.f. [Unknown; cites_pdf]",Miltonia ﬂavescens (Lindl.) Lindl.,,Orchidaceae,Cyrtochilum,ﬂavescens,,,,,,,,,,,unambiguous_accepted,cites_pdf,"{""accepted_genus"": ""Miltonia"", ""page"": 235, ""y"": 718.1}"
Miltonidium hybridum,wcvp,0,,,× Miltonidium hybridum M.Hiroe,M.Hiroe,Orchidaceae,Miltonidium,hybridum,Species,,,128339,644783-1,,<NA>,(1971),Orchid Flowers,,unambiguous_accepted,wcvp,"{""hybrid"": true, ""nomenclatural_remarks"": "", not validly publ."", ""volume_and_page"": ""2: 40""}"
Miltoniopsis bleui,wcvp,2,"Miltonia bleui, Odontoglossum bleui","Miltonia bleui [Homotypic; wcvp], Odontoglossum bleui [Homotypic; wcvp]",Miltoniopsis × bleui (God.-Leb.) God.-Leb.,(God.-Leb.) God.-Leb.,Orchidaceae,Miltonia,bleui,Species,,,128284,644737-1,,<NA>,(1888),Orchidophile (Argenteuil),,unambiguous_accepted,wcvp,"{""hybrid"": true, ""volume_and_page"": ""8: 45""}"
Mormodes benelliana,wcvp,0,,,Mormodes benelliana Engels & A.K.Koch,Engels & A.K.Koch,Orchidaceae,Mormodes,benelliana,Species,,,3316677,77352943-1,,<NA>,(2024),Lankesteriana,Brazil (Mato Grosso),unambiguous_accepted,wcvp,"{""climate_description"": ""seasonally dry tropical"", ""lifeform_description"": ""pseudobulbous epiphyte"", ""volume_and_page"": ""24: 223""}"
Mormodes convolutum,wfo,0,,,Mormodes convolutum Lindl. & Paxton,Lindl. & Paxton,Orchidaceae,Mormodes,convolutum,species,,,,,wfo-0000246176,,Paxton's Fl. Gard. 3: 98 (1852),,,unambiguous_accepted,wfo,"{""majorGroup"": ""A"", ""references"": ""https://powo.science.kew.org/taxon/urn:lsid:ipni.org:names:644953-1"", ""source"": ""World Checklist of Vascular Plants. Facilitated by the Royal Botanic Gardens, Kew."", ""taxonRemarks"": ""Source in seed data: wcs Update namepublishedIn from Paxton's Fl. Gard. 3: 98 1852 to Paxton's Fl. Gard. 3: 98 (1852), information provided by Alan E. on email Jun. 07 2021 More details could be found in <a href=http://www.theplantlist.org/tpl1.1/record/"", ""tplId"": ""kew-130013"", ""wfo_nomenclatural_status"": ""Valid""}"
Mormodes goianensis,wcvp,0,,,"Mormodes goianensis Malaspina, U.L.C.Ferreira & L.C.Araújo","Malaspina, U.L.C.Ferreira & L.C.Araújo",Orchidaceae,Mormodes,goianensis,Species,,,3316680,77334674-1,,<NA>,(2023),Colet. Orquídeas Brasil.,Brazil (Goiás),unambiguous_accepted,wcvp,"{""climate_description"": ""seasonally dry tropical"", ""lifeform_description"": ""pseudobulbous epiphyte"", ""volume_and_page"": ""19: 790""}"
Mormodes oestlundianum,wfo,0,,,Mormodes oestlundianum Salazar & Hágsater,Salazar & Hágsater,Orchidaceae,Mormodes,oestlundianum,species,,,,,wfo-0000246219,,"Orquidea (Mexico City), n.s., 12: 66 (1990)",,,unambiguous_accepted,wfo,"{""majorGroup"": ""A"", ""references"": ""https://powo.science.kew.org/taxon/urn:lsid:ipni.org:names:281040-2"", ""source"": ""World Checklist of Vascular Plants. Facilitated by the Royal Botanic Gardens, Kew."", ""taxonRemarks"": ""Source in seed data: wcs Update namepublishedIn from Orquídea (Mexico City) n.s., 12: 66 1990 to Orquidea (Mexico City) , n.s., 12: 66 (1990), information provided by Alan E. on email Jun. 07 2021 More details could be found in <a href=http://www.thepla"", ""tplId"": ""kew-130054"", ""wfo_nomenclatural_status"": ""Valid""}"
Mormodes warscewiczii,wfo,0,,,Mormodes warscewiczii Klotzsch,Klotzsch,Orchidaceae,Mormodes,warscewiczii,species,,,,,wfo-0001088495,,Allg. Gartenzeitung (Otto & Dietrich) 22: 65. 1854,,,unambiguous_accepted,wfo,"{""majorGroup"": ""A"", ""source"": ""World Checklist of Vascular Plants. Facilitated by the Royal Botanic Gardens, Kew."", ""taxonRemarks"": ""Source in seed data: tro Updated namepublishedIn from Allg. Gartenzeitung 22: 65 1854 to Allg. Gartenzeitung (Otto & Dietrich) 22: 65. 1854 , information provided by Alan E. on email Oct. 12 2020 More details could be found in <a href=http://www.theplant"", ""tplId"": ""tro-23513372"", ""wfo_nomenclatural_status"": ""Valid""}"
Muscarella rojohniae,cites_csv,0,,,"Muscarella rojohniae Luer, 2006","Luer, 2006",Orchidaceae,Muscarella,rojohniae,SPECIES,II,,,,,,,,Ecuador,unambiguous_accepted,cites_csv,"{""All_DistributionISOCodes"": ""EC"", ""NativeDistributionFullNames"": ""Ecuador""}"
Muscarella ﬁmbriata (Ames & C.Schweinf.) Luer,cites_pdf,1,Masdevallia ﬁmbriata Ames & C.Schweinf.,Masdevallia ﬁmbriata Ames & C.Schweinf. [Unknown; cites_pdf],Muscarella ﬁmbriata (Ames & C.Schweinf.) Luer,,Orchidaceae,Masdevallia,ﬁmbriata,,,,,,,,,,,unambiguous_accepted,cites_pdf,"{""accepted_genus"": ""Muscarella"", ""page"": 407, ""y"": 299.7}"
Mycaranthes ﬂoribunda (D.Don) S.C.Chen & J.J.Wood,cites_pdf,1,Dendrobium ﬂoribundum D.Don,Dendrobium ﬂoribundum D.Don [Unknown; cites_pdf],Mycaranthes ﬂoribunda (D.Don) S.C.Chen & J.J.Wood,,Orchidaceae,Dendrobium,ﬂoribundum,,,,,,,,,,,unambiguous_accepted,cites_pdf,"{""accepted_genus"": ""Mycaranthes"", ""page"": 258, ""y"": 419.2}"
Myoxanthus anancusiensis,wcvp,0,,,"Myoxanthus anancusiensis H.R.Quispe, R.D.Cuadros & F.H.Calderon","H.R.Quispe, R.D.Cuadros & F.H.Calderon",Orchidaceae,Myoxanthus,anancusiensis,Species,,,3306519,77329388-1,,<NA>,(2023),Phytotaxa,Peru,unambiguous_accepted,wcvp,"{""climate_description"": ""wet tropical"", ""lifeform_description"": ""epiphyte"", ""volume_and_page"": ""622: 156""}"
Myoxanthus claudiana,wcvp,0,,,"Myoxanthus claudiana Uribe Vélez, Sauleda & Szlach.","Uribe Vélez, Sauleda & Szlach.",Orchidaceae,Myoxanthus,claudiana,Species,,,3306540,77325265-1,,<NA>,(2022),New World Orchid. Nomencl. Notes,Colombia,unambiguous_accepted,wcvp,"{""climate_description"": ""wet tropical"", ""lifeform_description"": ""epiphyte"", ""volume_and_page"": ""108: 2""}"
Myrmechis philippinensiis,cites_csv,0,,,"Myrmechis philippinensiis Ames, 1908","Ames, 1908",Orchidaceae,Myrmechis,philippinensiis,SPECIES,II,,,,,,,,Philippines,unambiguous_accepted,cites_csv,"{""All_DistributionISOCodes"": ""PH"", ""NativeDistributionFullNames"": ""Philippines""}"
Myrmecocattleya spiralis,wcvp,2,"Schombocattleya spiralis, Schomburgkiocattleya spiralis","Schombocattleya spiralis [Homotypic; wcvp], Schomburgkiocattleya spiralis [Nomenclatural; wcvp]",× Myrmecocattleya spiralis (Rolfe) Rolfe,(Rolfe) Rolfe,Orchidaceae,Schomburgkiocattleya,spiralis,Species,,,188369,77248391-1,,<NA>,(1903),J. Soc. Natl. Hort. France,,unambiguous_accepted,wcvp,"{""hybrid"": true, ""nomenclatural_remarks"": "", not validly publ."", ""volume_and_page"": "", sér. 4, 4: 534""}"
Myrmecophila gentryi,wcvp,0,,,Myrmecophila gentryi Szlach. & Kolan.,Szlach. & Kolan.,Orchidaceae,Myrmecophila,gentryi,Species,,,3316611,77343497-1,,<NA>,(2023),Mater. Orchid Fl. Colombia,Colombia,unambiguous_accepted,wcvp,"{""climate_description"": ""wet tropical"", ""lifeform_description"": ""pseudobulbous epiphyte"", ""volume_and_page"": ""4: 486""}"
Myrosmodes breve,wfo,0,,,Myrosmodes breve (Schltr.) Garay,(Schltr.) Garay,Orchidaceae,Myrosmodes,breve,species,,,,,wfo-0000248349,,"Opera Bot., B 9(225: 1): 168 1978",,,unambiguous_accepted,wfo,"{""majorGroup"": ""A"", ""originalNameUsageID"": ""wfo-0000854509"", ""source"": ""World Checklist of Vascular Plants. Facilitated by the Royal Botanic Gardens, Kew."", ""taxonRemarks"": ""Source in seed data: wcs More details could be found in <a href=http://www.theplantlist.org/tpl1.1/record/kew-132066 >The Plant List v.1.1.</a> Originally in <a href=http://www.theplantlist.org/tpl/record/kew-132066 >The Plant List v.1.0</a>"", ""tplId"": ""kew-132066"", ""wfo_nomenclatural_status"": ""Valid""}"
Myrosmodes cochleare,wfo,0,,,Myrosmodes cochleare Garay,Garay,Orchidaceae,Myrosmodes,cochleare,species,,,,,wfo-0000248351,,Fl. Ecuador 9(225: 1): 169. 1978,,,unambiguous_accepted,wfo,"{""majorGroup"": ""A"", ""source"": ""World Checklist of Vascular Plants. Facilitated by the Royal Botanic Gardens, Kew."", ""taxonRemarks"": ""Source in seed data: wcs Updated namepublishedIn from Opera Bot., B 9(225: 1): 169 1978 to Fl. Ecuador 9(225: 1): 169. 1978 , information provided by Alan E. on email Oct. 12 2020 More details could be found in <a href=http://www.theplantlist.org/tpl1.1/"", ""tplId"": ""kew-132068"", ""wfo_nomenclatural_status"": ""Valid""}"
Myrosmodes filamentosum,wfo,0,,,Myrosmodes filamentosum (Mansf.) Garay,(Mansf.) Garay,Orchidaceae,Myrosmodes,filamentosum,species,,,,,wfo-0000248352,,Fl. Ecuador 9(225: 1): 169. 1978,,,unambiguous_accepted,wfo,"{""majorGroup"": ""A"", ""originalNameUsageID"": ""wfo-0000225177"", ""source"": ""World Checklist of Vascular Plants. Facilitated by the Royal Botanic Gardens, Kew."", ""taxonRemarks"": ""Source in seed data: wcs Updated namepublishedIn from Opera Bot., B 9(225: 1): 169 1978 to Fl. Ecuador 9(225: 1): 169. 1978 , information provided by Alan E. on email Oct. 12 2020 More details could be found in <a href=http://www.theplantlist.org/tpl1.1/"", ""tplId"": ""kew-132069"", ""wfo_nomenclatural_status"": ""Valid""}"
Myrosmodes nubigenum,wfo,0,,,Myrosmodes nubigenum Rchb.f.,Rchb.f.,Orchidaceae,Myrosmodes,nubigenum,species,,,,,wfo-0000248354,,Xenia Orchid. 1: 19 (1854),,,unambiguous_accepted,wfo,"{""majorGroup"": ""A"", ""references"": ""https://powo.science.kew.org/taxon/urn:lsid:ipni.org:names:645066-1"", ""source"": ""World Checklist of Vascular Plants. Facilitated by the Royal Botanic Gardens, Kew."", ""taxonRemarks"": ""Source in seed data: wcs Update namepublishedIn from Xenia Orchid. 1: 19 1854 to Xenia Orchid. 1: 19 (1854), information provided by Alan E. on email Jun. 07 2021 More details could be found in <a href=http://www.theplantlist.org/tpl1.1/record/kew-132070"", ""tplId"": ""kew-132070"", ""wfo_nomenclatural_status"": ""Valid""}"
Myrosmodes rhynchocarpum,wfo,0,,,Myrosmodes rhynchocarpum (Schltr.) Garay,(Schltr.) Garay,Orchidaceae,Myrosmodes,rhynchocarpum,species,,,,,wfo-0000248357,,Fl. Ecuador 9(225: 1): 171 (1978),,,unambiguous_accepted,wfo,"{""majorGroup"": ""A"", ""originalNameUsageID"": ""wfo-0000760992"", ""source"": ""World Checklist of Vascular Plants. Facilitated by the Royal Botanic Gardens, Kew."", ""taxonRemarks"": ""Source in seed data: wcs Update namepublishedIn from Opera Bot., B 9(225: 1): 171 1978 to Fl. Ecuador 9(225: 1): 171 (1978), information provided by Alan E. on email Jun. 07 2021 More details could be found in <a href=http://www.theplantlist.org/tpl1.1/r"", ""tplId"": ""kew-132073"", ""wfo_nomenclatural_status"": ""Valid""}"
Myrosmodes rostratum,wfo,0,,,Myrosmodes rostratum (Rchb.f.) Garay,(Rchb.f.) Garay,Orchidaceae,Myrosmodes,rostratum,species,,,,,wfo-0000248358,,Fl. Ecuador 9(225: 1): 172 (1978),,,unambiguous_accepted,wfo,"{""majorGroup"": ""A"", ""originalNameUsageID"": ""wfo-0000953621"", ""source"": ""World Checklist of Vascular Plants. Facilitated by the Royal Botanic Gardens, Kew."", ""taxonRemarks"": ""Source in seed data: wcs Update namepublishedIn from Opera Bot., B 9(225: 1): 172 1978 to Fl. Ecuador 9(225: 1): 172 (1978), information provided by Alan E. on email Jun. 07 2021 More details could be found in <a href=http://www.theplantlist.org/tpl1.1/r"", ""tplId"": ""kew-132074"", ""wfo_nomenclatural_status"": ""Valid""}"
Myrosmodes ustulatum,wfo,0,,,Myrosmodes ustulatum (Schltr.) Garay,(Schltr.) Garay,Orchidaceae,Myrosmodes,ustulatum,species,,,,,wfo-0000248359,,Fl. Ecuador 9(225: 1): 172 (1978),,,unambiguous_accepted,wfo,"{""majorGroup"": ""A"", ""originalNameUsageID"": ""wfo-0000832804"", ""references"": ""https://powo.science.kew.org/taxon/urn:lsid:ipni.org:names:645070-1"", ""source"": ""World Checklist of Vascular Plants. Facilitated by the Royal Botanic Gardens, Kew."", ""taxonRemarks"": ""Source in seed data: wcs Update namepublishedIn from Opera Bot., B 9(225: 1): 172 1978 to Fl. Ecuador 9(225: 1): 172 (1978), information provided by Alan E. on email Jun. 07 2021 More details could be found in <a href=http://www.theplantlist.org/tpl1.1/r"", ""tplId"": ""kew-132075"", ""wfo_nomenclatural_status"": ""Valid""}"
Mystacidium aliciae,wfo,0,,,Mystacidium aliciae Bolus,Bolus,Orchidaceae,Mystacidium,aliciae,species,,,,,wfo-0000249235,,Icon. Orchid. Austro-Afric. 2: t. 6 (1911),,,unambiguous_accepted,wfo,"{""majorGroup"": ""A"", ""references"": ""https://powo.science.kew.org/taxon/urn:lsid:ipni.org:names:645071-1"", ""source"": ""World Checklist of Vascular Plants. Facilitated by the Royal Botanic Gardens, Kew."", ""taxonRemarks"": ""Source in seed data: wcs Update namepublishedIn from Orch. S. Afr. ii. t. 6 (1911). to Icon. Orchid. Austro-Afric. 2: t. 6 (1911), information provided by Alan E. on email Jun. 07 2021 More details could be found in <a href=http://www.theplantlist.org/tp"", ""tplId"": ""kew-132891"", ""wfo_nomenclatural_status"": ""Valid""}"
Mystacidium braybonae,cites_csv,0,,,"Mystacidium braybonae Summerh., 1949","Summerh., 1949",Orchidaceae,Mystacidium,braybonae,SPECIES,II,,,,,,,,South Africa,unambiguous_accepted,cites_csv,"{""All_DistributionISOCodes"": ""ZA"", ""NativeDistributionFullNames"": ""South Africa""}"
Mystacidium ﬂanaganii (Bolus) Bolus,cites_pdf,1,Angraecum ﬂanaganii Bolus,Angraecum ﬂanaganii Bolus [Unknown; cites_pdf],Mystacidium ﬂanaganii (Bolus) Bolus,,Orchidaceae,Angraecum,ﬂanaganii,,,,,,,,,,,unambiguous_accepted,cites_pdf,"{""accepted_genus"": ""Mystacidium"", ""page"": 35, ""y"": 479.0}"
Neotinorchis canuti,wcvp,1,Orchis canuti,Orchis canuti [Homotypic; wcvp],× Neotinorchis canuti (K.Richt.) B.Bock,(K.Richt.) B.Bock,Orchidaceae,Orchis,canuti,Species,,,142316,648446-1,,<NA>,(1890),Pl. Eur.,,unambiguous_accepted,wcvp,"{""hybrid"": true, ""volume_and_page"": ""1: 272""}"
Neotinorchis doellii,wcvp,1,Orchis doellii,Orchis doellii [Homotypic; wcvp],× Neotinorchis doellii (W.Zimm.) B.Bock,(W.Zimm.) B.Bock,Orchidaceae,Orchis,doellii,Species,,,142455,648568-1,,<NA>,(1916),Allg. Bot. Z. Syst.,,unambiguous_accepted,wcvp,"{""hybrid"": true, ""volume_and_page"": ""22: 51""}"
Neotinorchis mattinatae,wcvp,1,Neotiaceras mattinatae,Neotiaceras mattinatae [Homotypic; wcvp],× Neotinorchis mattinatae (Kohlmüller) B.Bock,(Kohlmüller) B.Bock,Orchidaceae,Neotiaceras,mattinatae,Species,,,134140,935577-1,,<NA>,(1988),Orchidee (Hamburg),,unambiguous_accepted,wcvp,"{""hybrid"": true, ""volume_and_page"": ""39: 190""}"
Neotinorchis untchjii,wcvp,0,,,× Neotinorchis untchjii (M.Schulze) B.Bock,(M.Schulze) B.Bock,Orchidaceae,Orchis,untchjii,Species,,,143369,77118891-1,,<NA>,(1907),Syn. Mitteleur. Fl.,,unambiguous_accepted,wcvp,"{""volume_and_page"": ""3: 771""}"
Neottia anthropophora,wcvp,1,Listera anthropophora,Listera anthropophora [Homotypic; wcvp],Neottia anthropophora (Aver. & V.C.Nguyen) R.Kr.Singh & Sanjeet Kumar,(Aver. & V.C.Nguyen) R.Kr.Singh & Sanjeet Kumar,Orchidaceae,Neottia,anthropophora,Species,,,3316813,77350104-1,,3316143,(2024),J. Biodivers. Conservation,Vietnam,unambiguous_accepted,wcvp,"{""climate_description"": ""wet tropical"", ""volume_and_page"": ""8(4): 94""}"
Neottia chawalongensis,wcvp,0,,,Neottia chawalongensis J.D.Ya & D.Z.Li,J.D.Ya & D.Z.Li,Orchidaceae,Neottia,chawalongensis,Species,,,3306789,77331172-1,,<NA>,(2023),PhytoKeys,Tibet,unambiguous_accepted,wcvp,"{""climate_description"": ""temperate"", ""lifeform_description"": ""perennial"", ""volume_and_page"": ""235: 221""}"
Neottia lihengiae,wcvp,0,,,"Neottia lihengiae J.D.Ya, H.Jiang & D.Z.Li","J.D.Ya, H.Jiang & D.Z.Li",Orchidaceae,Neottia,lihengiae,Species,,,3306790,77331171-1,,<NA>,(2023),PhytoKeys,China (Yunnan),unambiguous_accepted,wcvp,"{""climate_description"": ""temperate"", ""lifeform_description"": ""perennial"", ""volume_and_page"": ""235: 219""}"
Neottia linzhiensis,wcvp,0,,,Neottia linzhiensis X.H.Jin,X.H.Jin,Orchidaceae,Neottia,linzhiensis,Species,,,3306810,77332385-1,,<NA>,(2023),Phytotaxa,Tibet,unambiguous_accepted,wcvp,"{""climate_description"": ""temperate"", ""lifeform_description"": ""perennial"", ""volume_and_page"": ""629: 156""}"
Neottia maolanensis,wcvp,1,Neottia wangii,Neottia wangii [Nomenclatural; wcvp],Neottia maolanensis M.N.Wang,M.N.Wang,Orchidaceae,Neottia,maolanensis,Species,,,3306791,77330789-1,,3306911,(2023),PhytoKeys,China (Guizhou),unambiguous_accepted,wcvp,"{""climate_description"": ""temperate"", ""lifeform_description"": ""perennial"", ""volume_and_page"": ""235: 81""}"
Neottia milinensis,wcvp,0,,,Neottia milinensis J.J.Lei & X.H.Jin,J.J.Lei & X.H.Jin,Orchidaceae,Neottia,milinensis,Species,,,3306930,77316359-1,,<NA>,(2023),Phytotaxa,Tibet,unambiguous_accepted,wcvp,"{""climate_description"": ""temperate"", ""lifeform_description"": ""perennial"", ""volume_and_page"": ""589: 113""}"
Neottia motuoensis,wcvp,0,,,Neottia motuoensis X.H.Jin,X.H.Jin,Orchidaceae,Neottia,motuoensis,Species,,,3316768,77340687-1,,<NA>,(2024),Phytotaxa,Tibet,unambiguous_accepted,wcvp,"{""climate_description"": ""temperate"", ""lifeform_description"": ""rhizomatous geophyte"", ""volume_and_page"": ""645: 186""}"
Neottia papulosa,wcvp,2,"Gyrostachys papulosa, Stenorrhynchos papulosum","Gyrostachys papulosa [Homotypic; wcvp], Stenorrhynchos papulosum [Homotypic; wcvp]",Neottia papulosa Lex.,Lex.,Orchidaceae,Stenorrhynchos,papulosum,Species,,,197455,659403-1,,134275,(1840),Gen. Sp. Orchid. Pl.,,unambiguous_accepted,wcvp,"{""volume_and_page"": "": 477""}"
Neottia pekinensis,wcvp,1,Holopogon pekinensis,Holopogon pekinensis [Homotypic; wcvp],Neottia pekinensis (X.Y.Mu & Bing Liu) R.Kr.Singh & Sanjeet Kumar,(X.Y.Mu & Bing Liu) R.Kr.Singh & Sanjeet Kumar,Orchidaceae,Neottia,pekinensis,Species,,,3316810,77350106-1,,529892,(2024),J. Biodivers. Conservation,China (Beijing),unambiguous_accepted,wcvp,"{""climate_description"": ""temperate"", ""lifeform_description"": ""rhizomatous geophyte"", ""volume_and_page"": ""8(4): 102""}"
Nephelaphyllum nudum,wcvp,0,,,Nephelaphyllum nudum Hook.f.,Hook.f.,Orchidaceae,Nephelaphyllum,nudum,Species,,,135112,645428-1,,<NA>,(1890),Fl. Brit. India,Sikkim to Assam,unambiguous_accepted,wcvp,"{""climate_description"": ""subtropical"", ""lifeform_description"": ""rhizomatous geophyte"", ""volume_and_page"": ""6: 192""}"
Nephrangis ﬁliformis (Kraenzl.) Summerh.,cites_pdf,1,Angraecum ﬁliforme (Kraenzl.) Schltr.,Angraecum ﬁliforme (Kraenzl.) Schltr. [Unknown; cites_pdf],Nephrangis ﬁliformis (Kraenzl.) Summerh.,,Orchidaceae,Angraecum,ﬁliforme,,,,,,,,,,,unambiguous_accepted,cites_pdf,"{""accepted_genus"": ""Nephrangis"", ""page"": 35, ""y"": 311.6}"
Nervilia cumberlegii,cites_csv,0,,,"Nervilia cumberlegii Seidenf. & Smitinand, 1965","Seidenf. & Smitinand, 1965",Orchidaceae,Nervilia,cumberlegii,SPECIES,II,,,,,,,,"Taiwan, Province of China,Thailand",unambiguous_accepted,cites_csv,"{""All_DistributionISOCodes"": ""TW,TH"", ""NativeDistributionFullNames"": ""Taiwan, Province of China,Thailand""}"
Oberonia austro-yunnanensis,wfo,0,,,Oberonia austro-yunnanensis S.C.Chen & Z.H.Tsi,S.C.Chen & Z.H.Tsi,Orchidaceae,Oberonia,austro-yunnanensis,species,,,,,wfo-0000252651,,Acta Phytotax. Sin. 20: 193 (1982),,,unambiguous_accepted,wfo,"{""majorGroup"": ""A"", ""references"": ""https://powo.science.kew.org/taxon/urn:lsid:ipni.org:names:900370-1"", ""source"": ""World Checklist of Vascular Plants. Facilitated by the Royal Botanic Gardens, Kew."", ""taxonRemarks"": ""Source in seed data: wcs Update namepublishedIn from Acta Phytotax. Sin. 20(2): 193. 1982 [18 May 1982] to Acta Phytotax. Sin. 20: 193 (1982), information provided by Alan E. on email Jun. 07 2021 More details could be found in <a href=http://www.theplan"", ""tplId"": ""kew-136268"", ""wfo_nomenclatural_status"": ""Valid""}"
Oberonia bertoldii,cites_csv,0,,,"Oberonia bertoldii King & Pantl., 1897","King & Pantl., 1897",Orchidaceae,Oberonia,bertoldii,SPECIES,II,,,,,,,,Singapore,unambiguous_accepted,cites_csv,"{""All_DistributionISOCodes"": ""SG"", ""Extinct_Distribution"": ""Singapore""}"
Oberonia marnkuliensis,wcvp,0,,,Oberonia marnkuliensis Shreyas & Kotresha,Shreyas & Kotresha,Orchidaceae,Oberonia,marnkuliensis,Species,,,3316545,77341632-1,,<NA>,(2024),"Richardiana, N.S.",India (Karnataka),unambiguous_accepted,wcvp,"{""climate_description"": ""wet tropical"", ""lifeform_description"": ""epiphyte"", ""volume_and_page"": ""8: 22""}"
Oberonia odoardoi,wfo,0,,,Oberonia odoardoi Schltr.,Schltr.,Orchidaceae,Oberonia,odoardoi,species,,,,,wfo-0000252906,,Repert. Spec. Nov. Regni Veg. 9: 431 (1911),,,unambiguous_accepted,wfo,"{""majorGroup"": ""A"", ""references"": ""https://powo.science.kew.org/taxon/urn:lsid:ipni.org:names:645948-1"", ""source"": ""World Checklist of Vascular Plants. Facilitated by the Royal Botanic Gardens, Kew."", ""taxonRemarks"": ""Source in seed data: wcs Update namepublishedIn from Repert. Spec. Nov. Regni Veg. 9(no. 222-226): 431. 1911 [15 Aug 1911] (as Odoardi) to Repert. Spec. Nov. Regni Veg. 9: 431 (1911), information provided by Alan E. on email Jun. 07 2021 More details cou"", ""tplId"": ""kew-136507"", ""wfo_nomenclatural_status"": ""Valid""}"
Oberonia sinuata,wcvp,0,,,Oberonia sinuata Aver.,Aver.,Orchidaceae,Oberonia,sinuata,Species,,,3307080,77319579-1,,<NA>,(2022),Novosti Sist. Vyssh. Rast.,Laos,unambiguous_accepted,wcvp,"{""climate_description"": ""wet tropical"", ""lifeform_description"": ""epiphyte"", ""volume_and_page"": ""53: 17""}"
Oberonioides latifiana,wcvp,0,,,Oberonioides latifiana (P.T.Ong) Ormerod & Juswara,(P.T.Ong) Ormerod & Juswara,Orchidaceae,Liparis,latifiana,Species,,,548438,77219979-1,,<NA>,(2020),Malesian Orchid J.,Pen. Malaysia,unambiguous_accepted,wcvp,"{""climate_description"": ""wet tropical"", ""volume_and_page"": ""24: 54""}"
Octarrhena purpurei-ocellata,wfo,0,,,Octarrhena purpurei-ocellata P.Royen,P.Royen,Orchidaceae,Octarrhena,purpurei-ocellata,species,,,,,wfo-0000253652,,Alpine Fl. New Guinea 2: 734 (1979),,,unambiguous_accepted,wfo,"{""majorGroup"": ""A"", ""references"": ""https://powo.science.kew.org/taxon/urn:lsid:ipni.org:names:646150-1"", ""source"": ""World Checklist of Vascular Plants. Facilitated by the Royal Botanic Gardens, Kew."", ""taxonRemarks"": ""Source in seed data: wcs Update namepublishedIn from Alpine Fl. New Guinea 2: 734. 1979 to Alp. Fl. New Guinea 2: 734 (1979), information provided by Alan E. on email Jun. 07 2021 More details could be found in <a href=http://www.theplantlist.org/tpl1.1/"", ""tplId"": ""kew-137215"", ""wfo_nomenclatural_status"": ""Valid""}"
Octomeria aloefolia,wfo,0,,,Octomeria aloefolia Barb.Rodr.,Barb.Rodr.,Orchidaceae,Octomeria,aloefolia,species,,,,,wfo-0000253680,,Gen. Spec. Orchid. 2: 113 (1881),,,unambiguous_accepted,wfo,"{""majorGroup"": ""A"", ""references"": ""https://powo.science.kew.org/taxon/urn:lsid:ipni.org:names:646170-1"", ""source"": ""World Checklist of Vascular Plants. Facilitated by the Royal Botanic Gardens, Kew."", ""taxonRemarks"": ""Source in seed data: wcs Update namepublishedIn from Gen. Sp. Orchid. ii. 113. to Gen. Spec. Orchid. 2: 113 (1881), information provided by Alan E. on email Jun. 07 2021 More details could be found in <a href=http://www.theplantlist.org/tpl1.1/record/kew"", ""tplId"": ""kew-137244"", ""wfo_nomenclatural_status"": ""Valid""}"
Octomeria giordanii,wcvp,0,,,Octomeria giordanii T.F.Santos & E.L.F.Menezes,T.F.Santos & E.L.F.Menezes,Orchidaceae,Octomeria,giordanii,Species,,,3307003,77329010-1,,<NA>,(2023),Phytotaxa,Brazil (Minas Gerais),unambiguous_accepted,wcvp,"{""climate_description"": ""seasonally dry tropical"", ""lifeform_description"": ""epiphyte"", ""volume_and_page"": ""620: 236""}"
Octomeria jimenezii,wcvp,0,,,Octomeria jimenezii Vélez-Abarca,Vélez-Abarca,Orchidaceae,Octomeria,jimenezii,Species,,,3317001,77336755-1,,<NA>,(2024),Phytotaxa,Ecuador,unambiguous_accepted,wcvp,"{""climate_description"": ""wet tropical"", ""lifeform_description"": ""epiphyte"", ""volume_and_page"": ""637: 107""}"
Odontochilus brevistylus,wfo,1,Anoectochilus brevistylus,Anoectochilus brevistylus [Unknown; wfo],Odontochilus brevistylus Hook.f.,Hook.f.,Orchidaceae,Anoectochilus,brevistylus,species,,,,,wfo-0000216410,,Mat. Fl. Malay. Penins. 1: 214 1907,,,unambiguous_accepted,wfo,"{""majorGroup"": ""A"", ""originalNameUsageID"": ""wfo-0000253951"", ""source"": ""World Checklist of Vascular Plants. Facilitated by the Royal Botanic Gardens, Kew."", ""taxonRemarks"": ""Source in seed data: wcs More details could be found in <a href=http://www.theplantlist.org/tpl1.1/record/kew-10154 >The Plant List v.1.1.</a> Originally in <a href=http://www.theplantlist.org/tpl/record/kew-10154 >The Plant List v.1.0</a>"", ""tplId"": ""kew-10154""}"
Odontochilus gouanyuanensis,wcvp,2,"Kuhlhasseltia gouanyuanensis, Vexillabium gouanyuanensis","Kuhlhasseltia gouanyuanensis [Homotypic; wcvp], Vexillabium gouanyuanensis [Homotypic; wcvp]",Odontochilus gouanyuanensis (S.S.Ying) S.S.Ying,(S.S.Ying) S.S.Ying,Orchidaceae,Kuhlhasseltia,gouanyuanensis,Species,,,3292269,77309493-1,,3296598,(2022),New Taxa New Names,Taiwan,unambiguous_accepted,wcvp,"{""volume_and_page"": ""5: 471""}"
Odontochilus humilis,wcvp,0,,,Odontochilus humilis S.S.Ying,S.S.Ying,Orchidaceae,Odontochilus,humilis,Species,,,3307177,77331976-1,,<NA>,(2023),New Taxa New Names,Taiwan,unambiguous_accepted,wcvp,"{""climate_description"": ""subtropical"", ""lifeform_description"": ""rhizomatous geophyte"", ""volume_and_page"": ""6: 525""}"
Odontochilus pectiniferus,wfo,1,Cystopus pectiniferus,Cystopus pectiniferus [Unknown; wfo],Odontochilus pectiniferus (Schltr.) J.M.H.Shaw,(Schltr.) J.M.H.Shaw,Orchidaceae,Pristiglottis,pectinifera,species,,,,,wfo-0000283223,,"Acta Fauna Fl. Universali, Ser. 2, Bot. 1(14): 5 (1934)",,,unambiguous_accepted,wfo,"{""majorGroup"": ""A"", ""originalNameUsageID"": ""wfo-0000936292"", ""references"": ""https://powo.science.kew.org/taxon/urn:lsid:ipni.org:names:655046-1"", ""source"": ""World Checklist of Vascular Plants. Facilitated by the Royal Botanic Gardens, Kew."", ""taxonRemarks"": ""Source in seed data: wcs Update namepublishedIn from Acta Faun. Fl. Univ., Bucuresti, Ser. II. Bot. i. No. 14, 5 (1934). to Acta Fauna Fl. Universali, Ser. 2, Bot. 1(14): 5 (1934), information provided by Alan E. on email Jun. 07 2021 More details could"", ""tplId"": ""kew-165507"", ""wfo_nomenclatural_status"": ""Valid""}"
Odontochilus shaolinchianus,wcvp,0,,,Odontochilus shaolinchianus S.S.Ying,S.S.Ying,Orchidaceae,Odontochilus,shaolinchianus,Species,,,3316922,77352257-1,,<NA>,(2024),New Taxa New Names,Taiwan,unambiguous_accepted,wcvp,"{""climate_description"": ""subtropical"", ""lifeform_description"": ""rhizomatous geophyte"", ""volume_and_page"": ""7: 504""}"
Odontochilus tonkinensis,wcvp,0,,,Odontochilus tonkinensis (Gagnep.) Ormerod & Aver.,(Gagnep.) Ormerod & Aver.,Orchidaceae,Anoectochilus,tonkinensis,Species,,,10251,616640-1,,<NA>,(1931),Bull. Mus. Natl. Hist. Nat.,China (Yunnan) to N. Vietnam,unambiguous_accepted,wcvp,"{""volume_and_page"": "", sér. 2, 3: 679""}"
Odontoglossum roeblingianum,wcvp,0,,,Odontoglossum × roeblingianum Sander,Sander,Orchidaceae,Odontoglossum,roeblingianum,Species,,,137886,77243628-1,,<NA>,(1893),Gard. Chron.,,unambiguous_accepted,wcvp,"{""hybrid"": true, ""volume_and_page"": "", ser. 3, 13: 518""}"
Odontoglossum wendlandianum,wcvp,0,,,Odontoglossum × wendlandianum Rolfe,Rolfe,Orchidaceae,Oncidium,wendlandianum,Species,,,491935,77134457-1,,137959,(2013),Orchid Rev.,,unambiguous_accepted,wcvp,"{""hybrid"": true, ""nomenclatural_remarks"": "", nom. illeg."", ""volume_and_page"": ""121(1304, Suppl.): 77""}"
Oestlundia distantiﬂora (A.Rich. & Galeotti) W.E.Higgins,cites_pdf,1,Encyclia distantiﬂora (A.Rich. & Galeotti) Dressler & G.E.Pollard,Encyclia distantiﬂora (A.Rich. & Galeotti) Dressler & G.E.Pollard [Unknown; cites_pdf],Oestlundia distantiﬂora (A.Rich. & Galeotti) W.E.Higgins,,Orchidaceae,Encyclia,distantiﬂora,,,,,,,,,,,unambiguous_accepted,cites_pdf,"{""accepted_genus"": ""Oestlundia"", ""page"": 335, ""y"": 251.8}"
Oliveriana salarriagae,wcvp,0,,,Oliveriana salarriagae Sauleda & Uribe Vélez,Sauleda & Uribe Vélez,Orchidaceae,Oliveriana,salarriagae,Species,,,3306842,77325780-1,,<NA>,(2023),New World Orchid. Nomencl. Notes,Colombia,unambiguous_accepted,wcvp,"{""climate_description"": ""wet tropical"", ""lifeform_description"": ""pseudobulbous epiphyte"", ""volume_and_page"": ""124: 1""}"
Oliveriana uribe-velezii,wcvp,0,,,Oliveriana uribe-velezii Sauleda,Sauleda,Orchidaceae,Oliveriana,uribe-velezii,Species,,,535152,77194159-1,,<NA>,(2018),New World Orchid. Nomencl. Notes,Colombia,unambiguous_accepted,wcvp,"{""climate_description"": ""wet tropical"", ""lifeform_description"": ""pseudobulbous epiphyte"", ""volume_and_page"": ""44: 1""}"
Oliveriana uribevelezii,wfo,0,,,Oliveriana uribevelezii Sauleda,Sauleda,Orchidaceae,Oliveriana,uribevelezii,species,,,,,wfo-1000006032,,New World Orchid. Nomencl. Notes 44: 1 (2018),,,unambiguous_accepted,wfo,"{""majorGroup"": ""A"", ""references"": ""https://powo.science.kew.org/taxon/urn:lsid:ipni.org:names:77194159-1"", ""source"": ""World Checklist of Vascular Plants. Facilitated by the Royal Botanic Gardens, Kew."", ""wfo_nomenclatural_status"": ""Valid""}"
Oncidium cambridgeanum,wcvp,1,Odontoglossum cambridgeanum,Odontoglossum cambridgeanum [Homotypic; wcvp],Oncidium × cambridgeanum (Anon.) J.M.H.Shaw,(Anon.) J.M.H.Shaw,Orchidaceae,Odontoglossum,cambridgeanum,Species,,,137596,77243316-1,,<NA>,(1888),J. Hort. Pract. Gard.,,unambiguous_accepted,wcvp,"{""hybrid"": true, ""volume_and_page"": ""16: 411""}"
Oncidium chaetostroma,wcvp,0,,,Oncidium × chaetostroma (Rchb.f.) J.M.H.Shaw,(Rchb.f.) J.M.H.Shaw,Orchidaceae,Odontoglossum,chaetostroma,Species,,,137604,646437-1,,<NA>,(1883),Gard. Chron.,,unambiguous_accepted,wcvp,"{""hybrid"": true, ""volume_and_page"": "", n.s., 19: 592""}"
Oncidium ferrugineum,wcvp,1,Odontoglossum ferrugineum,Odontoglossum ferrugineum [Homotypic; wcvp],Oncidium × ferrugineum (Rchb.f.) J.M.H.Shaw,(Rchb.f.) J.M.H.Shaw,Orchidaceae,Odontoglossum,ferrugineum,Species,,,137680,646499-1,,<NA>,(1883),Gard. Chron.,,unambiguous_accepted,wcvp,"{""hybrid"": true, ""volume_and_page"": "", n.s., 19: 814""}"
Oncidium geiseliae,wcvp,0,,,"Oncidium geiseliae Ruschi, A.Albuq., Zippinotti & A.Ruschi","Ruschi, A.Albuq., Zippinotti & A.Ruschi",Orchidaceae,Oncidium,geiseliae,Species,,,3316826,77335668-1,,<NA>,(1976),"Bol. Mus. Biol. Prof. Mello-Leitão., Sér. Bot.",SE. Brazil (Pico da Bandeira),unambiguous_accepted,wcvp,"{""climate_description"": ""wet tropical"", ""lifeform_description"": ""pseudobulbous epiphyte"", ""volume_and_page"": ""86: 1""}"
Oncidium kegeljani,wfo,1,Odontoglossum kegeljani,Odontoglossum kegeljani [Unknown; wfo],Oncidium kegeljani (É.Morren) M.W.Chase & N.H.Williams,(É.Morren) M.W.Chase & N.H.Williams,Orchidaceae,Odontoglossum,kegeljani,species,,,,,wfo-0000254209,,Ann. Hort. Belge Étrangère 27: 212 (1877),,,unambiguous_accepted,wfo,"{""majorGroup"": ""A"", ""references"": ""https://powo.science.kew.org/taxon/urn:lsid:ipni.org:names:646551-1"", ""source"": ""World Checklist of Vascular Plants. Facilitated by the Royal Botanic Gardens, Kew."", ""taxonRemarks"": ""Source in seed data: wcs Update namepublishedIn from Belgique Hort. xxvii. (1877) 212. t. 10. to Ann. Hort. Belge Étrangère 27: 212 (1877), information provided by Alan E. on email Jun. 07 2021 More details could be found in <a href=http://www.theplant"", ""tplId"": ""kew-137744"", ""wfo_nomenclatural_status"": ""Valid""}"
Oncidium lentiginusum,wfo,0,,,Oncidium lentiginusum Rchb.f.,Rchb.f.,Orchidaceae,Oncidium,citrinum,variety,,,,,wfo-0000255820,,"Ann. Sci. Nat., Bot., sér. 4, 6: 377 (1856)",,,unambiguous_accepted,wfo,"{""majorGroup"": ""A"", ""references"": ""https://powo.science.kew.org/taxon/urn:lsid:ipni.org:names:173959-2"", ""source"": ""World Checklist of Vascular Plants. Facilitated by the Royal Botanic Gardens, Kew."", ""taxonRemarks"": ""Source in seed data: wcs Update namepublishedIn from Ann. Sci. Nat., Bot. sér. 4, 6: 377. 1856 to Ann. Sci. Nat., Bot. , sér. 4, 6: 377 (1856), information provided by Alan E. on email Jun. 07 2021 More details could be found in <a href=http://www.thep"", ""tplId"": ""kew-139271"", ""wfo_nomenclatural_status"": ""Valid""}"
Oncidium macrospilum,wcvp,1,Odontoglossum macrospilum,Odontoglossum macrospilum [Homotypic; wcvp],Oncidium × macrospilum (Rchb.f.) J.M.H.Shaw,(Rchb.f.) J.M.H.Shaw,Orchidaceae,Odontoglossum,macrospilum,Species,,,137784,646583-1,,<NA>,(1885),Gard. Chron.,,unambiguous_accepted,wcvp,"{""hybrid"": true, ""volume_and_page"": "", n.s., 24: 70""}"
Oncidium maizaefolium,wfo,0,,,Oncidium maizaefolium Lindl.,Lindl.,Orchidaceae,Oncidium,maizaefolium,species,,,,,wfo-0000256246,,Orchid. Linden. : 14 (1846),,,unambiguous_accepted,wfo,"{""majorGroup"": ""A"", ""references"": ""https://powo.science.kew.org/taxon/urn:lsid:ipni.org:names:647305-1"", ""source"": ""World Checklist of Vascular Plants. Facilitated by the Royal Botanic Gardens, Kew."", ""taxonRemarks"": ""Source in seed data: wcs Update namepublishedIn from Orchid. Linden. 14. 1846 [Nov-Dec 1846] to Orchid. Linden. : 14 (1846), information provided by Alan E. on email Jun. 07 2021 More details could be found in <a href=http://www.theplantlist.org/tpl1.1/r"", ""tplId"": ""kew-139657"", ""wfo_nomenclatural_status"": ""Valid""}"
Oncidium ochtodes,wfo,0,,,Oncidium ochtodes Rchb.f.,Rchb.f.,Orchidaceae,Oncidium,ochtodes,species,,,,,wfo-0001088350,,Gard. Chron. 1489 1871,,,unambiguous_accepted,wfo,"{""majorGroup"": ""A"", ""source"": ""World Checklist of Vascular Plants. Facilitated by the Royal Botanic Gardens, Kew."", ""taxonRemarks"": ""Source in seed data: tro More details could be found in <a href=http://www.theplantlist.org/tpl1.1/record/tro-23508698 >The Plant List v.1.1.</a> Originally in <a href=http://www.theplantlist.org/tpl/record/tro-23508698 >The Plant List v.1.0</a>"", ""tplId"": ""tro-23508698"", ""wfo_nomenclatural_status"": ""Valid""}"
Oncidium pergamineum,wfo,0,,,Oncidium pergamineum Lindl.,Lindl.,Orchidaceae,Oncidium,pergamineum,species,,,,,wfo-0000256394,,Pl. Hartw. : 93 (1842),,,unambiguous_accepted,wfo,"{""majorGroup"": ""A"", ""references"": ""https://powo.science.kew.org/taxon/urn:lsid:ipni.org:names:647430-1"", ""source"": ""World Checklist of Vascular Plants. Facilitated by the Royal Botanic Gardens, Kew."", ""taxonRemarks"": ""Source in seed data: wcs Update namepublishedIn from Pl. Hartw. [Bentham] 93. to Pl. Hartw. : 93 (1842), information provided by Alan E. on email Jun. 07 2021 More details could be found in <a href=http://www.theplantlist.org/tpl1.1/record/kew-139793 >Th"", ""tplId"": ""kew-139793"", ""wfo_nomenclatural_status"": ""Valid""}"
Oncidium pontagrossense,wfo,0,,,Oncidium pontagrossense Campacci,Campacci,Orchidaceae,Oncidium,pontagrossense,species,,,,,wfo-0001266034,,"Orquideophilo 6(2): 34, fig. 1998",,,unambiguous_accepted,wfo,"{""majorGroup"": ""A"", ""source"": ""World Checklist of Vascular Plants. Facilitated by the Royal Botanic Gardens, Kew."", ""taxonRemarks"": ""Source in seed data: tro Updated namePublishedIn from Orquideophilo 6(4): 34–35 1998 to Orquideophilo 6(2): 34, fig. 1998 , according to IPNI. Information provided by Alan E. on email Jul. 15 2020. More details could be found in <a href=http://www.thep"", ""tplId"": ""tro-50220243"", ""wfo_nomenclatural_status"": ""Valid""}"
Oncidium tolimense,wcvp,0,,,Oncidium tolimense Sierra-Ariza & Albino-Bohórq.,Sierra-Ariza & Albino-Bohórq.,Orchidaceae,Oncidium,tolimense,Species,,,3317057,77344736-1,,<NA>,(2021),Orquideologia,Colombia,unambiguous_accepted,wcvp,"{""climate_description"": ""wet tropical"", ""lifeform_description"": ""pseudobulbous epiphyte"", ""volume_and_page"": ""38: 19, 34""}"
Oncidium undatiﬂorum (Ruiz & Pav.) Pupulin,cites_pdf,1,Dendrobium undatiﬂorum (Ruiz & Pav.) Pers.,Dendrobium undatiﬂorum (Ruiz & Pav.) Pers. [Unknown; cites_pdf],Oncidium undatiﬂorum (Ruiz & Pav.) Pupulin,,Orchidaceae,Dendrobium,undatiﬂorum,,,,,,,,,,,unambiguous_accepted,cites_pdf,"{""accepted_genus"": ""Oncidium"", ""page"": 301, ""y"": 335.5}"
Oncidium universitascuencae,wfo,0,,,Oncidium universitascuencae Königer & D.Vázquez,Königer & D.Vázquez,Orchidaceae,Caucaea,universitas-cuencae,species,,,,,wfo-0000352991,,Arcula 14: 360 (2003),,,unambiguous_accepted,wfo,"{""majorGroup"": ""A"", ""originalNameUsageID"": ""wfo-0000479257"", ""references"": ""https://powo.science.kew.org/taxon/urn:lsid:ipni.org:names:60435690-2"", ""source"": ""World Checklist of Vascular Plants. Facilitated by the Royal Botanic Gardens, Kew."", ""taxonRemarks"": ""Source in seed data: wcs Update namepublishedIn from Arcula 14: 360 2003 to Arcula 14: 360 (2003), information provided by Alan E. on email Jun. 07 2021 , not validly publ."", ""tplId"": ""kew-232505"", ""wfo_nomenclatural_status"": ""Invalid""}"
Oncidium zimmermannianum,wfo,0,,,Oncidium zimmermannianum (Königer) J.M.H.Shaw,(Königer) J.M.H.Shaw,Orchidaceae,Sigmatostalix,zimmermanniana,species,,,,,wfo-0000922559,,Arcula 21: 458 (2011),,,unambiguous_accepted,wfo,"{""majorGroup"": ""A"", ""references"": ""https://powo.science.kew.org/taxon/urn:lsid:ipni.org:names:77114979-1"", ""source"": ""World Checklist of Vascular Plants. Facilitated by the Royal Botanic Gardens, Kew."", ""taxonRemarks"": ""Source in seed data: wcs Update namepublishedIn from Arcula 21: 458 (-461; fig.). 2011 [15 Sep 2011] to Arcula 21: 458 (2011), information provided by Alan E. on email Jun. 07 2021 More details could be found in <a href=http://www.theplantlist.org/tpl1.1"", ""tplId"": ""kew-468165"", ""wfo_nomenclatural_status"": ""Valid""}"
Ophidion erectilabrum,wcvp,0,,,"Ophidion erectilabrum Reina-Rodr., O.Pérez & Bogarín","Reina-Rodr., O.Pérez & Bogarín",Orchidaceae,Ophidion,erectilabrum,Species,,,3306997,77325162-1,,<NA>,(2023),Syst. Biodivers.,Colombia,unambiguous_accepted,wcvp,"{""climate_description"": ""wet tropical"", ""lifeform_description"": ""epiphyte"", ""volume_and_page"": ""21(1)-2160504: 9""}"
Ophidion juan-felipei,wcvp,1,Phloeophila juan-felipei,Phloeophila juan-felipei [Homotypic; wcvp],Ophidion juan-felipei (Vierling) Karremans & J.S.Moreno,(Vierling) Karremans & J.S.Moreno,Orchidaceae,Phloeophila,juan-felipei,Species,,,537206,77204423-1,,<NA>,(2019),OrchideenJ.,Trop. America (?),unambiguous_accepted,wcvp,"{""climate_description"": ""wet tropical"", ""lifeform_description"": ""epiphyte"", ""volume_and_page"": ""26: 144""}"
Ophidion juanfelipei,wfo,1,Phloeophila juanfelipei,Phloeophila juanfelipei [Unknown; wfo],Ophidion juanfelipei (Vierling) Karremans & J.S.Moreno,(Vierling) Karremans & J.S.Moreno,Orchidaceae,Ophidion,juanfelipei,species,,,,,wfo-1000023819,,Pleurothallids 1: 222 (2020),,,unambiguous_accepted,wfo,"{""majorGroup"": ""A"", ""originalNameUsageID"": ""wfo-1000033840"", ""references"": ""https://powo.science.kew.org/taxon/urn:lsid:ipni.org:names:77214854-1"", ""source"": ""World Checklist of Vascular Plants. Facilitated by the Royal Botanic Gardens, Kew."", ""wfo_nomenclatural_status"": ""Valid""}"
Ophidion orchidoides,wcvp,0,,,Ophidion orchidoides A.Doucette,A.Doucette,Orchidaceae,Ophidion,orchidoides,Species,,,3316542,77346075-1,,<NA>,(2024),Orchids (West Palm Beach),Colombia,unambiguous_accepted,wcvp,"{""climate_description"": ""wet tropical"", ""lifeform_description"": ""epiphyte"", ""volume_and_page"": ""93: 553""}"
Ophrys acina,wcvp,1,Ophrys cascalesii,Ophrys cascalesii [Heterotypic; wcvp],Ophrys × acina C.E.Hermos.,C.E.Hermos.,Orchidaceae,Ophrys,cascalesii,Species,,,140949,1018096-1,,<NA>,(2000),Monde Pl.,,unambiguous_accepted,wcvp,"{""climate_description"": ""subtropical"", ""hybrid"": true, ""lifeform_description"": ""tuberous geophyte"", ""volume_and_page"": ""95: 12""}"
Ophrys aghemanii,wcvp,1,Ophrys aetolica,Ophrys aetolica [Heterotypic; wcvp],Ophrys × aghemanii Renz,Renz,Orchidaceae,Ophrys,aetolica,Species,,,140711,930213-1,,<NA>,(1986),Mitt. Arbeitskreis Heimische Orchid. Baden-Württemberg,,unambiguous_accepted,wcvp,"{""hybrid"": true, ""volume_and_page"": ""18: 507""}"
Ophrys alberobellensis,wcvp,4,"Ophrys amatoi, Ophrys lorenzii, Ophrys montisciana, Ophrys redliorum","Ophrys amatoi [Heterotypic; wcvp], Ophrys lorenzii [Heterotypic; wcvp], Ophrys montisciana [Heterotypic; wcvp], Ophrys redliorum [Heterotypic; wcvp]",Ophrys × alberobellensis H.Baumann & Künkele,H.Baumann & Künkele,Orchidaceae,Ophrys,amatoi,Species,,,3307113,77327511-1,,<NA>,(2015),Quad. Silvae,,unambiguous_accepted,wcvp,"{""hybrid"": true, ""volume_and_page"": ""1: 62""}"
Ophrys ambigua,wcvp,1,Ophrys bazzarae,Ophrys bazzarae [Heterotypic; wcvp],Ophrys × ambigua Galesi,Galesi,Orchidaceae,Ophrys,bazzarae,Species,,,548715,77220740-1,,<NA>,(2020),GIROS Orch. Spont. Eur.,,unambiguous_accepted,wcvp,"{""hybrid"": true, ""volume_and_page"": ""63: 324""}"
Ophrys antiskariensis,wcvp,0,,,Ophrys × antiskariensis Soca,Soca,Orchidaceae,Ophrys,antiskariensis,Species,,,3307212,77324226-1,,<NA>,(2022),Invent. Hybr. Ophrys,Kriti,unambiguous_accepted,wcvp,"{""climate_description"": ""subtropical"", ""hybrid"": true, ""lifeform_description"": ""tuberous geophyte"", ""volume_and_page"": "": 87""}"
Ophrys aranii,wcvp,1,Ophrys gomezii,Ophrys gomezii [Heterotypic; wcvp],"Ophrys × aranii Robles, M.Becerra, Astete & P.Barrena","Robles, M.Becerra, Astete & P.Barrena",Orchidaceae,Ophrys,gomezii,Species,,,3294037,77303281-1,,<NA>,(2021),Fl. Montiber.,,unambiguous_accepted,wcvp,"{""hybrid"": true, ""volume_and_page"": ""80: 76""}"
Ophrys arciensis,wcvp,1,Ophrys michelae,Ophrys michelae [Heterotypic; wcvp],Ophrys × arciensis Bartolo & Pulv.,Bartolo & Pulv.,Orchidaceae,Ophrys,michelae,Species,,,521590,77153380-1,,<NA>,(2015),GIROS Orch. Spont. Eur.,,unambiguous_accepted,wcvp,"{""hybrid"": true, ""volume_and_page"": ""58: 280""}"
Ophrys barlae,wcvp,5,"Ophrys angelensis, Ophrys lyrata, Ophrys melkii, Ophrys raimbaultii, Ophrys vernacchiae","Ophrys angelensis [Heterotypic; wcvp], Ophrys lyrata [Heterotypic; wcvp], Ophrys melkii [Heterotypic; wcvp], Ophrys raimbaultii [Heterotypic; wcvp], Ophrys vernacchiae [Heterotypic; wcvp]",Ophrys × barlae E.G.Camus,E.G.Camus,Orchidaceae,Ophrys,lyrata,Species,,,141412,647981-1,,<NA>,(1904),Verh. K. K. Zool.-Bot. Ges. Wien,,unambiguous_accepted,wcvp,"{""hybrid"": true, ""volume_and_page"": ""54: 474""}"
Ophrys biancoae,wcvp,6,"Ophrys cecinae, Ophrys garullensis, Ophrys gembardtii, Ophrys moscatoi, Ophrys orettae, Ophrys zamba","Ophrys cecinae [Heterotypic; wcvp], Ophrys garullensis [Heterotypic; wcvp], Ophrys gembardtii [Heterotypic; wcvp], Ophrys moscatoi [Heterotypic; wcvp], Ophrys orettae [Heterotypic; wcvp], Ophrys zamba [Heterotypic; wcvp]","Ophrys × biancoae Medagli, D'Emerico & Ruggiero","Medagli, D'Emerico & Ruggiero",Orchidaceae,Ophrys,orettae,Species,,,535102,77203045-1,,<NA>,(2019),GIROS Orch. Spont. Eur.,,unambiguous_accepted,wcvp,"{""hybrid"": true, ""volume_and_page"": ""62: 332""}"
Ophrys bobolensis,wcvp,1,Ophrys tarocchii,Ophrys tarocchii [Heterotypic; wcvp],"Ophrys × bobolensis Romolini, Nieri & F.Petrucci","Romolini, Nieri & F.Petrucci",Orchidaceae,Ophrys,tarocchii,Species,,,3316925,77353842-1,,<NA>,(2024),J. Eur. Orch.,,unambiguous_accepted,wcvp,"{""hybrid"": true, ""volume_and_page"": ""56: 177""}"
Ophrys boscoquartensis,wcvp,2,"Ophrys difesae, Ophrys lucianiorum","Ophrys difesae [Homotypic; wcvp], Ophrys lucianiorum [Heterotypic; wcvp]",Ophrys × boscoquartensis nothosubsp. difesae Perilli,Perilli,Orchidaceae,Ophrys,difesae,Species,,,3320241,77333251-1,,521702,(2023),GIROS Orch. Spont. Eur.,,unambiguous_accepted,wcvp,"{""hybrid"": true, ""volume_and_page"": ""66: 156""}"
Ophrys braun-blanquetiana,wcvp,3,"Ophrys mirellae, Ophrys perceiana, Ophrys pizzigalloi","Ophrys mirellae [Heterotypic; wcvp], Ophrys perceiana [Heterotypic; wcvp], Ophrys pizzigalloi [Heterotypic; wcvp]",Ophrys × braun-blanquetiana Soó,Soó,Orchidaceae,Ophrys,pizzigalloi,Species,,,535105,77196860-1,,<NA>,(2018),GIROS Orch. Spont. Eur.,,unambiguous_accepted,wcvp,"{""hybrid"": true, ""volume_and_page"": ""61: 60""}"
Ophrys broeckii,wcvp,1,Ophrys orestei,Ophrys orestei [Heterotypic; wcvp],Ophrys × broeckii A.Camus,A.Camus,Orchidaceae,Ophrys,orestei,Species,,,3316930,77353857-1,,<NA>,(2024),J. Eur. Orch.,,unambiguous_accepted,wcvp,"{""hybrid"": true, ""volume_and_page"": ""56: 184""}"
Ophrys buffaloriae,wcvp,3,"Ophrys gelana, Ophrys murgettensis, Ophrys pasquinae","Ophrys gelana [Heterotypic; wcvp], Ophrys murgettensis [Heterotypic; wcvp], Ophrys pasquinae [Heterotypic; wcvp]",Ophrys × buffaloriae Romolini & Soca,Romolini & Soca,Orchidaceae,Ophrys,pasquinae,Species,,,3307115,77327510-1,,<NA>,(2015),Quad. Silvae,,unambiguous_accepted,wcvp,"{""hybrid"": true, ""volume_and_page"": ""1: 68""}"
Ophrys c,wcvp,1,Ophrys comandoi,Ophrys comandoi [Heterotypic; wcvp],"Ophrys × c Robles, A.M.Díaz & Miguel Gómez","Robles, A.M.Díaz & Miguel Gómez",Orchidaceae,Ophrys,comandoi,Species,,,3317061,77352275-1,,<NA>,(2024),Folia Bot. Extremadur.,,unambiguous_accepted,wcvp,"{""hybrid"": true, ""volume_and_page"": ""18: 52""}"
Ophrys calenae,wcvp,1,Ophrys apolloniensis,Ophrys apolloniensis [Heterotypic; wcvp],Ophrys × calenae (O.Danesch & E.Danesch) H.Baumann & Künkele,(O.Danesch & E.Danesch) H.Baumann & Künkele,Orchidaceae,Ophrys,philippi,Variety,,,141597,887690-1,,<NA>,(1972),Orchid. Eur. Ophrys-Hybr.,,unambiguous_accepted,wcvp,"{""climate_description"": ""subtropical"", ""lifeform_description"": ""tuberous geophyte"", ""volume_and_page"": "": 228""}"
Ophrys campoi,wcvp,1,Ophrys petrettii,Ophrys petrettii [Heterotypic; wcvp],Ophrys × campoi Soca,Soca,Orchidaceae,Ophrys,petrettii,Species,,,3307171,77324252-1,,530717,(2022),Invent. Hybr. Ophrys,,unambiguous_accepted,wcvp,"{""hybrid"": true, ""volume_and_page"": "": 109""}"
Ophrys cantalupoi,wcvp,1,Ophrys marialuizae,Ophrys marialuizae [Heterotypic; wcvp],Ophrys × cantalupoi Soca,Soca,Orchidaceae,Ophrys,marialuizae,Species,,,530679,77177821-1,,<NA>,(2018),GIROS Orch. Spont. Eur.,,unambiguous_accepted,wcvp,"{""hybrid"": true, ""volume_and_page"": ""61: 7""}"
Ophrys carnazzae,wcvp,2,"Ophrys capracottae, Ophrys recchiae","Ophrys capracottae [Heterotypic; wcvp], Ophrys recchiae [Heterotypic; wcvp]",Ophrys × carnazzae Galesi,Galesi,Orchidaceae,Ophrys,capracottae,Species,,,491966,77136863-1,,<NA>,(2014),GIROS Notiz.,,unambiguous_accepted,wcvp,"{""hybrid"": true, ""volume_and_page"": ""55: 53""}"
Ophrys castri-fusani,wcvp,0,,,"Ophrys × castri-fusani (Antonj, Bertinetti, Picone & Gransinigh) Soca","(Antonj, Bertinetti, Picone & Gransinigh) Soca",Orchidaceae,Ophrys,castri-fusani,Species,,,3307109,77324311-1,,540006,(2022),Invent. Hybr. Ophrys,Italy,unambiguous_accepted,wcvp,"{""climate_description"": ""subtropical"", ""hybrid"": true, ""lifeform_description"": ""tuberous geophyte"", ""volume_and_page"": "": 207""}"
Ophrys celani,wcvp,1,Ophrys hawkingii,Ophrys hawkingii [Heterotypic; wcvp],Ophrys × celani O.Danesch & E.Danesch,O.Danesch & E.Danesch,Orchidaceae,Ophrys,hawkingii,Species,,,3307172,77324242-1,,521600,(2022),Invent. Hybr. Ophrys,,unambiguous_accepted,wcvp,"{""hybrid"": true, ""volume_and_page"": "": 101""}"
Ophrys cortesii,wcvp,1,Ophrys mansfeldiana,Ophrys mansfeldiana [Heterotypic; wcvp],Ophrys × cortesii A.Camus,A.Camus,Orchidaceae,Ophrys,mansfeldiana,Species,,,141436,647987-1,,<NA>,(1926),Notizbl. Bot. Gart. Berlin-Dahlem,,unambiguous_accepted,wcvp,"{""hybrid"": true, ""volume_and_page"": ""9: 902""}"
Ophrys costei,wcvp,2,"Ophrys ayusoi, Ophrys ezcaraiensis","Ophrys ayusoi [Heterotypic; wcvp], Ophrys ezcaraiensis [Heterotypic; wcvp]",Ophrys × costei Looken,Looken,Orchidaceae,Ophrys,ezcaraiensis,Species,,,141083,1012874-1,,<NA>,(1999),Caesiana,,unambiguous_accepted,wcvp,"{""hybrid"": true, ""volume_and_page"": ""13: 36""}"
Ophrys coturii,wcvp,1,Ophrys pasquiniae,Ophrys pasquiniae [Heterotypic; wcvp],Ophrys × coturii Romolini & Soca,Romolini & Soca,Orchidaceae,Ophrys,pasquiniae,Species,,,3320251,77333136-1,,<NA>,(2023),GIROS Orch. Spont. Eur.,,unambiguous_accepted,wcvp,"{""hybrid"": true, ""volume_and_page"": ""66: 178""}"
Ophrys coulotii,wcvp,1,Ophrys nicolae,Ophrys nicolae [Heterotypic; wcvp],Ophrys × coulotii Soca,Soca,Orchidaceae,Ophrys,nicolae,Species,,,523729,77159864-1,,<NA>,(2016),J. Eur. Orch.,,unambiguous_accepted,wcvp,"{""climate_description"": ""subtropical"", ""hybrid"": true, ""lifeform_description"": ""tuberous geophyte"", ""volume_and_page"": ""48: 288""}"
Ophrys daunia,wcvp,2,"Ophrys lessonae, Ophrys segineae","Ophrys lessonae [Heterotypic; wcvp], Ophrys segineae [Heterotypic; wcvp]",Ophrys × daunia H.Baumann & Künkele,H.Baumann & Künkele,Orchidaceae,Ophrys,lessonae,Species,,,521573,77153421-1,,<NA>,(2015),GIROS Orch. Spont. Eur.,,unambiguous_accepted,wcvp,"{""volume_and_page"": ""58: 381""}"
Ophrys delargeana,wcvp,3,"Ophrys montiscelanensis, Ophrys pantalicae, Ophrys staraleana","Ophrys montiscelanensis [Heterotypic; wcvp], Ophrys pantalicae [Heterotypic; wcvp], Ophrys staraleana [Homotypic; wcvp]",Ophrys × delargeana nothosubsp. staraleana D'Alonzo & Perilli,D'Alonzo & Perilli,Orchidaceae,Ophrys,staraleana,Species,,,3307124,77324212-1,,521708,(2022),Invent. Hybr. Ophrys,,unambiguous_accepted,wcvp,"{""hybrid"": true, ""volume_and_page"": "": 40""}"
Ophrys deleoi,wcvp,1,Ophrys caesariana,Ophrys caesariana [Heterotypic; wcvp],Ophrys × deleoi D'Alonzo & Perilli,D'Alonzo & Perilli,Orchidaceae,Ophrys,caesariana,Species,,,3320249,77333163-1,,<NA>,(2023),GIROS Orch. Spont. Eur.,,unambiguous_accepted,wcvp,"{""hybrid"": true, ""volume_and_page"": ""66: 324""}"
Ophrys dessartiana,wcvp,3,"Ophrys quitadamoi, Ophrys sancti-martinii, Ophrys tumentia","Ophrys quitadamoi [Heterotypic; wcvp], Ophrys sancti-martinii [Heterotypic; wcvp], Ophrys tumentia [Heterotypic; wcvp]",Ophrys × dessartiana P.Delforge,P.Delforge,Orchidaceae,Ophrys,sancti-martinii,Species,,,3307180,77324243-1,,497316,(2022),Invent. Hybr. Ophrys,,unambiguous_accepted,wcvp,"{""hybrid"": true, ""volume_and_page"": "": 102""}"
Ophrys egeae,wcvp,0,,,"Ophrys × egeae Robles, J.C.Huertas & M.Becerra","Robles, J.C.Huertas & M.Becerra",Orchidaceae,Ophrys,egeae,Species,,,3316936,77353660-1,,<NA>,(2024),Acta Bot. Malac.,Spain,unambiguous_accepted,wcvp,"{""climate_description"": ""subtropical"", ""hybrid"": true, ""lifeform_description"": ""tuberous geophyte"", ""volume_and_page"": ""49: 225""}"
Ophrys eruhensis,wcvp,0,,,Ophrys × eruhensis Deniz,Deniz,Orchidaceae,Ophrys,eruhensis,Species,,,3307024,77313999-1,,<NA>,(2022),Res. Türkiye Fl.,Türkiye,unambiguous_accepted,wcvp,"{""climate_description"": ""subtropical"", ""hybrid"": true, ""lifeform_description"": ""tuberous geophyte"", ""volume_and_page"": ""3a: 432""}"
Ophrys fontechensis,wcvp,2,"Ophrys damilanoi, Ophrys pavonei","Ophrys damilanoi [Heterotypic; wcvp], Ophrys pavonei [Heterotypic; wcvp]",Ophrys × fontechensis C.E.Hermos.,C.E.Hermos.,Orchidaceae,Ophrys,pavonei,Species,,,535086,77203044-1,,<NA>,(2019),GIROS Orch. Spont. Eur.,,unambiguous_accepted,wcvp,"{""hybrid"": true, ""volume_and_page"": ""62: 331""}"
Ophrys fortosica,wcvp,1,Ophrys ligariana,Ophrys ligariana [Heterotypic; wcvp],Ophrys × fortosica B.Willing & E.Willing,B.Willing & E.Willing,Orchidaceae,Ophrys,ligariana,Species,,,141370,930193-1,,<NA>,(1986),Mitt. Arbeitskreis Heimische Orchid. Baden-Württemberg,,unambiguous_accepted,wcvp,"{""hybrid"": true, ""volume_and_page"": ""18: 457""}"
Ophrys franciniae,wcvp,2,"Ophrys trazzonarae, Ophrys yvonneae","Ophrys trazzonarae [Heterotypic; wcvp], Ophrys yvonneae [Heterotypic; wcvp]","Ophrys × franciniae Bianco, Medagli, D'Emerico & Ruggiero","Bianco, Medagli, D'Emerico & Ruggiero",Orchidaceae,Ophrys,trazzonarae,Species,,,491970,77136866-1,,<NA>,(2014),GIROS Notiz.,,unambiguous_accepted,wcvp,"{""hybrid"": true, ""volume_and_page"": ""55: 56""}"
Ophrys goelziana,wcvp,1,Ophrys frascae,Ophrys frascae [Heterotypic; wcvp],Ophrys × goelziana H.Baumann & Künkele,H.Baumann & Künkele,Orchidaceae,Ophrys,frascae,Species,,,141113,1007120-1,,<NA>,(1999),J. Eur. Orch.,,unambiguous_accepted,wcvp,"{""climate_description"": ""subtropical"", ""hybrid"": true, ""lifeform_description"": ""tuberous geophyte"", ""volume_and_page"": ""31: 311""}"
Ophrys grampini,wfo,0,,,Ophrys grampini Cortesi,Cortesi,Orchidaceae,Ophrys,grampini,species,,,,,wfo-0001223114,,Ann. Bot. (Rome) 1: 359 (1903),,,unambiguous_accepted,wfo,"{""majorGroup"": ""A"", ""references"": ""https://powo.science.kew.org/taxon/urn:lsid:ipni.org:names:647918-1"", ""source"": ""World Checklist of Vascular Plants. Facilitated by the Royal Botanic Gardens, Kew."", ""taxonRemarks"": ""Source in seed data: tro Update namepublishedIn from Ann. Bot. (Rome) 1: 359. 1904 to Ann. Bot. (Rome) 1: 359 (1903), information provided by Alan E. on email Jun. 07 2021 More details could be found in <a href=http://www.theplantlist.org/tpl1.1/record/t"", ""tplId"": ""tro-50028111"", ""wfo_nomenclatural_status"": ""Valid""}"
Ophrys grottagliensis,wcvp,1,Ophrys ginevrae,Ophrys ginevrae [Heterotypic; wcvp],Ophrys × grottagliensis P.Delforge & C.Delforge,P.Delforge & C.Delforge,Orchidaceae,Ophrys,ginevrae,Species,,,3293978,77310468-1,,<NA>,(2022),GIROS Orch. Spont. Eur.,,unambiguous_accepted,wcvp,"{""hybrid"": true, ""volume_and_page"": ""65: 201""}"
Ophrys gumprechtiana,wcvp,1,Ophrys palladinoi,Ophrys palladinoi [Heterotypic; wcvp],Ophrys × gumprechtiana Soó,Soó,Orchidaceae,Ophrys,palladinoi,Species,,,521571,77154591-1,,<NA>,(2015),Caesiana,,unambiguous_accepted,wcvp,"{""hybrid"": true, ""volume_and_page"": ""19: 8""}"
Ophrys hoeppneri,wcvp,3,"Ophrys ansedoniensis, Ophrys moramarcoi, Ophrys valpianensis","Ophrys ansedoniensis [Heterotypic; wcvp], Ophrys moramarcoi [Heterotypic; wcvp], Ophrys valpianensis [Heterotypic; wcvp]",Ophrys × hoeppneri Ruppert,Ruppert,Orchidaceae,Ophrys,moramarcoi,Species,,,535084,77203042-1,,<NA>,(2019),GIROS Orch. Spont. Eur.,,unambiguous_accepted,wcvp,"{""hybrid"": true, ""volume_and_page"": ""62: 326""}"
Ophrys hybrida,wcvp,5,"Ophrys fonsaudiensis, Ophrys gibbosa, Ophrys pohornyi, Ophrys reichenbachiana, Ophrys zimmermanniana","Ophrys fonsaudiensis [Heterotypic; wcvp], Ophrys gibbosa [Heterotypic; wcvp], Ophrys pohornyi [Heterotypic; wcvp], Ophrys reichenbachiana [Heterotypic; wcvp], Ophrys zimmermanniana [Heterotypic; wcvp]",Ophrys × hybrida Pokorny ex Rchb.f.,Pokorny ex Rchb.f.,Orchidaceae,Ophrys,gibbosa,Species,,,141189,647913-1,,141265,(1890),Fl. Nieder-Österreich,,unambiguous_accepted,wcvp,"{""hybrid"": true, ""volume_and_page"": ""1: 198""}"
Ophrys ingaranensis,wcvp,1,Ophrys enzae,Ophrys enzae [Heterotypic; wcvp],Ophrys × ingaranensis Soca,Soca,Orchidaceae,Ophrys,monachorum,Subspecies,,,530691,77175556-1,,<NA>,(2017),GIROS Orch. Spont. Eur.,,unambiguous_accepted,wcvp,"{""hybrid"": true, ""volume_and_page"": ""60: 409""}"
Ophrys innominata,wcvp,0,,,Ophrys × innominata D.Tyteca & B.Tyteca,D.Tyteca & B.Tyteca,Orchidaceae,Ophrys,vernixia,Subspecies,,,274211,955352-1,,141276,(1989),Blancoana,,unambiguous_accepted,wcvp,"{""volume_and_page"": ""7: 124""}"
Ophrys ioanninensis,wcvp,1,Ophrys olympica,Ophrys olympica [Heterotypic; wcvp],Ophrys × ioanninensis B.Willing & E.Willing,B.Willing & E.Willing,Orchidaceae,Ophrys,olympica,Species,,,141543,930202-1,,<NA>,(1986),Mitt. Arbeitskreis Heimische Orchid. Baden-Württemberg,,unambiguous_accepted,wcvp,"{""hybrid"": true, ""volume_and_page"": ""18: 477""}"
Ophrys lattanziae,wcvp,1,Ophrys sancti-cataldi,Ophrys sancti-cataldi [Heterotypic; wcvp],"Ophrys × lattanziae Lumare, Medagli & Anelli","Lumare, Medagli & Anelli",Orchidaceae,Ophrys,sancti-cataldi,Species,,,540011,77212565-1,,<NA>,(2020),GIROS Orch. Spont. Eur.,,unambiguous_accepted,wcvp,"{""hybrid"": true, ""volume_and_page"": ""63(1): 180""}"
Ophrys luisae,wcvp,0,,,Ophrys × luisae (Licheri & Napoli) Soca,(Licheri & Napoli) Soca,Orchidaceae,Ophrys,luisae,Species,,,3307214,77324228-1,,535154,(2022),Invent. Hybr. Ophrys,Sardegna,unambiguous_accepted,wcvp,"{""climate_description"": ""subtropical"", ""hybrid"": true, ""lifeform_description"": ""tuberous geophyte"", ""volume_and_page"": "": 91""}"
Ophrys lydia,wcvp,1,Ophrys magnessa,Ophrys magnessa [Homotypic; wcvp],Ophrys × lydia nothosubsp. magnessa H.Baumann & Künkele,H.Baumann & Künkele,Orchidaceae,Ophrys,magnessa,Species,,,3307143,77324299-1,,141411,(2022),Invent. Hybr. Ophrys,,unambiguous_accepted,wcvp,"{""hybrid"": true, ""volume_and_page"": "": 139""}"
Ophrys maimonensis,wcvp,0,,,Ophrys × maimonensis F.M.Vázquez,F.M.Vázquez,Orchidaceae,Ophrys,breviappendiculata,nothosubsp.,,,3316891,77335227-1,,458753,(2018),Micobot. Jaén,,unambiguous_accepted,wcvp,"{""hybrid"": true, ""nomenclatural_remarks"": "", basionym not validly publ."", ""volume_and_page"": ""13(4): [2]""}"
Ophrys manacorensis,wcvp,4,"Ophrys durae, Ophrys japygia, Ophrys lebeaultii, Ophrys mugnonensis","Ophrys durae [Heterotypic; wcvp], Ophrys japygia [Heterotypic; wcvp], Ophrys lebeaultii [Heterotypic; wcvp], Ophrys mugnonensis [Heterotypic; wcvp]",Ophrys × manacorensis H.Baumann & Künkele,H.Baumann & Künkele,Orchidaceae,Ophrys,lebeaultii,Species,,,141356,1009823-1,,<NA>,(1999),Orchidophile (Deuil-la-Barre),,unambiguous_accepted,wcvp,"{""hybrid"": true, ""volume_and_page"": ""138: 176""}"
Ophrys manfredoniae,wcvp,3,"Ophrys delilloi, Ophrys juanae, Ophrys rozasii","Ophrys delilloi [Heterotypic; wcvp], Ophrys juanae [Heterotypic; wcvp], Ophrys rozasii [Heterotypic; wcvp]",Ophrys × manfredoniae O.Danesch & E.Danesch,O.Danesch & E.Danesch,Orchidaceae,Ophrys,rozasii,Species,,,3306967,77326785-1,,<NA>,(2022),Fl. Montiber.,,unambiguous_accepted,wcvp,"{""hybrid"": true, ""volume_and_page"": ""84: 57""}"
Ophrys martini,wcvp,2,"Ophrys ragonesei, Ophrys zeresiorum","Ophrys ragonesei [Heterotypic; wcvp], Ophrys zeresiorum [Heterotypic; wcvp]",Ophrys × martini O.Danesch & E.Danesch,O.Danesch & E.Danesch,Orchidaceae,Ophrys,zeresiorum,Species,,,3307116,77324223-1,,535158,(2022),Invent. Hybr. Ophrys,,unambiguous_accepted,wcvp,"{""hybrid"": true, ""volume_and_page"": "": 86""}"
Ophrys mastii,wcvp,1,Ophrys viglaensis,Ophrys viglaensis [Heterotypic; wcvp],Ophrys × mastii P.Delforge,P.Delforge,Orchidaceae,Ophrys,viglaensis,Species,,,141909,1021543-1,,<NA>,(2001),Ber. Arbeitskreis. Heimische Orchid.,,unambiguous_accepted,wcvp,"{""climate_description"": ""subtropical"", ""hybrid"": true, ""lifeform_description"": ""tuberous geophyte"", ""volume_and_page"": ""18: 98""}"
Ophrys messeniensis,wcvp,1,Ophrys baselicei,Ophrys baselicei [Heterotypic; wcvp],Ophrys × messeniensis H.Baumann & Künkele,H.Baumann & Künkele,Orchidaceae,Ophrys,baselicei,Species,,,3306985,77324315-1,,141461,(2022),Invent. Hybr. Ophrys,,unambiguous_accepted,wcvp,"{""hybrid"": true, ""volume_and_page"": "": 211""}"
Ophrys mirtiae,wcvp,1,Ophrys scontusiana,Ophrys scontusiana [Heterotypic; wcvp],Ophrys × mirtiae G.Kretzschmar & H.Kretzschmar,G.Kretzschmar & H.Kretzschmar,Orchidaceae,Ophrys,scontusiana,Species,,,535139,77203051-1,,<NA>,(2019),GIROS Orch. Spont. Eur.,,unambiguous_accepted,wcvp,"{""hybrid"": true, ""volume_and_page"": ""62: 387""}"
Ophrys montana,wcvp,2,"Ophrys gilsoniorum, Ophrys joukoffiorum","Ophrys gilsoniorum [Heterotypic; wcvp], Ophrys joukoffiorum [Heterotypic; wcvp]",Ophrys × montana H.Baumann & Künkele,H.Baumann & Künkele,Orchidaceae,Ophrys,joukoffiorum,Species,,,141323,979720-1,,<NA>,(1992),Naturalistes Belges,,unambiguous_accepted,wcvp,"{""hybrid"": true, ""volume_and_page"": ""73: 101""}"
Ophrys montis-brioni,wcvp,0,,,Ophrys × montis-brioni Perazza & Chini,Perazza & Chini,Orchidaceae,Ophrys,montis-brioni,Species,,,3317087,77343146-1,,<NA>,(2024),J. Eur. Orch.,Italy,unambiguous_accepted,wcvp,"{""climate_description"": ""subtropical"", ""hybrid"": true, ""lifeform_description"": ""tuberous geophyte"", ""volume_and_page"": ""56: 49""}"
Ophrys muellneri,wcvp,0,,,Ophrys × muellneri H.Fleischm.,H.Fleischm.,Orchidaceae,Ophrys,tommasinii,Subspecies,,,375408,77257396-1,,141493,(1907),Syn. Mitteleur. Fl.,,unambiguous_accepted,wcvp,"{""volume_and_page"": ""3: 643""}"
Ophrys mulierum,wcvp,1,Ophrys kozanica,Ophrys kozanica [Heterotypic; wcvp],Ophrys × mulierum H.Baumann & Künkele,H.Baumann & Künkele,Orchidaceae,Ophrys,kozanica,Species,,,141338,930014-1,,<NA>,(1986),Orchidophile (Deuil-la-Barre),,unambiguous_accepted,wcvp,"{""hybrid"": true, ""volume_and_page"": ""72: 1098""}"
Ophrys neowalteri,wcvp,2,"Ophrys jacquetii, Ophrys valenettensis","Ophrys jacquetii [Heterotypic; wcvp], Ophrys valenettensis [Heterotypic; wcvp]",Ophrys × neowalteri A.Camus,A.Camus,Orchidaceae,Ophrys,valenettensis,Species,,,3307061,77321968-1,,<NA>,(2023),GIROS Orch. Spont. Eur.,,unambiguous_accepted,wcvp,"{""hybrid"": true, ""volume_and_page"": ""66: 22""}"
Ophrys neozimmermannii,wcvp,1,Ophrys kattaviensis,Ophrys kattaviensis [Heterotypic; wcvp],Ophrys × neozimmermannii A.Camus,A.Camus,Orchidaceae,Ophrys,kattaviensis,Species,,,141329,939569-1,,<NA>,(1990),Ber. Arbeitskreis. Heimische Orchid.,,unambiguous_accepted,wcvp,"{""hybrid"": true, ""volume_and_page"": ""7: 10""}"
Ophrys olostensis,wcvp,1,Ophrys samuelii,Ophrys samuelii [Heterotypic; wcvp],Ophrys × olostensis O.Danesch & E.Danesch,O.Danesch & E.Danesch,Orchidaceae,Ophrys,samuelii,Species,,,141679,993351-1,,<NA>,(1997),Monde Pl.,,unambiguous_accepted,wcvp,"{""hybrid"": true, ""volume_and_page"": ""91: 14""}"
Ophrys parenzani,wfo,0,,,"Ophrys × parenzani Medagli, D'Emerico & Ruggiero","Medagli, D'Emerico & Ruggiero",Orchidaceae,Ophrys,parenzani,species,,,,,wfo-0000258263,,Orchidophile (Deuil-la-Barre) 85: 29 (1989),,,unambiguous_accepted,wfo,"{""majorGroup"": ""A"", ""references"": ""https://powo.science.kew.org/taxon/urn:lsid:ipni.org:names:936747-1"", ""source"": ""World Checklist of Vascular Plants. Facilitated by the Royal Botanic Gardens, Kew."", ""taxonRemarks"": ""Source in seed data: wcs Update namepublishedIn from Orchidophile (Asnières) 85: 29 (1989). to Orchidophile (Deuil-la-Barre) 85: 29 (1989), information provided by Alan E. on email Jun. 07 2021 More details could be found in <a href=http://www.theplantl"", ""tplId"": ""kew-141571"", ""wfo_nomenclatural_status"": ""Valid""}"
Ophrys parenzanii,wcvp,0,,,"Ophrys × parenzanii Medagli, D'Emerico & Ruggiero","Medagli, D'Emerico & Ruggiero",Orchidaceae,Ophrys,pagliae,Species,,,521635,77153395-1,,<NA>,(2015),GIROS Orch. Spont. Eur.,Italy,unambiguous_accepted,wcvp,"{""hybrid"": true, ""volume_and_page"": ""58: 309""}"
Ophrys perspicua,wcvp,0,,,Ophrys × perspicua Renz & Taubenheim,Renz & Taubenheim,Orchidaceae,Ophrys,kulpensis,Species,,,141341,961083-1,,<NA>,(1992),Ber. Arbeitskreis. Heimische Orchid.,,unambiguous_accepted,wcvp,"{""climate_description"": ""subtropical"", ""hybrid"": true, ""lifeform_description"": ""tuberous geophyte"", ""volume_and_page"": ""9: 148""}"
Ophrys pescocanalei,wcvp,2,"Ophrys capistrelloi, Ophrys cetonae","Ophrys capistrelloi [Heterotypic; wcvp], Ophrys cetonae [Heterotypic; wcvp]",Ophrys × pescocanalei Soca,Soca,Orchidaceae,Ophrys,capistrelloi,Species,,,497348,77144692-1,,<NA>,(2014),J. Eur. Orch.,,unambiguous_accepted,wcvp,"{""hybrid"": true, ""volume_and_page"": ""46: 669""}"
Ophrys piscinica,wcvp,2,"Ophrys altamurana, Ophrys mattinatellae","Ophrys altamurana [Heterotypic; wcvp], Ophrys mattinatellae [Homotypic; wcvp]",Ophrys × piscinica P.Delforge & C.Delforge,P.Delforge & C.Delforge,Orchidaceae,Ophrys,altamurana,Species,,,3320244,77333248-1,,535085,(2023),GIROS Orch. Spont. Eur.,,unambiguous_accepted,wcvp,"{""hybrid"": true, ""volume_and_page"": ""66: 153""}"
Ophrys pugliana,wcvp,2,"Ophrys desaphyi, Ophrys ferliana","Ophrys desaphyi [Heterotypic; wcvp], Ophrys ferliana [Heterotypic; wcvp]",Ophrys × pugliana H.Baumann & Künkele,H.Baumann & Künkele,Orchidaceae,Ophrys,ferliana,Species,,,141090,1004137-1,,<NA>,(1998),J. Eur. Orch.,,unambiguous_accepted,wcvp,"{""hybrid"": true, ""volume_and_page"": ""30: 645""}"
Ophrys pulchra,wcvp,2,"Ophrys cornetana, Ophrys rasennae","Ophrys cornetana [Heterotypic; wcvp], Ophrys rasennae [Heterotypic; wcvp]",Ophrys × pulchra E.G.Camus,E.G.Camus,Orchidaceae,Ophrys,cornetana,Species,,,537292,77204538-1,,<NA>,(2019),J. Eur. Orch.,,unambiguous_accepted,wcvp,"{""hybrid"": true, ""volume_and_page"": ""51: 502""}"
Ophrys rafinesquei,wcvp,1,Ophrys rebuttonei,Ophrys rebuttonei [Heterotypic; wcvp],Ophrys × rafinesquei Soca,Soca,Orchidaceae,Ophrys,rebuttonei,Species,,,530701,77184276-1,,<NA>,(2017),Caesiana,,unambiguous_accepted,wcvp,"{""hybrid"": true, ""volume_and_page"": ""47: 43""}"
Ophrys reinhardiana,wcvp,1,Ophrys galesii,Ophrys galesii [Heterotypic; wcvp],Ophrys × reinhardiana H.Baumann & Künkele,H.Baumann & Künkele,Orchidaceae,Ophrys,galesii,Species,,,141171,993357-1,,<NA>,(1997),Monde Pl.,,unambiguous_accepted,wcvp,"{""hybrid"": true, ""volume_and_page"": ""91: 16""}"
Ophrys sanctimarci,wcvp,1,Ophrys lavolpei,Ophrys lavolpei [Heterotypic; wcvp],Ophrys × sanctimarci Perilli,Perilli,Orchidaceae,Ophrys,metellae,Species,,,3293871,77297100-1,,<NA>,(2020),"Micol. Marche, N.S.",,unambiguous_accepted,wcvp,"{""hybrid"": true, ""volume_and_page"": ""4(2): 40""}"
Ophrys simica,wcvp,1,Ophrys kolymbiae,Ophrys kolymbiae [Heterotypic; wcvp],Ophrys × simica Keitel & Remm,Keitel & Remm,Orchidaceae,Ophrys,kolymbiae,Species,,,141334,1001650-1,,<NA>,(1998),Ber. Arbeitskreis. Heimische Orchid.,,unambiguous_accepted,wcvp,"{""hybrid"": true, ""volume_and_page"": ""15: 49""}"
Ophrys sivana,wcvp,2,"Ophrys loneuxiana, Ophrys renatafonteae","Ophrys loneuxiana [Heterotypic; wcvp], Ophrys renatafonteae [Homotypic; wcvp]","Ophrys × sivana nothosubsp. renatafonteae Gennaio, M.Gargiulo, Medagli & Chetta","Gennaio, M.Gargiulo, Medagli & Chetta",Orchidaceae,Ophrys,renatafonteae,Species,,,3307181,77324245-1,,521608,(2022),Invent. Hybr. Ophrys,,unambiguous_accepted,wcvp,"{""hybrid"": true, ""volume_and_page"": "": 106""}"
Ophrys sooi,wcvp,1,Ophrys subcornuta,Ophrys subcornuta [Heterotypic; wcvp],Ophrys × sooi A.Fuchs,A.Fuchs,Orchidaceae,Ophrys,subcornuta,Species,,,141818,648137-1,,<NA>,(1928),Iconogr. Orchid. Europe,,unambiguous_accepted,wcvp,"{""hybrid"": true, ""volume_and_page"": "", Texte: 346""}"
Ophrys surdi,wcvp,2,"Ophrys langobardensis, Ophrys potentissima","Ophrys langobardensis [Heterotypic; wcvp], Ophrys potentissima [Heterotypic; wcvp]",Ophrys × surdi O.Danesch & E.Danesch,O.Danesch & E.Danesch,Orchidaceae,Ophrys,potentissima,Species,,,347611,77078908-1,,<NA>,(2006),J. Eur. Orch.,,unambiguous_accepted,wcvp,"{""climate_description"": ""subtropical"", ""hybrid"": true, ""lifeform_description"": ""tuberous geophyte"", ""volume_and_page"": ""38: 521""}"
Ophrys tempestatis,wfo,0,,,Ophrys × tempestatis (J.Forst.) Del Prete,(J.Forst.) Del Prete,Orchidaceae,Ophrys,tempestatis,species,,,,,wfo-0001221922,,Webbia 37(2): 256. 1984,,,unambiguous_accepted,wfo,"{""majorGroup"": ""A"", ""source"": ""World Checklist of Vascular Plants. Facilitated by the Royal Botanic Gardens, Kew."", ""taxonRemarks"": ""Source in seed data: tro Updated scientificnameAuthorship from (J.B.Först.) Del Prete to (J.Forst.) Del Prete, information provided by Alan E. on email Oct. 12 2020 More details could be found in <a href=http://www.theplantlist.org/tpl1.1/record/tro-500"", ""tplId"": ""tro-50014581"", ""wfo_nomenclatural_status"": ""Valid""}"
Ophrys todaroana,wcvp,6,"Ophrys argentariensis, Ophrys cristoforettiae, Ophrys montalciniae, Ophrys morensis, Ophrys palenae, Ophrys pulicchiensis","Ophrys argentariensis [Heterotypic; wcvp], Ophrys cristoforettiae [Heterotypic; wcvp], Ophrys montalciniae [Heterotypic; wcvp], Ophrys morensis [Heterotypic; wcvp], Ophrys palenae [Heterotypic; wcvp], Ophrys pulicchiensis [Heterotypic; wcvp]",Ophrys × todaroana Macch.,Macch.,Orchidaceae,Ophrys,montalciniae,Species,,,523744,77159709-1,,<NA>,(2016),GIROS Orch. Spont. Eur.,,unambiguous_accepted,wcvp,"{""hybrid"": true, ""volume_and_page"": ""59: 343""}"
Ophrys torcalensis,wcvp,0,,,"Ophrys × torcalensis Ballerini, Nieri, Romolini & Soca","Ballerini, Nieri, Romolini & Soca",Orchidaceae,Ophrys,torcalensis,Species,,,3316837,77353873-1,,<NA>,(2024),J. Eur. Orch.,Spain,unambiguous_accepted,wcvp,"{""climate_description"": ""subtropical"", ""hybrid"": true, ""lifeform_description"": ""tuberous geophyte"", ""volume_and_page"": ""56: 206""}"
Ophrys walravensiorum,wcvp,1,Ophrys profitis-ilias,Ophrys profitis-ilias [Heterotypic; wcvp],Ophrys × walravensiorum P.Delforge,P.Delforge,Orchidaceae,Ophrys,profitis-ilias,Species,,,141618,1021544-1,,<NA>,(2001),Ber. Arbeitskreis. Heimische Orchid.,,unambiguous_accepted,wcvp,"{""hybrid"": true, ""volume_and_page"": ""18: 99""}"
Orchiaceras helvetica,wcvp,0,,,× Orchiaceras helvetica Cif. & Giacom.,Cif. & Giacom.,Orchidaceae,Orchiaceras,helvetica,Species,,,375425,77248349-1,,<NA>,(1950),Nomenclator Fl. Ital.,,unambiguous_accepted,wcvp,"{""hybrid"": true, ""volume_and_page"": ""1: 167""}"
Orchicoeloglossum dominianum,wcvp,0,,,× Orchicoeloglossum dominianum E.G.Camus,E.G.Camus,Orchidaceae,Orchicoeloglossum,dominianum,Species,,,142037,648215-1,,<NA>,(1908),Monogr. Orchid.,,unambiguous_accepted,wcvp,"{""hybrid"": true, ""volume_and_page"": "": 322""}"
Orchigymnadenia burdigalensis,wcvp,2,"Gymnacamptis burdigalensis, Gymnanacamptis burdigalensis","Gymnacamptis burdigalensis [Nomenclatural; wcvp], Gymnanacamptis burdigalensis [Nomenclatural; wcvp]",× Orchigymnadenia burdigalensis G.Keller & Jeanj.,G.Keller & Jeanj.,Orchidaceae,Gymnanacamptis,burdigalensis,Species,,,490663,77125454-1,,375422,(2012),Bull. Soc. Bot. Centre-Ouest,,unambiguous_accepted,wcvp,"{""hybrid"": true, ""nomenclatural_remarks"": "", not validly publ."", ""volume_and_page"": ""43: 219""}"
Orchigymnadenia hahnei,wcvp,2,"Dactylodenia hahnei, Dactylogymnadenia hahnei","Dactylodenia hahnei [Homotypic; wcvp], Dactylogymnadenia hahnei [Homotypic; wcvp]",× Orchigymnadenia hahnei Höppner,Höppner,Orchidaceae,Dactylodenia,hahnei,Species,,,55040,941849-1,,142108,(1972),Jahresber. Naturwiss. Vereins Wuppertal,,unambiguous_accepted,wcvp,"{""hybrid"": true, ""volume_and_page"": ""25: 190""}"
Orchipedum shareeanniae,wcvp,0,,,"Orchipedum shareeanniae Tandang, Ordas & S.G.Zamudio","Tandang, Ordas & S.G.Zamudio",Orchidaceae,Orchipedum,shareeanniae,Species,,,3307210,77311251-1,,<NA>,(2022),Nordic J. Bot.,Philippines (Samar),unambiguous_accepted,wcvp,"{""climate_description"": ""wet tropical"", ""lifeform_description"": ""rhizomatous geophyte"", ""volume_and_page"": ""2022(12)-e03829: 2""}"
Orchis adriatica,wcvp,0,,,Orchis × adriatica Soó,Soó,Orchidaceae,Orchis,adriatica,Species,,,142190,648329-1,,<NA>,(1932),Repert. Spec. Nov. Regni Veg. Sonderbeih. A,,unambiguous_accepted,wcvp,"{""hybrid"": true, ""volume_and_page"": ""2: 193""}"
Orchis aquitaniensis,wcvp,1,Orchidactyla aquitaniensis,Orchidactyla aquitaniensis [Nomenclatural; wcvp],Orchis × aquitaniensis G.Keller & Jeanj.,G.Keller & Jeanj.,Orchidaceae,Orchidactyla,aquitaniensis,Species,,,375420,942418-1,,375421,(1986),Bot. Zhurn. (Moscow & Leningrad),,unambiguous_accepted,wcvp,"{""hybrid"": true, ""nomenclatural_remarks"": "", not validly publ."", ""volume_and_page"": ""71: 93""}"
Orchis chenevardii,wcvp,1,Orchidactyla chenevardii,Orchidactyla chenevardii [Homotypic; wcvp],Orchis × chenevardii M.Schulze,M.Schulze,Orchidaceae,Orchis,chenevardii,Species,,,273815,77244233-1,,<NA>,(1898),Oesterr. Bot. Z.,,unambiguous_accepted,wcvp,"{""hybrid"": true, ""volume_and_page"": ""48: 53""}"
Orchis christii,wcvp,0,,,Orchis × christii G.Keller,G.Keller,Orchidaceae,Orchis,christii,Species,,,142345,648477-1,,<NA>,(1932),Repert. Spec. Nov. Regni Veg. Sonderbeih. A,,unambiguous_accepted,wcvp,"{""hybrid"": true, ""volume_and_page"": ""2: 194""}"
Orchis deuterodelamainii,wcvp,0,,,Orchis × deuterodelamainii J.M.H.Shaw,J.M.H.Shaw,Orchidaceae,Orchis,deuterodelamainii,Species,,,523711,77165757-1,,142023,(2017),Orchid Rev.,Europe,unambiguous_accepted,wcvp,"{""climate_description"": ""temperate"", ""hybrid"": true, ""lifeform_description"": ""tuberous geophyte"", ""volume_and_page"": ""125(1319, Suppl.): 58""}"
Orchis deutrodelamainii,wfo,0,,,Orchis deutrodelamainii J.M.H.Shaw,J.M.H.Shaw,Orchidaceae,Orchiaceras,delamainii,species,,,,,wfo-0000258720,,Bull. Soc. Bot. France 112: 456 (1966),,,unambiguous_accepted,wfo,"{""majorGroup"": ""A"", ""references"": ""https://powo.science.kew.org/taxon/urn:lsid:ipni.org:names:648196-1"", ""source"": ""World Checklist of Vascular Plants. Facilitated by the Royal Botanic Gardens, Kew."", ""taxonRemarks"": ""Source in seed data: wcs Update namepublishedIn from Bull. Soc. Bot. France 112: 456. 1966 to Bull. Soc. Bot. France 112: 456 (1966), information provided by Alan E. on email Jun. 07 2021 More details could be found in <a href=http://www.theplantlist.org"", ""tplId"": ""kew-142023"", ""wfo_nomenclatural_status"": ""Valid""}"
Orchis diktaea,wcvp,0,,,Orchis diktaea A.Alibertis,A.Alibertis,Orchidaceae,Orchis,diktaea,Species,,,3316996,77350437-1,,<NA>,(2024),Orchidophile (Paris),Kriti,unambiguous_accepted,wcvp,"{""climate_description"": ""subtropical"", ""lifeform_description"": ""tuberous geophyte"", ""volume_and_page"": ""55: 265""}"
Orchis dolicheilos,wcvp,0,,,Orchis × dolicheilos (Döll) Maus,(Döll) Maus,Orchidaceae,Orchis,dolicheilos,Species,,,375447,77244209-1,,375448,(1892),Mitt. Bad. Bot. Vereins,,unambiguous_accepted,wcvp,"{""hybrid"": true, ""volume_and_page"": ""1892: 9""}"
Orchis heraclea,wcvp,2,"Anacamptis heraclea, Herorchis heraclea","Anacamptis heraclea [Homotypic; wcvp], Herorchis heraclea [Homotypic; wcvp]",Orchis × heraclea Verg.,Verg.,Orchidaceae,Anacamptis,heraclea,Species,,,456281,77096571-1,,142616,(2009),Folia Bot. Extremadur.,,unambiguous_accepted,wcvp,"{""hybrid"": true, ""volume_and_page"": ""3: 188""}"
Orchis kallithea,wcvp,1,Anteriorchis kallithea,Anteriorchis kallithea [Nomenclatural; wcvp],Orchis × kallithea E.Klein,E.Klein,Orchidaceae,Anteriorchis,kallithea,Species,,,456398,77103111-1,,459827,(2009),Naturalistes Belges,,unambiguous_accepted,wcvp,"{""hybrid"": true, ""nomenclatural_remarks"": "", not validly publ."", ""volume_and_page"": ""90: 29""}"
Orchis maculana,wcvp,1,Dactylorhiza maculana,Dactylorhiza maculana [Homotypic; wcvp],Orchis × maculana Cif. & Giacom.,Cif. & Giacom.,Orchidaceae,Dactylorhiza,maculana,Species,,,55409,626640-1,,142808,(1962),Nom. Nov. Gen. Dactylorhiza,,unambiguous_accepted,wcvp,"{""hybrid"": true, ""volume_and_page"": "": 10""}"
Orchis masteineri,wcvp,3,"Dactylorchis masteineri, Orchidactyla masteineri, Orchidactylorhiza masteineri","Dactylorchis masteineri [Nomenclatural; wcvp], Orchidactyla masteineri [Nomenclatural; wcvp], Orchidactylorhiza masteineri [Nomenclatural; wcvp]",Orchis × masteineri Cif. & Giacom.,Cif. & Giacom.,Orchidaceae,Orchidactyla,masteineri,Species,,,142068,942421-1,,273765,(1986),Bot. Zhurn. (Moscow & Leningrad),,unambiguous_accepted,wcvp,"{""hybrid"": true, ""nomenclatural_remarks"": "", not validly publ."", ""volume_and_page"": ""71: 93""}"
Orchis membranacea,wcvp,1,Habenaria membranacea,Habenaria membranacea [Homotypic; wcvp],Orchis membranacea Afzel. ex Sw.,Afzel. ex Sw.,Orchidaceae,Habenaria,membranacea,Species,,,95113,637680-1,,142893,(1835),Gen. Sp. Orchid. Pl.,,unambiguous_accepted,wcvp,"{""volume_and_page"": "": 313""}"
Orchis peltieri,wcvp,0,,,Orchis × peltieri G.Keller,G.Keller,Orchidaceae,Orchis,peltieri,Species,,,143064,648984-1,,<NA>,(1932),Repert. Spec. Nov. Regni Veg. Sonderbeih. A,,unambiguous_accepted,wcvp,"{""hybrid"": true, ""volume_and_page"": ""2: 190""}"
Orchis ravellensis,wcvp,0,,,Orchis × ravellensis Gsell,Gsell,Orchidaceae,Orchis,ravellensis,Species,,,143153,649049-1,,<NA>,(1941),Ber. Schweiz. Bot. Ges.,,unambiguous_accepted,wcvp,"{""hybrid"": true, ""volume_and_page"": ""51: 306""}"
Orchis romanallens,wcvp,1,Orchidactyla romanallens,Orchidactyla romanallens [Homotypic; wcvp],Orchis × romanallens Cif. & Giacom.,Cif. & Giacom.,Orchidaceae,Orchidactyla,romanallens,Species,,,142071,942422-1,,273766,(1986),Bot. Zhurn. (Moscow & Leningrad),,unambiguous_accepted,wcvp,"{""hybrid"": true, ""volume_and_page"": ""71: 93""}"
Orchis rosea,wcvp,1,Orchigymnadenia rosea,Orchigymnadenia rosea [Homotypic; wcvp],Orchis × rosea Arv.-Touv.,Arv.-Touv.,Orchidaceae,Orchigymnadenia,rosea,Species,,,142117,648271-1,,143179,(1908),Monogr. Orchid.,,unambiguous_accepted,wcvp,"{""hybrid"": true, ""volume_and_page"": "": 336""}"
Orchis schulzii,wcvp,4,"Dactylocamptis schulzii, Orchidactyla sauzaiana, Orchidactyla schulzii, Orchis sauzaiana","Dactylocamptis schulzii [Nomenclatural; wcvp], Orchidactyla sauzaiana [Heterotypic; wcvp], Orchidactyla schulzii [Homotypic; wcvp], Orchis sauzaiana [Heterotypic; wcvp]",Orchis × schulzii Hausskn.,Hausskn.,Orchidaceae,Orchis,sauzaiana,Species,,,143219,649103-1,,<NA>,(1891),Bull. Soc. Bot. France,,unambiguous_accepted,wcvp,"{""hybrid"": true, ""volume_and_page"": ""37: 217""}"
Orchis surensis,wcvp,1,Dactylorhiza surensis,Dactylorhiza surensis [Nomenclatural; wcvp],Orchis × surensis Gsell,Gsell,Orchidaceae,Dactylorhiza,surensis,Species,,,55600,626688-1,,143298,(1962),Nom. Nov. Gen. Dactylorhiza,,unambiguous_accepted,wcvp,"{""hybrid"": true, ""nomenclatural_remarks"": "", not validly publ."", ""volume_and_page"": "": 9""}"
Orchis wildhaberi,wcvp,0,,,Orchis × wildhaberi H.R.Reinhard,H.R.Reinhard,Orchidaceae,Orchis,wildhaberi,Species,,,375449,649265-1,,<NA>,(1967),Ber. Schweiz. Bot. Ges.,,unambiguous_accepted,wcvp,"{""hybrid"": true, ""nomenclatural_remarks"": "", without indication of the type."", ""volume_and_page"": ""77: 110""}"
Orchiserapias dhiorii,wcvp,1,Herorchiserapias dhiorii,Herorchiserapias dhiorii [Nomenclatural; wcvp],× Orchiserapias dhiorii M.Ackermann & Mar.Ackermann,M.Ackermann & Mar.Ackermann,Orchidaceae,Orchiserapias,dhiorii,Species,,,143419,958442-1,,<NA>,(1990),Mitt. Arbeitskreis Heimische Orchid. Baden-Württemberg,,unambiguous_accepted,wcvp,"{""hybrid"": true, ""nomenclatural_remarks"": "", contrary to Art. 37.5 ICBN (1988)."", ""volume_and_page"": ""22: 332""}"
Orchiserapias leroyi,wcvp,0,,,× Orchiserapias leroyi A.Camus & Sennen,A.Camus & Sennen,Orchidaceae,Orchiserapias,leroyi,Species,,,143424,649279-1,,<NA>,(1929),Iconogr. Orchid. Europe,,unambiguous_accepted,wcvp,"{""hybrid"": true, ""volume_and_page"": "", Texte: 521""}"
Orchiserapias rana,wcvp,2,"Herorchiserapias rana, Serapicamptis rana","Herorchiserapias rana [Homotypic; wcvp], Serapicamptis rana [Homotypic; wcvp]",× Orchiserapias rana Frosch,Frosch,Orchidaceae,Herorchiserapias,rana,Species,,,457896,77103230-1,,458813,(2009),Naturalistes Belges,,unambiguous_accepted,wcvp,"{""hybrid"": true, ""volume_and_page"": ""90: 33""}"
Ornithocephalus brachystachys,wfo,0,,,Ornithocephalus brachystachys Schltr.,Schltr.,Orchidaceae,Ornithocephalus,brachystachys,species,,,,,wfo-0000260916,,Repert. Spec. Nov. Regni Veg. Beih. 35: 104 (1925),,,unambiguous_accepted,wfo,"{""majorGroup"": ""A"", ""references"": ""https://powo.science.kew.org/taxon/urn:lsid:ipni.org:names:176492-2"", ""source"": ""World Checklist of Vascular Plants. Facilitated by the Royal Botanic Gardens, Kew."", ""taxonRemarks"": ""Source in seed data: wcs Update namepublishedIn from Repert. Spec. Nov. Regni Veg. Beih. 35: 104 1925 to Repert. Spec. Nov. Regni Veg. Beih. 35: 104 (1925), information provided by Alan E. on email Jun. 07 2021 More details could be found in <a href=http"", ""tplId"": ""kew-144100"", ""wfo_nomenclatural_status"": ""Valid""}"
Ornithocephalus bryostachys,wfo,0,,,Ornithocephalus bryostachys Schltr.,Schltr.,Orchidaceae,Ornithocephalus,bryostachys,species,,,,,wfo-0000260917,,Repert. Spec. Nov. Regni Veg. 17: 17 (1921),,,unambiguous_accepted,wfo,"{""majorGroup"": ""A"", ""references"": ""https://powo.science.kew.org/taxon/urn:lsid:ipni.org:names:176493-2"", ""source"": ""World Checklist of Vascular Plants. Facilitated by the Royal Botanic Gardens, Kew."", ""taxonRemarks"": ""Source in seed data: wcs Update namepublishedIn from Repert. Spec. Nov. Regni Veg. 17: 17 1921 to Repert. Spec. Nov. Regni Veg. 17: 17 (1921), information provided by Alan E. on email Jun. 07 2021 More details could be found in <a href=http://www.theplan"", ""tplId"": ""kew-144101"", ""wfo_nomenclatural_status"": ""Valid""}"
Ornithocephalus cujetifolia,wfo,0,,,Ornithocephalus cujetifolia Barb.Rodr.,Barb.Rodr.,Orchidaceae,Ornithocephalus,cujetifolia,species,,,,,wfo-0000260925,,Gen. Spec. Orchid. 1: 133 (1877),,,unambiguous_accepted,wfo,"{""majorGroup"": ""A"", ""source"": ""World Checklist of Vascular Plants. Facilitated by the Royal Botanic Gardens, Kew."", ""taxonRemarks"": ""Source in seed data: wcs Update namepublishedIn from Gen. Spec. Orchid. 1: 133 1877 to Gen. Spec. Orchid. 1: 133 (1877), information provided by Alan E. on email Jun. 07 2021 More details could be found in <a href=http://www.theplantlist.org/tpl1.1/recor"", ""tplId"": ""kew-144109"", ""wfo_nomenclatural_status"": ""Valid""}"
Ornithocephalus leslie-garayi,wcvp,0,,,Ornithocephalus leslie-garayi Szlach. & Kolan.,Szlach. & Kolan.,Orchidaceae,Ornithocephalus,leslie-garayi,Species,,,538006,77205462-1,,<NA>,(2019),Wulfenia,Colombia,unambiguous_accepted,wcvp,"{""climate_description"": ""wet tropical"", ""volume_and_page"": ""26: 142""}"
Ornithocephalus lesliegarayi,wfo,0,,,Ornithocephalus lesliegarayi Szlach. & Kolan.,Szlach. & Kolan.,Orchidaceae,Ornithocephalus,lesliegarayi,species,,,,,wfo-1000033480,,Wulfenia 26: 142 (2019),,,unambiguous_accepted,wfo,"{""majorGroup"": ""A"", ""references"": ""https://powo.science.kew.org/taxon/urn:lsid:ipni.org:names:77205462-1"", ""source"": ""World Checklist of Vascular Plants. Facilitated by the Royal Botanic Gardens, Kew."", ""wfo_nomenclatural_status"": ""Valid""}"
Oxystophyllum nitidiﬂorum (J.J.Sm.) M.A.Clem.,cites_pdf,1,Dendrobium nitidiﬂorum J.J.Sm.,Dendrobium nitidiﬂorum J.J.Sm. [Unknown; cites_pdf],Oxystophyllum nitidiﬂorum (J.J.Sm.) M.A.Clem.,,Orchidaceae,Dendrobium,nitidiﬂorum,,,,,,,,,,,unambiguous_accepted,cites_pdf,"{""accepted_genus"": ""Oxystophyllum"", ""page"": 277, ""y"": 359.4}"
Oxystophyllum ﬂoridanum (Guillaumin) M.A.Clem.,cites_pdf,1,Dendrobium ﬂoridanum Guillaumin.,Dendrobium ﬂoridanum Guillaumin. [Unknown; cites_pdf],Oxystophyllum ﬂoridanum (Guillaumin) M.A.Clem.,,Orchidaceae,Dendrobium,ﬂoridanum,,,,,,,,,,,unambiguous_accepted,cites_pdf,"{""accepted_genus"": ""Oxystophyllum"", ""page"": 258, ""y"": 443.1}"
Pabstiella assisii,wcvp,0,,,"Pabstiella assisii N.Gut., E.C.Smidt & Toscano","N.Gut., E.C.Smidt & Toscano",Orchidaceae,Pabstiella,assisii,Species,,,3308130,77330679-1,,<NA>,(2023),Phytotaxa,Brazil (Espírito Santo),unambiguous_accepted,wcvp,"{""climate_description"": ""wet tropical"", ""lifeform_description"": ""epiphyte"", ""volume_and_page"": ""625: 167""}"
Pabstiella cavalinii,wcvp,0,,,Pabstiella cavalinii C.R.M.Silva & Campacci,C.R.M.Silva & Campacci,Orchidaceae,Pabstiella,cavalinii,Species,,,3307276,77313392-1,,<NA>,(2022),Colet. Orquídeas Brasil.,Brazil (Minas Gerais),unambiguous_accepted,wcvp,"{""climate_description"": ""wet tropical"", ""lifeform_description"": ""epiphyte"", ""volume_and_page"": ""18: 742""}"
Pabstiella ibiracuensis,wcvp,0,,,Pabstiella ibiracuensis Campacci & D.A.Rodrigues,Campacci & D.A.Rodrigues,Orchidaceae,Pabstiella,ibiracuensis,Species,,,3317697,77334675-1,,<NA>,(2023),Colet. Orquídeas Brasil.,Brazil (Espírito Santo),unambiguous_accepted,wcvp,"{""climate_description"": ""wet tropical"", ""lifeform_description"": ""epiphyte"", ""volume_and_page"": ""19: 794""}"
Pabstiella klingelfusii,wcvp,0,,,"Pabstiella klingelfusii N.Gut., E.C.Smidt & Toscano","N.Gut., E.C.Smidt & Toscano",Orchidaceae,Pabstiella,klingelfusii,Species,,,3308091,77330678-1,,<NA>,(2023),Phytotaxa,Brazil (SE. Bahia),unambiguous_accepted,wcvp,"{""climate_description"": ""wet tropical"", ""lifeform_description"": ""epiphyte"", ""volume_and_page"": ""625: 162""}"
Pabstiella miniato-lineolata,wfo,1,Specklinia miniato-lineolata,Specklinia miniato-lineolata [Unknown; wfo],Pabstiella miniato-lineolata (Hoehne) Luer,(Hoehne) Luer,Orchidaceae,Pleurothallis,miniatolineolata,species,,,,,wfo-0000277854,,"Arq. Bot. Estado São Paulo, n.s., f.m., 1(1): 15 (1938)",,,unambiguous_accepted,wfo,"{""majorGroup"": ""A"", ""references"": ""https://powo.science.kew.org/taxon/urn:lsid:ipni.org:names:203178-2"", ""source"": ""World Checklist of Vascular Plants. Facilitated by the Royal Botanic Gardens, Kew."", ""taxonRemarks"": ""Source in seed data: wcs Update namepublishedIn from Arq. Bot. Estado São Paulo n.s., f.m., 1(1): 15 1938 to Arq. Bot. Estado São Paulo , n.s., f.m., 1(1): 15 (1938), information provided by Alan E. on email Jun. 07 2021 More details could be found in"", ""tplId"": ""kew-160404"", ""wfo_nomenclatural_status"": ""Valid""}"
Pabstiella oriana,wcvp,0,,,Pabstiella oriana C.R.M.Silva & D.A.Rodrigues,C.R.M.Silva & D.A.Rodrigues,Orchidaceae,Pabstiella,oriana,Species,,,3317688,77334676-1,,<NA>,(2023),Colet. Orquídeas Brasil.,Brazil (Espírito Santo),unambiguous_accepted,wcvp,"{""climate_description"": ""wet tropical"", ""lifeform_description"": ""epiphyte"", ""volume_and_page"": ""19: 798""}"
Pabstiella rodriguesii,wcvp,0,,,Pabstiella rodriguesii Campacci & C.R.M.Silva,Campacci & C.R.M.Silva,Orchidaceae,Pabstiella,rodriguesii,Species,,,3317695,77334677-1,,<NA>,(2023),Colet. Orquídeas Brasil.,Brazil (Espírito Santo),unambiguous_accepted,wcvp,"{""climate_description"": ""wet tropical"", ""lifeform_description"": ""epiphyte"", ""volume_and_page"": ""19: 802""}"
Pabstiella tortuosa,wcvp,0,,,"Pabstiella tortuosa N.Gut., E.C.Smidt & Toscano","N.Gut., E.C.Smidt & Toscano",Orchidaceae,Pabstiella,tortuosa,Species,,,3308084,77330680-1,,<NA>,(2023),Phytotaxa,Brazil (Espírito Santo),unambiguous_accepted,wcvp,"{""climate_description"": ""wet tropical"", ""lifeform_description"": ""epiphyte"", ""volume_and_page"": ""625: 171""}"
Palmorchis deceptorius,wfo,0,,,Palmorchis deceptorius Veyret & Szlach.,Veyret & Szlach.,Orchidaceae,Palmorchis,deceptorius,species,,,,,wfo-0000263489,,Fragm. Florist. Geobot. 40: 889 (1995),,,unambiguous_accepted,wfo,"{""majorGroup"": ""A"", ""references"": ""https://powo.science.kew.org/taxon/urn:lsid:ipni.org:names:305511-2"", ""source"": ""World Checklist of Vascular Plants. Facilitated by the Royal Botanic Gardens, Kew."", ""taxonRemarks"": ""Source in seed data: wcs Update namepublishedIn from Fragm. Florist. Geobot. 40: 889 1995 to Fragm. Florist. Geobot. 40: 889 (1995), information provided by Alan E. on email Jun. 07 2021 More details could be found in <a href=http://www.theplantlist.org/"", ""tplId"": ""kew-146587"", ""wfo_nomenclatural_status"": ""Valid""}"
Palmorchis pubescens,wfo,0,,,Palmorchis pubescens Barb.Rodr.,Barb.Rodr.,Orchidaceae,Palmorchis,pubescens,species,,,,,wfo-0001088586,,Gen. Sp. Orchid. 1: 170 1877,,,unambiguous_accepted,wfo,"{""majorGroup"": ""A"", ""source"": ""World Checklist of Vascular Plants. Facilitated by the Royal Botanic Gardens, Kew."", ""taxonRemarks"": ""Source in seed data: tro More details could be found in <a href=http://www.theplantlist.org/tpl1.1/record/tro-23514889 >The Plant List v.1.1.</a> Originally in <a href=http://www.theplantlist.org/tpl/record/tro-23514889 >The Plant List v.1.0</a>"", ""tplId"": ""tro-23514889"", ""wfo_nomenclatural_status"": ""Valid""}"
Panisea uniﬂora (Lindl.) Lindl.,cites_pdf,3,"Coelogyne biﬂora C.S.P.Parish ex Rchb.f., Coelogyne uniﬂora Lindl., Pleione uniﬂora (Lindl.) Kuntze","Coelogyne biﬂora C.S.P.Parish ex Rchb.f. [Unknown; cites_pdf], Coelogyne uniﬂora Lindl. [Unknown; cites_pdf], Pleione uniﬂora (Lindl.) Kuntze [Unknown; cites_pdf]",Panisea uniﬂora (Lindl.) Lindl.,,Orchidaceae,Coelogyne,biﬂora,,,,,,,,,,,unambiguous_accepted,cites_pdf,"{""accepted_genus"": ""Panisea"", ""page"": 204, ""y"": 383.3}"
Paphiopedilum ashburtoniae,wcvp,4,"Cypripedium ashburtoniae, Cypripedium bartetii, Cypripedium laforcadei, Cypripedium obscurum","Cypripedium ashburtoniae [Homotypic; wcvp], Cypripedium bartetii [Heterotypic; wcvp], Cypripedium laforcadei [Heterotypic; wcvp], Cypripedium obscurum [Heterotypic; wcvp]",Paphiopedilum × ashburtoniae (Rchb.f.) Stein,(Rchb.f.) Stein,Orchidaceae,Paphiopedilum,ashburtoniae,Species,,,344559,60443473-2,,53903,(1892),Orchid.-Buch,,unambiguous_accepted,wcvp,"{""hybrid"": true, ""volume_and_page"": "": 454""}"
Paphiopedilum khanzae,wcvp,0,,,Paphiopedilum khanzae Cavestro,Cavestro,Orchidaceae,Paphiopedilum,khanzae,Species,,,3317816,77340512-1,,<NA>,(2024),"Orchidee, Taxon. Mitt.",N. Maluku,unambiguous_accepted,wcvp,"{""climate_description"": ""wet tropical"", ""lifeform_description"": ""perennial"", ""volume_and_page"": ""10: 59""}"
Paphiopedilum lathamianum,wcvp,3,"Cypripedium hera, Cypripedium lathamianum, Cypripedium lathamii","Cypripedium hera [Heterotypic; wcvp], Cypripedium lathamianum [Homotypic; wcvp], Cypripedium lathamii [Heterotypic; wcvp]",Paphiopedilum × lathamianum (Rchb.f.) Stein,(Rchb.f.) Stein,Orchidaceae,Paphiopedilum,lathamianum,Species,,,3321561,<NA>,,54166,(1892),Orchid.-Buch,,unambiguous_accepted,wcvp,"{""hybrid"": true, ""volume_and_page"": "": 473""}"
Paphiopedilum maudiae,wcvp,1,Cypripedium maudiae,Cypripedium maudiae [Homotypic; wcvp],Paphiopedilum × maudiae (Rolfe) McQuade,(Rolfe) McQuade,Orchidaceae,Paphiopedilum,maudiae,Species,,,522900,60473422-2,,522728,(1949),Ann. Missouri Bot. Gard.,,unambiguous_accepted,wcvp,"{""hybrid"": true, ""volume_and_page"": ""36: 437""}"
Paphiopedilum papiliolaoticum,wfo,0,,,"Paphiopedilum papiliolaoticum Schuit., Luang Aphay & Iio","Schuit., Luang Aphay & Iio",Orchidaceae,Paphiopedilum,papiliolaoticum,species,,,,,wfo-1000006158,,OrchideenJ. 6(4): 3 (2018),,,unambiguous_accepted,wfo,"{""majorGroup"": ""A"", ""references"": ""https://powo.science.kew.org/taxon/urn:lsid:ipni.org:names:77186038-1"", ""source"": ""World Checklist of Vascular Plants. Facilitated by the Royal Botanic Gardens, Kew."", ""wfo_nomenclatural_status"": ""Valid""}"
Papilionanthe masperoae,cites_csv,0,,,Papilionanthe masperoae (Kerr) Garay,(Kerr) Garay,Orchidaceae,Papilionanthe,masperoae,SPECIES,II,,,,,,,,Cambodia,unambiguous_accepted,cites_csv,"{""All_DistributionISOCodes"": ""KH"", ""NativeDistributionFullNames"": ""Cambodia""}"
Papilionanthe motuoensis,wcvp,0,,,Papilionanthe motuoensis J.D.Ya & D.Z.Li,J.D.Ya & D.Z.Li,Orchidaceae,Papilionanthe,motuoensis,Species,,,3307557,77331173-1,,<NA>,(2023),PhytoKeys,SE. Tibet,unambiguous_accepted,wcvp,"{""climate_description"": ""subtropical"", ""lifeform_description"": ""epiphytic subshrub"", ""volume_and_page"": ""235: 222""}"
Papilionanthe uniﬂora (Lindl.) Garay,cites_pdf,1,Aerides uniﬂora (Lindl.) Summerh.,Aerides uniﬂora (Lindl.) Summerh. [Unknown; cites_pdf],Papilionanthe uniﬂora (Lindl.) Garay,,Orchidaceae,Aerides,longicornu,,,,,,,,,,,unambiguous_accepted,cites_pdf,"{""accepted_genus"": ""Papilionanthe"", ""page"": 18, ""y"": 96.4}"
Paracaleana ferricola,wcvp,1,Sullivania ferricola,Sullivania ferricola [Homotypic; wcvp],Paracaleana ferricola A.P.Br. & G.Brockman,A.P.Br. & G.Brockman,Orchidaceae,Sullivania,ferricola,Species,,,3296048,77297715-1,,538674,(2021),Lankesteriana,,unambiguous_accepted,wcvp,"{""volume_and_page"": ""21: 316""}"
Pedilochilus angustifolium,cites_csv,0,,,Pedilochilus angustifolium Schltr.,Schltr.,Orchidaceae,Pedilochilus,angustifolium,SPECIES,II,,,,,,,,Papua New Guinea,unambiguous_accepted,cites_csv,"{""All_DistributionISOCodes"": ""PG"", ""NativeDistributionFullNames"": ""Papua New Guinea""}"
Pedilochilus sarawakatensis,cites_csv,0,,,Pedilochilus sarawakatensis P.Royen,P.Royen,Orchidaceae,Pedilochilus,sarawakatensis,SPECIES,II,,,,,,,,Papua New Guinea,unambiguous_accepted,cites_csv,"{""All_DistributionISOCodes"": ""PG"", ""NativeDistributionFullNames"": ""Papua New Guinea""}"
Pelexia mourae,wcvp,0,,,Pelexia mourae Schltr.,Schltr.,Orchidaceae,Pelexia,mourae,Species,,,149652,186747-2,,<NA>,(1921),Repert. Spec. Nov. Regni Veg.,Brazil (Rio de Janeiro),unambiguous_accepted,wcvp,"{""climate_description"": ""wet tropical"", ""lifeform_description"": ""perennial or rhizomatous geophyte"", ""volume_and_page"": ""17: 270""}"
Pelexia weberbaueriana,wfo,0,,,Pelexia weberbaueriana (Kraenzl. ex Schltr.) Schltr.,(Kraenzl. ex Schltr.) Schltr.,Orchidaceae,Pelexia,weberbaueriana,species,,,,,wfo-0001241853,,"Beih. Bot. Centralbl., Abt. 2. 37(3): 411. 1920, as 'weberbaueriana'",,,unambiguous_accepted,wfo,"{""majorGroup"": ""A"", ""source"": ""World Checklist of Vascular Plants. Facilitated by the Royal Botanic Gardens, Kew."", ""taxonRemarks"": ""Source in seed data: tro Updated namepublishedIn from Beih. Bot. Centralbl. 37(2): 411 1920 to Beih. Bot. Centralbl., Abt. 2. 37(3): 411. 1920 , as 'weberbaueriana', information provided by Alan E. on email Oct. 12 2020 More details could be found in <a"", ""tplId"": ""tro-50115576"", ""wfo_nomenclatural_status"": ""Valid""}"
Peristylus novo-ebudarum,wfo,1,Habenaria novo-ebudarum,Habenaria novo-ebudarum [Unknown; wfo],Peristylus novo-ebudarum F.Muell.,F.Muell.,Orchidaceae,Peristylus,ngoyensis,species,,,,,wfo-0000267487,,Fl. Nouv.-Calédonie 8: 550 (1977),,,unambiguous_accepted,wfo,"{""majorGroup"": ""A"", ""originalNameUsageID"": ""wfo-0000978238"", ""references"": ""https://powo.science.kew.org/taxon/urn:lsid:ipni.org:names:650254-1"", ""source"": ""World Checklist of Vascular Plants. Facilitated by the Royal Botanic Gardens, Kew."", ""taxonRemarks"": ""Source in seed data: wcs Update namepublishedIn from Fl. Nouv.-Calédonie & Dépend. 8: 550. 1977 to Fl. Nouv.-Calédonie & Dépend. 8: 550 (1977), information provided by Alan E. on email Jun. 07 2021 More details could be found in <a href=http://www.th"", ""tplId"": ""kew-150497"", ""wfo_nomenclatural_status"": ""Valid""}"
Peristylus tipuliferus,wfo,1,Peristylus saprophyticus,Peristylus saprophyticus [Unknown; wfo],Peristylus tipuliferus (C.S.P.Parish & Rchb.f.) Mukerjee,(C.S.P.Parish & Rchb.f.) Mukerjee,Orchidaceae,Peristylus,tipuliferus,species,,,,,wfo-0000267552,,Notes Roy. Bot. Gard. Edinburgh 21: 153 (1953),,,unambiguous_accepted,wfo,"{""majorGroup"": ""A"", ""originalNameUsageID"": ""wfo-0000978813"", ""references"": ""https://powo.science.kew.org/taxon/urn:lsid:ipni.org:names:650306-1"", ""source"": ""World Checklist of Vascular Plants. Facilitated by the Royal Botanic Gardens, Kew."", ""taxonRemarks"": ""Source in seed data: wcs Update namepublishedIn from Notes Roy. Bot. Gard. Edinburgh 21: 153. 1953 to Notes Roy. Bot. Gard. Edinburgh 21: 153 (1953), information provided by Alan E. on email Jun. 07 2021 More details could be found in <a href=http://www."", ""tplId"": ""kew-150555"", ""wfo_nomenclatural_status"": ""Valid""}"
Peristylus tradescantifolius,wfo,1,Habenaria tradescantifolia,Habenaria tradescantifolia [Unknown; wfo],Peristylus tradescantifolius (Rchb.f.) Kores,(Rchb.f.) Kores,Orchidaceae,Peristylus,papuanus,species,,,,,wfo-0000267501,,Nova Guinea 12: 3 (1913),,,unambiguous_accepted,wfo,"{""majorGroup"": ""A"", ""originalNameUsageID"": ""wfo-0000978332"", ""references"": ""https://powo.science.kew.org/taxon/urn:lsid:ipni.org:names:650265-1"", ""source"": ""World Checklist of Vascular Plants. Facilitated by the Royal Botanic Gardens, Kew."", ""taxonRemarks"": ""Source in seed data: wcs Updated scientificnameAuthorship from (Kraenzl.) J.J.Sm. to J.J.Sm., information provided by Alan E. on email Oct. 12 2020 More details could be found in <a href=http://www.theplantlist.org/tpl1.1/record/kew-150509 >The Plant Lis"", ""tplId"": ""kew-150509"", ""wfo_nomenclatural_status"": ""Valid""}"
Peristylus trianae,wfo,0,,,Peristylus trianae (Schltr.) P.F.Hunt,(Schltr.) P.F.Hunt,Orchidaceae,Peristylus,trianae,species,,,,,wfo-0001331275,,Kew Bull. 26: 177 (1971),,,unambiguous_accepted,wfo,"{""majorGroup"": ""A"", ""references"": ""https://powo.science.kew.org/taxon/urn:lsid:ipni.org:names:650308-1"", ""source"": ""World Checklist of Vascular Plants. Facilitated by the Royal Botanic Gardens, Kew."", ""taxonRemarks"": ""Source in seed data: ipni Update namepublishedIn from Kew Bull. 26(1): 177. 1971 [27 Oct 1971] to Kew Bull. 26: 177 (1971), information provided by Alan E. on email Jun. 07 2021"", ""wfo_nomenclatural_status"": ""Valid""}"
Pescatoria backhouseana,wcvp,1,Zygopetalum backhouseanum,Zygopetalum backhouseanum [Homotypic; wcvp],Pescatoria backhouseana Rchb.f.,Rchb.f.,Orchidaceae,Zygopetalum,backhouseanum,Species,,,216014,661670-1,,150628,(1887),Ill. Dict. Gard.,Ecuador,unambiguous_accepted,wcvp,"{""volume_and_page"": ""4: 245""}"
Pescatoscaphe froebeliana,wcvp,1,Bolleochondrorhyncha froebeliana,Bolleochondrorhyncha froebeliana [Homotypic; wcvp],× Pescatoscaphe froebeliana (Cogn.) Christenson,(Cogn.) Christenson,Orchidaceae,Pescatoscaphe,froebeliana,Species,,,344571,60442550-2,,343702,(2006),Richardiana,,unambiguous_accepted,wcvp,"{""hybrid"": true, ""volume_and_page"": ""6: 138""}"
Phaius amabilis,wcvp,3,"Gastrophaius amabilis, Gastrophaius marthae, Phaius marthae","Gastrophaius amabilis [Homotypic; wcvp], Gastrophaius marthae [Heterotypic; wcvp], Phaius marthae [Heterotypic; wcvp]",Phaius × amabilis O'Brien,O'Brien,Orchidaceae,Phaius,marthae,Species,,,151051,650440-1,,<NA>,(1894),Gard. Chron.,,unambiguous_accepted,wcvp,"{""hybrid"": true, ""volume_and_page"": "", ser. 3, 15: 343""}"
Phaius cooksonii,wcvp,1,Gastrophaius cooksonii,Gastrophaius cooksonii [Homotypic; wcvp],Phaius × cooksonii Rolfe,Rolfe,Orchidaceae,Gastrophaius,cooksonii,Species,,,473378,77120279-1,,150989,(2012),Orchid Rev.,,unambiguous_accepted,wcvp,"{""hybrid"": true, ""volume_and_page"": ""120(1297, Suppl.): 34""}"
Phaius grandiﬂorus (Nadeaud) Govaerts,cites_pdf,1,Calanthe grandiﬂora Nadeaud,Calanthe grandiﬂora Nadeaud [Unknown; cites_pdf],Phaius grandiﬂorus (Nadeaud) Govaerts,,Orchidaceae,Calanthe,grandiﬂora,,,,,,,,,,,unambiguous_accepted,cites_pdf,"{""accepted_genus"": ""Phaius"", ""page"": 144, ""y"": 742.0}"
Phaius hybridus,wcvp,1,Phaius gravesii,Phaius gravesii [Heterotypic; wcvp],Phaius × hybridus O'Brien,O'Brien,Orchidaceae,Phaius,gravesii,Species,,,151019,77244978-1,,<NA>,(1893),Gard. & Forest,,unambiguous_accepted,wcvp,"{""hybrid"": true, ""volume_and_page"": ""6: 169""}"
Phaius indigoferus,wfo,0,,,Phaius indigoferus Hassk.,Hassk.,Orchidaceae,Phaius,indigoferus,species,,,,,wfo-0000268033,,Tijdschr. Natuurl. Gesch. Physiol. 9: 140 (1842),,,unambiguous_accepted,wfo,"{""majorGroup"": ""A"", ""references"": ""https://powo.science.kew.org/taxon/urn:lsid:ipni.org:names:650420-1"", ""source"": ""World Checklist of Vascular Plants. Facilitated by the Royal Botanic Gardens, Kew."", ""taxonRemarks"": ""Source in seed data: wcs Update namepublishedIn from Hoev. & De vriese, Tijdschr. ix. (1842) 140; Reichb. f. Xenia Orch. i. 202. to Tijdschr. Natuurl. Gesch. Physiol. 9: 140 (1842), information provided by Alan E. on email Jun. 07 2021 More details could"", ""tplId"": ""kew-151029"", ""wfo_nomenclatural_status"": ""Valid""}"
Phaius irroratus,wcvp,1,Phaiocalanthe irrorata,Phaiocalanthe irrorata [Homotypic; wcvp],Phaius × irroratus Rchb.f.,Rchb.f.,Orchidaceae,Phaiocalanthe,irrorata,Species,,,150961,650368-1,,151032,(1887),"J. Linn. Soc., Bot.",,unambiguous_accepted,wcvp,"{""hybrid"": true, ""volume_and_page"": ""24: 168""}"
Phaius owenianus,wcvp,1,Gastrophaius owenianus,Gastrophaius owenianus [Homotypic; wcvp],Phaius × owenianus Sander,Sander,Orchidaceae,Gastrophaius,owenianus,Species,,,473375,77120281-1,,151065,(2012),Orchid Rev.,,unambiguous_accepted,wcvp,"{""hybrid"": true, ""volume_and_page"": ""120(1297, Suppl.): 34""}"
Phaius sedenianus,wcvp,1,Phaiocalanthe sedeniana,Phaiocalanthe sedeniana [Homotypic; wcvp],Phaius × sedenianus Rchb.f.,Rchb.f.,Orchidaceae,Phaiocalanthe,sedeniana,Species,,,150962,650369-1,,151095,(1887),"J. Linn. Soc., Bot.",,unambiguous_accepted,wcvp,"{""hybrid"": true, ""volume_and_page"": ""24: 168""}"
Phaius tankervilleae var. tankervilleae,cites_pdf,0,,,Phaius tankervilleae var. tankervilleae,,Orchidaceae,Calanthe,bachmaensis,,,,,,,,,,,unambiguous_accepted,cites_pdf,"{""accepted_genus"": ""Phaius"", ""page"": 140, ""y"": 742.0}"
Phalaenopsis amabilis subsp. amabilis,cites_pdf,18,"Phalaenopsis amabilis f. concolor, Phalaenopsis amabilis f. fuscata, Phalaenopsis amabilis subvar. gloriosa, Phalaenopsis amabilis var. aurea, Phalaenopsis amabilis var. fournieri, Phalaenopsis amabilis var. fuscata, Phalaenopsis amabilis var. gloriosa, Phalaenopsis amabilis var. grandiﬂora, Phalaenopsis amabilis var. ramosa, Phalaenopsis amabilis var. rimestadiana, Phalaenopsis amabilis var. rimestadiana-alba, Phalaenopsis aphrodite var. gloriosa, Phalaenopsis grandiﬂora Lindl., Phalaenopsis grandiﬂora var. aurea auct., Phalaenopsis grandiﬂora var. borneensis Corning, Phalaenopsis grandiﬂora var. fuscata (Rchb.f.) Burb., Phalaenopsis grandiﬂora var. gracillima Burb., Phalaenopsis grandiﬂora var. ruckeri Burb.","Phalaenopsis amabilis f. concolor [Unknown; cites_pdf], Phalaenopsis amabilis f. fuscata [Unknown; cites_pdf], Phalaenopsis amabilis subvar. gloriosa [Unknown; cites_pdf], Phalaenopsis amabilis var. aurea [Unknown; cites_pdf], Phalaenopsis amabilis var. fournieri [Unknown; cites_pdf], Phalaenopsis amabilis var. fuscata [Unknown; cites_pdf], Phalaenopsis amabilis var. gloriosa [Unknown; cites_pdf], Phalaenopsis amabilis var. grandiﬂora [Unknown; cites_pdf], Phalaenopsis amabilis var. ramosa [Unknown; cites_pdf], Phalaenopsis amabilis var. rimestadiana [Unknown; cites_pdf], Phalaenopsis amabilis var. rimestadiana-alba [Unknown; cites_pdf], Phalaenopsis aphrodite var. gloriosa [Unknown; cites_pdf], Phalaenopsis grandiﬂora Lindl. [Unknown; cites_pdf], Phalaenopsis grandiﬂora var. aurea auct. [Unknown; cites_pdf], Phalaenopsis grandiﬂora var. borneensis Corning [Unknown; cites_pdf], Phalaenopsis grandiﬂora var. fuscata (Rchb.f.) Burb. [Unknown; cites_pdf], Phalaenopsis grandiﬂora var. gracillima Burb. [Unknown; cites_pdf], Phalaenopsis grandiﬂora var. ruckeri Burb. [Unknown; cites_pdf]",Phalaenopsis amabilis subsp. amabilis,,Orchidaceae,Phalaenopsis,amabilis,,,,,,,,,,,unambiguous_accepted,cites_pdf,"{""page"": 451, ""y"": 562.7}"
Phalaenopsis amabilis subsp. moluccana,cites_pdf,2,"Phalaenopsis amabilis var. cinerascens, Phalaenopsis amabilis var. moluccana","Phalaenopsis amabilis var. cinerascens [Unknown; cites_pdf], Phalaenopsis amabilis var. moluccana [Unknown; cites_pdf]",Phalaenopsis amabilis subsp. moluccana (Schltr.) Christenson,(Schltr.) Christenson,Orchidaceae,Phalaenopsis,amabilis,,,,,,,,,,,unambiguous_accepted,cites_pdf,"{""page"": 451, ""y"": 586.6}"
Phalaenopsis amabilis subsp. rosenstromii,cites_pdf,2,"Phalaenopsis amabilis var. papuana, Phalaenopsis amabilis var. rosenstromii","Phalaenopsis amabilis var. papuana [Unknown; cites_pdf], Phalaenopsis amabilis var. rosenstromii [Unknown; cites_pdf]",Phalaenopsis amabilis subsp. rosenstromii (F.M.Bailey) Christenson,(F.M.Bailey) Christenson,Orchidaceae,Phalaenopsis,amabilis,,,,,,,,,,,unambiguous_accepted,cites_pdf,"{""page"": 452, ""y"": 311.6}"
Phalaenopsis aphrodite subsp. aphrodite,cites_pdf,8,"Phalaenopsis amabilis subvar. dayana, Phalaenopsis amabilis subvar. erubescens, Phalaenopsis amabilis var. ambigua, Phalaenopsis amabilis var. dayana, Phalaenopsis amabilis var. erubescens, Phalaenopsis amabilis var. longifolia, Phalaenopsis amabilis var. rotundifolia, Phalaenopsis aphrodite var. amabilis","Phalaenopsis amabilis subvar. dayana [Unknown; cites_pdf], Phalaenopsis amabilis subvar. erubescens [Unknown; cites_pdf], Phalaenopsis amabilis var. ambigua [Unknown; cites_pdf], Phalaenopsis amabilis var. dayana [Unknown; cites_pdf], Phalaenopsis amabilis var. erubescens [Unknown; cites_pdf], Phalaenopsis amabilis var. longifolia [Unknown; cites_pdf], Phalaenopsis amabilis var. rotundifolia [Unknown; cites_pdf], Phalaenopsis aphrodite var. amabilis [Unknown; cites_pdf]",Phalaenopsis aphrodite subsp. aphrodite,,Orchidaceae,Phalaenopsis,amabilis,,,,,,,,,,,unambiguous_accepted,cites_pdf,"{""page"": 451, ""y"": 479.0}"
Phalaenopsis aphrodite subsp. formosana,cites_pdf,0,,,Phalaenopsis aphrodite subsp. formosana Christenson,Christenson,Orchidaceae,Phalaenopsis,babuyana,,,,,,,,,,,unambiguous_accepted,cites_pdf,"{""page"": 453, ""y"": 120.3}"
Phalaenopsis deliciosa subsp. deliciosa,cites_pdf,6,"Doritis steﬀensii Schltr., Kingidium deliciosum f. album, Kingidium deliciosum var. bellum, Kingiella steﬀensii (Schltr.) Rolfe., Phalaenopsis deliciosa f. alba, Phalaenopsis hebe var. amboinensis","Doritis steﬀensii Schltr. [Unknown; cites_pdf], Kingidium deliciosum f. album [Unknown; cites_pdf], Kingidium deliciosum var. bellum [Unknown; cites_pdf], Kingiella steﬀensii (Schltr.) Rolfe. [Unknown; cites_pdf], Phalaenopsis deliciosa f. alba [Unknown; cites_pdf], Phalaenopsis hebe var. amboinensis [Unknown; cites_pdf]",Phalaenopsis deliciosa subsp. deliciosa,,Orchidaceae,Aerides,latifolia,,,,,,,,,,,unambiguous_accepted,cites_pdf,"{""accepted_genus"": ""Phalaenopsis"", ""page"": 17, ""y"": 538.8}"
Phalaenopsis deliciosa subsp. hookeriana,cites_pdf,2,"Doritis deliciosa subsp. hookeriana, Kingidium deliciosum subsp. hookerianum","Doritis deliciosa subsp. hookeriana [Unknown; cites_pdf], Kingidium deliciosum subsp. hookerianum [Unknown; cites_pdf]",Phalaenopsis deliciosa subsp. hookeriana (O.Gruss & Roellke) Christenson,(O.Gruss & Roellke) Christenson,Orchidaceae,Doritis,deliciosa,,,,,,,,,,,unambiguous_accepted,cites_pdf,"{""accepted_genus"": ""Phalaenopsis"", ""page"": 323, ""y"": 562.7}"
Phalaenopsis diﬀormis (Wall. ex Lindl.) Kocyan & Schuit.,cites_pdf,3,"Aerides diﬀormis Wall. ex Lindl., Ornithochilus diﬀormis (Wall. ex Lindl.) Schltr., Sarcochilus diﬀormis (Wall. ex Lindl.) Tang & F.T.Wang","Aerides diﬀormis Wall. ex Lindl. [Unknown; cites_pdf], Ornithochilus diﬀormis (Wall. ex Lindl.) Schltr. [Unknown; cites_pdf], Sarcochilus diﬀormis (Wall. ex Lindl.) Tang & F.T.Wang [Unknown; cites_pdf]",Phalaenopsis diﬀormis (Wall. ex Lindl.) Kocyan & Schuit.,,Orchidaceae,Aerides,diﬀormis,,,,,,,,,,,unambiguous_accepted,cites_pdf,"{""accepted_genus"": ""Phalaenopsis"", ""page"": 16, ""y"": 574.6}"
Phalaenopsis diﬀormis var. diﬀormis,cites_pdf,0,,,Phalaenopsis diﬀormis var. diﬀormis,,Orchidaceae,Ornithochilus,delavayi,,,,,,,,,,,unambiguous_accepted,cites_pdf,"{""accepted_genus"": ""Phalaenopsis"", ""page"": 437, ""y"": 371.4}"
"Phalaenopsis diﬀormis var. kinabaluensis (J.J.Wood, A.L.Lamb & Shim) Kocyan & Schuit.",cites_pdf,1,"Ornithochilus diﬀormis var. kinabaluensis J.J.Wood, A.L.Lamb & Shim","Ornithochilus diﬀormis var. kinabaluensis J.J.Wood, A.L.Lamb & Shim [Unknown; cites_pdf]","Phalaenopsis diﬀormis var. kinabaluensis (J.J.Wood, A.L.Lamb & Shim) Kocyan & Schuit.",,Orchidaceae,Ornithochilus,diﬀormis,,,,,,,,,,,unambiguous_accepted,cites_pdf,"{""accepted_genus"": ""Phalaenopsis"", ""page"": 437, ""y"": 419.2}"
Phalaenopsis emersonii,cites_csv,0,,,Phalaenopsis emersonii Koop & P.J.Cribb,Koop & P.J.Cribb,Orchidaceae,Phalaenopsis,emersonii,SPECIES,II,,,,,,,,China,unambiguous_accepted,cites_csv,"{""All_DistributionISOCodes"": ""CN"", ""NativeDistributionFullNames"": ""China""}"
Phalaenopsis pulcherrima var. apiculata,cites_pdf,1,Doritis pulcherrima var. apiculata,Doritis pulcherrima var. apiculata [Unknown; cites_pdf],Phalaenopsis pulcherrima var. apiculata (Aver.) O.Gruss & W.E.Higgins,(Aver.) O.Gruss & W.E.Higgins,Orchidaceae,Doritis,pulcherrima,,,,,,,,,,,unambiguous_accepted,cites_pdf,"{""accepted_genus"": ""Phalaenopsis"", ""page"": 324, ""y"": 311.6}"
Phalaenopsis pulcherrima var. marmorata,cites_pdf,1,Doritis pulcherrima var. marmorata,Doritis pulcherrima var. marmorata [Unknown; cites_pdf],Phalaenopsis pulcherrima var. marmorata (O.Gruss) O.Gruss & W.E.Higgins,(O.Gruss) O.Gruss & W.E.Higgins,Orchidaceae,Doritis,pulcherrima,,,,,,,,,,,unambiguous_accepted,cites_pdf,"{""accepted_genus"": ""Phalaenopsis"", ""page"": 324, ""y"": 490.9}"
Phalaenopsis pulcherrima var. pulcherrima,cites_pdf,18,"Doritis pulcherrima f. alba, Doritis pulcherrima f. albiﬂora, Doritis pulcherrima f. apiculata, Doritis pulcherrima f. caerulea, Doritis pulcherrima f. cinnabarina, Doritis pulcherrima f. nivea, Doritis pulcherrima f. purpurea, Doritis pulcherrima var. caerulea, Doritis pulcherrima var. laotica, Phalaenopsis esmeralda var. albiﬂora, Phalaenopsis esmeralda var. candidula, Phalaenopsis esmeralda var. punctulata, Phalaenopsis esmeralda var. rubra, Phalaenopsis pulcherrima f. alba, Phalaenopsis pulcherrima f. albiﬂora, Phalaenopsis pulcherrima f. caerulea, Phalaenopsis pulcherrima f. nivea, Phalaenopsis pulcherrima f. purpurea","Doritis pulcherrima f. alba [Unknown; cites_pdf], Doritis pulcherrima f. albiﬂora [Unknown; cites_pdf], Doritis pulcherrima f. apiculata [Unknown; cites_pdf], Doritis pulcherrima f. caerulea [Unknown; cites_pdf], Doritis pulcherrima f. cinnabarina [Unknown; cites_pdf], Doritis pulcherrima f. nivea [Unknown; cites_pdf], Doritis pulcherrima f. purpurea [Unknown; cites_pdf], Doritis pulcherrima var. caerulea [Unknown; cites_pdf], Doritis pulcherrima var. laotica [Unknown; cites_pdf], Phalaenopsis esmeralda var. albiﬂora [Unknown; cites_pdf], Phalaenopsis esmeralda var. candidula [Unknown; cites_pdf], Phalaenopsis esmeralda var. punctulata [Unknown; cites_pdf], Phalaenopsis esmeralda var. rubra [Unknown; cites_pdf], Phalaenopsis pulcherrima f. alba [Unknown; cites_pdf], Phalaenopsis pulcherrima f. albiﬂora [Unknown; cites_pdf], Phalaenopsis pulcherrima f. caerulea [Unknown; cites_pdf], Phalaenopsis pulcherrima f. nivea [Unknown; cites_pdf], Phalaenopsis pulcherrima f. purpurea [Unknown; cites_pdf]",Phalaenopsis pulcherrima var. pulcherrima,,Orchidaceae,Doritis,pulcherrima,,,,,,,,,,,unambiguous_accepted,cites_pdf,"{""accepted_genus"": ""Phalaenopsis"", ""page"": 324, ""y"": 263.8}"
Phalaenopsis pulcherrima var. regnieriana,cites_pdf,3,"Doritis pulcherrima var. regnieriana, Phalaenopsis esmeralda f. regneriana, Phalaenopsis regnieriana f. aurea","Doritis pulcherrima var. regnieriana [Unknown; cites_pdf], Phalaenopsis esmeralda f. regneriana [Unknown; cites_pdf], Phalaenopsis regnieriana f. aurea [Unknown; cites_pdf]",Phalaenopsis pulcherrima var. regnieriana (Rchb.f.) O.Gruss & W.E.Higgins,(Rchb.f.) O.Gruss & W.E.Higgins,Orchidaceae,Doritis,pulcherrima,,,,,,,,,,,unambiguous_accepted,cites_pdf,"{""accepted_genus"": ""Phalaenopsis"", ""page"": 324, ""y"": 574.6}"
Phalaenopsis sabahensis,wcvp,1,Ornithochilus sabahensis,Ornithochilus sabahensis [Homotypic; wcvp],Phalaenopsis sabahensis (R.Rice) R.Kr.Singh & Sanjeet Kumar,(R.Rice) R.Kr.Singh & Sanjeet Kumar,Orchidaceae,Phalaenopsis,sabahensis,Species,,,3317637,77350107-1,,530531,(2024),J. Biodivers. Conservation,Borneo (Sabah),unambiguous_accepted,wcvp,"{""climate_description"": ""wet tropical"", ""lifeform_description"": ""epiphyte"", ""volume_and_page"": ""8(4): 102""}"
Phalaenopsis schiller-stuartiana,cites_csv,0,,,Phalaenopsis schiller-stuartiana Rolfe,Rolfe,Orchidaceae,Phalaenopsis,schiller-stuartiana,SPECIES,II,,,,,,,,Philippines,unambiguous_accepted,cites_csv,"{""All_DistributionISOCodes"": ""PH"", ""NativeDistributionFullNames"": ""Philippines""}"
Phalaenopsis valentini,wfo,0,,,Phalaenopsis valentini Rchb.f.,Rchb.f.,Orchidaceae,Phalaenopsis,valentini,species,,,,,wfo-0001222592,,"Gard. Chron., n.s., 20: 262 (1883)",,,unambiguous_accepted,wfo,"{""majorGroup"": ""A"", ""references"": ""https://powo.science.kew.org/taxon/urn:lsid:ipni.org:names:650600-1"", ""source"": ""World Checklist of Vascular Plants. Facilitated by the Royal Botanic Gardens, Kew."", ""taxonRemarks"": ""Source in seed data: tro Update namepublishedIn from Gard. Chron. 2: 262 1883 to Gard. Chron. , n.s., 20: 262 (1883), information provided by Alan E. on email Jun. 07 2021 More details could be found in <a href=http://www.theplantlist.org/tpl1.1/record/t"", ""tplId"": ""tro-50021215"", ""wfo_nomenclatural_status"": ""Valid""}"
Phalaenopsis x,cites_pdf,8,"Phalaenopsis stuartiana var. hrubyana, Phalaenopsis sumatrana var. gersenii, Phalaenopsis sumatrana var. lilacina, Phalaenopsis violacea var. schroderi, Phalaenopsis violacea var. schroederiana, Phalaenopsis zebrina var. gersenii, Phalaenopsis zebrina var. lilacina, Polychilos x","Phalaenopsis stuartiana var. hrubyana [Unknown; cites_pdf], Phalaenopsis sumatrana var. gersenii [Unknown; cites_pdf], Phalaenopsis sumatrana var. lilacina [Unknown; cites_pdf], Phalaenopsis violacea var. schroderi [Unknown; cites_pdf], Phalaenopsis violacea var. schroederiana [Unknown; cites_pdf], Phalaenopsis zebrina var. gersenii [Unknown; cites_pdf], Phalaenopsis zebrina var. lilacina [Unknown; cites_pdf], Polychilos x [Unknown; cites_pdf]",Phalaenopsis x amphitrite Kraenzl.,amphitrite Kraenzl.,Orchidaceae,Phalaenopsis,stuartiana,,,,,,,,,,,unambiguous_accepted,cites_pdf,"{""page"": 460, ""y"": 239.9}"
Phalaenopsis zhanhuoana,wcvp,0,,,Phalaenopsis zhanhuoana X.H.Jin & Shi Y.Qin,X.H.Jin & Shi Y.Qin,Orchidaceae,Phalaenopsis,zhanhuoana,Species,,,3317323,77334958-1,,<NA>,(2024),PhytoKeys,China (Yunnan),unambiguous_accepted,wcvp,"{""climate_description"": ""subtropical"", ""lifeform_description"": ""epiphyte"", ""volume_and_page"": ""237: 156""}"
Phalaenopsis ﬁmbriata J.J.Sm.,cites_pdf,5,"Phalaenopsis ﬁmbriata f. alba O.Gruss & Roellke ex Christenson., Phalaenopsis ﬁmbriata subsp. sumatrana (J.J.Sm.) Christenson ., Phalaenopsis ﬁmbriata var. sumatrana J.J.Sm., Phalaenopsis ﬁmbriata var. tortilis O.Gruss & Roellke, Polychilos ﬁmbriata (J.J.Sm.) Shim.","Phalaenopsis ﬁmbriata f. alba O.Gruss & Roellke ex Christenson. [Unknown; cites_pdf], Phalaenopsis ﬁmbriata subsp. sumatrana (J.J.Sm.) Christenson . [Unknown; cites_pdf], Phalaenopsis ﬁmbriata var. sumatrana J.J.Sm. [Unknown; cites_pdf], Phalaenopsis ﬁmbriata var. tortilis O.Gruss & Roellke [Unknown; cites_pdf], Polychilos ﬁmbriata (J.J.Sm.) Shim. [Unknown; cites_pdf]",Phalaenopsis ﬁmbriata J.J.Sm.,,Orchidaceae,Phalaenopsis,ﬁmbriata,,,,,,,,,,,unambiguous_accepted,cites_pdf,"{""page"": 455, ""y"": 311.6}"
Phalaenopsis ﬁnleyi Christenson,cites_pdf,0,,,Phalaenopsis ﬁnleyi Christenson,,Orchidaceae,Doritis,minus,,,,,,,,,,,unambiguous_accepted,cites_pdf,"{""accepted_genus"": ""Phalaenopsis"", ""page"": 324, ""y"": 96.4}"
Phragmipedium conchiferum,wcvp,4,"Cypripedium chlorops, Cypripedium conchiferum, Selenipedium chlorops, Selenipedium conchiferum","Cypripedium chlorops [Heterotypic; wcvp], Cypripedium conchiferum [Homotypic; wcvp], Selenipedium chlorops [Heterotypic; wcvp], Selenipedium conchiferum [Heterotypic; wcvp]",Phragmipedium × conchiferum (Rchb.f.) Rolfe,(Rchb.f.) Rolfe,Orchidaceae,Phragmipedium,conchiferum,Species,,,371553,77245193-1,,53996,(1897),Orchid Rev.,,unambiguous_accepted,wcvp,"{""hybrid"": true, ""volume_and_page"": ""5: 86""}"
Phragmipedium dominianum,wcvp,3,"Cypripedium dominianum, Selenipedium clymene, Selenipedium dominianum","Cypripedium dominianum [Homotypic; wcvp], Selenipedium clymene [Heterotypic; wcvp], Selenipedium dominianum [Homotypic; wcvp]",Phragmipedium × dominianum (Rchb.f.) Rolfe,(Rchb.f.) Rolfe,Orchidaceae,Cypripedium,dominianum,Species,,,54047,625714-1,,<NA>,(1870),Gard. Chron.,,unambiguous_accepted,wcvp,"{""volume_and_page"": ""1870: 1181""}"
Phragmipedium saundersianum,wcvp,2,"Cypripedium saundersianum, Selenipedium saundersianum","Cypripedium saundersianum [Homotypic; wcvp], Selenipedium saundersianum [Homotypic; wcvp]",Phragmipedium × saundersianum (Rchb.f.) Rolfe,(Rchb.f.) Rolfe,Orchidaceae,Selenipedium,saundersianum,Species,,,190454,77246978-1,,54358,(1895),Orchid Rev.,,unambiguous_accepted,wcvp,"{""hybrid"": true, ""volume_and_page"": ""3: 79""}"
Phragmipedium sedenii,wcvp,23,"Cypripedium ainsworthii, Cypripedium albanense, Cypripedium brownii, Cypripedium calurum, Cypripedium cardinale, Cypripedium lemoinierianum, Cypripedium leucorrhodum, Cypripedium porphyreum, Cypripedium robustum, Cypripedium rubicundum, Cypripedium sedenii, Cypripedium vannerae, Cypripedium weidlichianum, Paphiopedilum sedenii, Selenipedium ainsworthii, Selenipedium albanense, Selenipedium calurum, Selenipedium cardinale, Selenipedium lemoinierianum, Selenipedium leucorrhodum, Selenipedium porphyreum, Selenipedium sedenii, Selenipedium weidlichianum","Cypripedium ainsworthii [Heterotypic; wcvp], Cypripedium albanense [Heterotypic; wcvp], Cypripedium brownii [Heterotypic; wcvp], Cypripedium calurum [Heterotypic; wcvp], Cypripedium cardinale [Heterotypic; wcvp], Cypripedium lemoinierianum [Heterotypic; wcvp], Cypripedium leucorrhodum [Heterotypic; wcvp], Cypripedium porphyreum [Heterotypic; wcvp], Cypripedium robustum [Heterotypic; wcvp], Cypripedium rubicundum [Nomenclatural; wcvp], Cypripedium sedenii [Heterotypic; wcvp], Cypripedium vannerae [Heterotypic; wcvp], Cypripedium weidlichianum [Heterotypic; wcvp], Paphiopedilum sedenii [Homotypic; wcvp], Selenipedium ainsworthii [Heterotypic; wcvp], Selenipedium albanense [Heterotypic; wcvp], Selenipedium calurum [Heterotypic; wcvp], Selenipedium cardinale [Heterotypic; wcvp], Selenipedium lemoinierianum [Heterotypic; wcvp], Selenipedium leucorrhodum [Heterotypic; wcvp], Selenipedium porphyreum [Heterotypic; wcvp], Selenipedium sedenii [Homotypic; wcvp], Selenipedium weidlichianum [Heterotypic; wcvp]",Phragmipedium × sedenii (Rchb.f.) Rolfe,(Rchb.f.) Rolfe,Orchidaceae,Paphiopedilum,sedenii,Species,,,147250,649830-1,,54365,(1888),Jahrb. Wiss. Bot.,,unambiguous_accepted,wcvp,"{""hybrid"": true, ""volume_and_page"": ""19: 144""}"
Phragmipedium stella,wcvp,1,Selenipedium stella,Selenipedium stella [Homotypic; wcvp],Phragmipedium × stella (Sander) Rolfe,(Sander) Rolfe,Orchidaceae,Selenipedium,stella,Species,,,190460,657543-1,,<NA>,(1894),Orchid Rev.,,unambiguous_accepted,wcvp,"{""hybrid"": true, ""volume_and_page"": ""2: 110""}"
Phragmipedium stenophyllum,wcvp,2,"Cypripedium stenophyllum, Selenipedium stenophyllum","Cypripedium stenophyllum [Homotypic; wcvp], Selenipedium stenophyllum [Homotypic; wcvp]",Phragmipedium × stenophyllum (Rchb.f.) Rolfe,(Rchb.f.) Rolfe,Orchidaceae,Selenipedium,stenophyllum,Species,,,54387,77246711-1,,190461,(1895),Orchid Rev.,,unambiguous_accepted,wcvp,"{""hybrid"": true, ""volume_and_page"": ""3: 79""}"
Phragmipedium tetzlaffianum,wcvp,0,,,Phragmipedium × tetzlaffianum O.Gruss,O.Gruss,Orchidaceae,Phragmipedium,tetzlaffianum,Species,,,152893,1019391-1,,<NA>,(2000),Caesiana,,unambiguous_accepted,wcvp,"{""climate_description"": ""wet tropical"", ""hybrid"": true, ""lifeform_description"": ""perennial"", ""volume_and_page"": ""15: 37""}"
Phragmipedium unicum,wcvp,0,,,Phragmipedium × unicum Rolfe,Rolfe,Orchidaceae,Phragmipedium,unicum,Species,,,371567,77244612-1,,<NA>,(1897),Orchid Rev.,,unambiguous_accepted,wcvp,"{""hybrid"": true, ""volume_and_page"": ""5: 86""}"
Phreatia lindleyana,wfo,0,,,Phreatia lindleyana (Brongn.) Benth. & Hook.f. ex B.D.Jacks.,(Brongn.) Benth. & Hook.f. ex B.D.Jacks.,Orchidaceae,Phreatia,lindleyana,species,,,,,wfo-0000270143,,"Index Kew. 2: 323, 503 (1894)",,,unambiguous_accepted,wfo,"{""majorGroup"": ""A"", ""originalNameUsageID"": ""wfo-0000252836"", ""references"": ""https://powo.science.kew.org/taxon/urn:lsid:ipni.org:names:77164114-1"", ""source"": ""World Checklist of Vascular Plants. Facilitated by the Royal Botanic Gardens, Kew."", ""taxonRemarks"": ""Source in seed data: wcs Update namepublishedIn from Index Kew. 2: 503 1894 to Index Kew. 2: 323, 503 (1894), information provided by Alan E. on email Jun. 07 2021 More details could be found in <a href=http://www.theplantlist.org/tpl1.1/record/kew-15302"", ""tplId"": ""kew-153023"", ""wfo_nomenclatural_status"": ""Valid""}"
Phreatia microscopica,wcvp,1,Sarcochilus microscopicus,Sarcochilus microscopicus [Homotypic; wcvp],Phreatia microscopica (Kraenzl.) Ormerod & Juswara,(Kraenzl.) Ormerod & Juswara,Orchidaceae,Sarcochilus,microscopicus,Species,,,185047,656606-1,,<NA>,(1893),Bot. Jahrb. Syst.,Sumatera,unambiguous_accepted,wcvp,"{""volume_and_page"": ""17: 487""}"
Phreatia plantaginifolium,wfo,0,,,Phreatia plantaginifolium (J.Koenig) Ormerod,(J.Koenig) Ormerod,Orchidaceae,Phreatia,plantaginifolium,species,,,,,wfo-0001033041,,Opera Bot. 124: 22 (1995),,,unambiguous_accepted,wfo,"{""majorGroup"": ""A"", ""originalNameUsageID"": ""wfo-0000951062"", ""references"": ""https://powo.science.kew.org/taxon/urn:lsid:ipni.org:names:983173-1"", ""source"": ""World Checklist of Vascular Plants. Facilitated by the Royal Botanic Gardens, Kew."", ""taxonRemarks"": ""Source in seed data: tro Update namepublishedIn from Opera Bot. 124: 22 1995 to Opera Bot. 124: 22 (1995), information provided by Alan E. on email Jun. 07 2021 More details could be found in <a href=http://www.theplantlist.org/tpl1.1/record/tro-10000075"", ""tplId"": ""tro-100000756"", ""wfo_nomenclatural_status"": ""Valid""}"
Pinalia aﬃnis (Griﬀ.) Ormerod,cites_pdf,1,Trias aﬃnis (Griﬀ.) Mason,Trias aﬃnis (Griﬀ.) Mason [Unknown; cites_pdf],Pinalia aﬃnis (Griﬀ.) Ormerod,,Orchidaceae,Trias,aﬃnis,,,,,,,,,,,unambiguous_accepted,cites_pdf,"{""accepted_genus"": ""Pinalia"", ""page"": 502, ""y"": 610.5}"
Pinalia campanulata,wcvp,0,,,Pinalia campanulata A.Saavedra & Pitogo,A.Saavedra & Pitogo,Orchidaceae,Pinalia,campanulata,Species,,,3307393,77331525-1,,<NA>,(2023),Phytotaxa,Philippines (Mindanao),unambiguous_accepted,wcvp,"{""climate_description"": ""wet tropical"", ""lifeform_description"": ""pseudobulbous epiphyte"", ""volume_and_page"": ""626: 95""}"
Pinalia puberula,wcvp,0,,,Pinalia puberula (Ridl.) Ormerod & Juswara,(Ridl.) Ormerod & Juswara,Orchidaceae,Pinalia,oligotricha,Species,,,521880,77154222-1,,71373,(2016),Taiwania,Sulawesi to Solomon Is.,unambiguous_accepted,wcvp,"{""climate_description"": ""wet tropical"", ""lifeform_description"": ""epiphyte"", ""volume_and_page"": ""61: 25""}"
Pinalia ﬂoribunda (Lindl.) Kuntze,cites_pdf,1,Trias ﬂoribunda (Lindl.) Mason,Trias ﬂoribunda (Lindl.) Mason [Unknown; cites_pdf],Pinalia ﬂoribunda (Lindl.) Kuntze,,Orchidaceae,Trias,ﬂoribunda,,,,,,,,,,,unambiguous_accepted,cites_pdf,"{""accepted_genus"": ""Pinalia"", ""page"": 503, ""y"": 156.2}"
Platanthera alboflora,wcvp,0,,,Platanthera alboflora S.S.Ying,S.S.Ying,Orchidaceae,Platanthera,alboflora,Species,,,3307835,77331969-1,,<NA>,(2023),New Taxa New Names,Taiwan,unambiguous_accepted,wcvp,"{""climate_description"": ""temperate"", ""volume_and_page"": ""6: 509""}"
Platanthera dambungensis,wcvp,0,,,Platanthera dambungensis K.Prasad,K.Prasad,Orchidaceae,Platanthera,dambungensis,Species,,,3308025,77328642-1,,<NA>,(2023),Rheedea,Sikkim,unambiguous_accepted,wcvp,"{""climate_description"": ""temperate"", ""lifeform_description"": ""perennial"", ""volume_and_page"": ""33: 35""}"
Platanthera deergongensis,wcvp,0,,,"Platanthera deergongensis X.H.Jin, Jian W.Li & D.L.Lin","X.H.Jin, Jian W.Li & D.L.Lin",Orchidaceae,Platanthera,deergongensis,Species,,,3318072,77341022-1,,<NA>,(2024),Phytotaxa,Tibet,unambiguous_accepted,wcvp,"{""climate_description"": ""temperate"", ""lifeform_description"": ""tuberous geophyte"", ""volume_and_page"": ""646: 206""}"
Platanthera evansiana,wcvp,1,Limnorchis evansiana,Limnorchis evansiana [Nomenclatural; wcvp],Platanthera × evansiana P.M.Br.,P.M.Br.,Orchidaceae,Limnorchis,evansiana,Species,,,458199,60453128-2,,459197,(2009),N. Amer. Native Orchid J.,,unambiguous_accepted,wcvp,"{""hybrid"": true, ""nomenclatural_remarks"": "", basionym not validly publ."", ""volume_and_page"": ""15: 79""}"
Platanthera florentia,wfo,0,,,Platanthera florentia Franch. & Sav.,Franch. & Sav.,Orchidaceae,Platanthera,florentia,species,,,,,wfo-0000274450,,Enum. Pl. Jap. 2: 514 (1878),,,unambiguous_accepted,wfo,"{""majorGroup"": ""A"", ""references"": ""https://powo.science.kew.org/taxon/urn:lsid:ipni.org:names:651740-1"", ""source"": ""World Checklist of Vascular Plants. Facilitated by the Royal Botanic Gardens, Kew."", ""taxonRemarks"": ""Source in seed data: wcs Update namepublishedIn from Enum. Pl. Jap. 2: 514. 1878 [prob. Apr 1878] to Enum. Pl. Jap. 2: 514 (1878), information provided by Alan E. on email Jun. 07 2021 More details could be found in <a href=http://www.theplantlist.org/tp"", ""tplId"": ""kew-157142"", ""wfo_nomenclatural_status"": ""Valid""}"
Platanthera folsomii,wcvp,1,Limnorchis folsomii,Limnorchis folsomii [Nomenclatural; wcvp],Platanthera × folsomii P.M.Br.,P.M.Br.,Orchidaceae,Limnorchis,folsomii,Species,,,458200,60453129-2,,459198,(2009),N. Amer. Native Orchid J.,,unambiguous_accepted,wcvp,"{""hybrid"": true, ""nomenclatural_remarks"": "", basionym not validly publ."", ""volume_and_page"": ""15: 79""}"
Platanthera ghiesbreghtiana,wcvp,1,Habenaria ghiesbreghtiana,Habenaria ghiesbreghtiana [Homotypic; wcvp],Platanthera ghiesbreghtiana A.Rich. & Galeotti,A.Rich. & Galeotti,Orchidaceae,Habenaria,ghiesbreghtiana,Species,,,94692,637302-1,,157152,(1884),"Biol. Centr.-Amer., Bot.",,unambiguous_accepted,wcvp,"{""volume_and_page"": ""3: 305""}"
Platanthera keenanii,wcvp,2,"Blephariglottis keenanii, Fimbriella keenanii","Blephariglottis keenanii [Nomenclatural; wcvp], Fimbriella keenanii [Nomenclatural; wcvp]",Platanthera × keenanii P.M.Br.,P.M.Br.,Orchidaceae,Fimbriella,keenanii,Species,,,457590,77103264-1,,157216,(2008 publ. 2009),Novosti Sist. Vyssh. Rast.,,unambiguous_accepted,wcvp,"{""hybrid"": true, ""nomenclatural_remarks"": "", basionym not validly publ."", ""volume_and_page"": ""40: 49""}"
Platanthera kelleyi,wcvp,1,Limnorchis kelleyi,Limnorchis kelleyi [Nomenclatural; wcvp],Platanthera × kelleyi P.M.Br.,P.M.Br.,Orchidaceae,Limnorchis,kelleyi,Species,,,458203,60453130-2,,459199,(2009),N. Amer. Native Orchid J.,,unambiguous_accepted,wcvp,"{""hybrid"": true, ""nomenclatural_remarks"": "", basionym not validly publ."", ""volume_and_page"": ""15: 79""}"
Platanthera lachungensis,wcvp,0,,,Platanthera lachungensis K.Prasad,K.Prasad,Orchidaceae,Platanthera,lachungensis,Species,,,3308056,77328662-1,,<NA>,(2023),Rheedea,Sikkim,unambiguous_accepted,wcvp,"{""climate_description"": ""temperate"", ""lifeform_description"": ""perennial"", ""volume_and_page"": ""33: 38""}"
Platanthera linzhiensis,wcvp,0,,,"Platanthera linzhiensis X.H.Jin, Jian W.Li & D.L.Lin","X.H.Jin, Jian W.Li & D.L.Lin",Orchidaceae,Platanthera,linzhiensis,Species,,,3318065,77341021-1,,<NA>,(2024),Phytotaxa,Tibet,unambiguous_accepted,wcvp,"{""climate_description"": ""temperate"", ""lifeform_description"": ""tuberous geophyte"", ""volume_and_page"": ""646: 204""}"
Platanthera medogensis,wcvp,0,,,Platanthera medogensis X.H.Jin & D.L.Lin,X.H.Jin & D.L.Lin,Orchidaceae,Platanthera,medogensis,Species,,,3317126,77341015-1,,<NA>,(2024),Phytotaxa,Tibet,unambiguous_accepted,wcvp,"{""climate_description"": ""temperate"", ""lifeform_description"": ""tuberous geophyte"", ""volume_and_page"": ""646: 117""}"
Platanthera ophryo-tipuloides,wfo,0,,,Platanthera × ophryo-tipuloides K.Inoue,K.Inoue,Orchidaceae,Platanthera,ophryo-tipuloides,species,,,,,wfo-0000274631,,J. Jap. Bot. 58: 191 (1983),,,unambiguous_accepted,wfo,"{""majorGroup"": ""A"", ""references"": ""https://powo.science.kew.org/taxon/urn:lsid:ipni.org:names:902783-1"", ""source"": ""World Checklist of Vascular Plants. Facilitated by the Royal Botanic Gardens, Kew."", ""taxonRemarks"": ""Source in seed data: wcs Update namepublishedIn from J. Jap. Bot. 58(6): 191 (1983). to J. Jap. Bot. 58: 191 (1983), information provided by Alan E. on email Jun. 07 2021 More details could be found in <a href=http://www.theplantlist.org/tpl1.1/record/ke"", ""tplId"": ""kew-157310"", ""wfo_nomenclatural_status"": ""Valid""}"
Platanthera ophryotipuloides,wcvp,0,,,Platanthera × ophryotipuloides K.Inoue,K.Inoue,Orchidaceae,Platanthera,ophryotipuloides,Species,,,157310,902783-1,,<NA>,(1983),J. Jap. Bot.,N. & C. Japan,unambiguous_accepted,wcvp,"{""climate_description"": ""temperate"", ""hybrid"": true, ""lifeform_description"": ""perennial or tuberous geophyte"", ""volume_and_page"": ""58: 191""}"
Platanthera peichiatieniana,wfo,0,,,Platanthera peichiatieniana S.S.Ying,S.S.Ying,Orchidaceae,Platanthera,peichiatieniana,species,,,,,wfo-0000274651,,Coloured Ill. Indig. Orchids Taiwan 2: 691 (1987),,,unambiguous_accepted,wfo,"{""majorGroup"": ""A"", ""references"": ""https://powo.science.kew.org/taxon/urn:lsid:ipni.org:names:933901-1"", ""source"": ""World Checklist of Vascular Plants. Facilitated by the Royal Botanic Gardens, Kew."", ""taxonRemarks"": ""Source in seed data: wcs Update namepublishedIn from Coloured Illustr. Fl. Taiwan 2: 691 (1987). [Feb 1987] to Coloured Ill. Indig. Orchids Taiwan 2: 691 (1987), information provided by Alan E. on email Jun. 07 2021 More details could be found in <a href"", ""tplId"": ""kew-157329"", ""wfo_nomenclatural_status"": ""Valid""}"
Platanthera rhinehartii,wcvp,0,,,Platanthera × rhinehartii C.Wilson ex P.M.Br.,C.Wilson ex P.M.Br.,Orchidaceae,Platanthera,rhinehartii,Species,,,3321297,<NA>,,<NA>,(2020),McAllen Int. Orchid Soc. J.,SE. U.S.A.,unambiguous_accepted,wcvp,"{""climate_description"": ""temperate"", ""hybrid"": true, ""lifeform_description"": ""tuberous geophyte"", ""volume_and_page"": ""21(2): 22""}"
Platanthera smithii,wcvp,1,Limnorchis smithii,Limnorchis smithii [Nomenclatural; wcvp],Platanthera × smithii P.M.Br.,P.M.Br.,Orchidaceae,Limnorchis,smithii,Species,,,458209,60453133-2,,459203,(2009),N. Amer. Native Orchid J.,,unambiguous_accepted,wcvp,"{""hybrid"": true, ""nomenclatural_remarks"": "", basionym not validly publ."", ""volume_and_page"": ""15: 79""}"
Platanthera sonoharai,wfo,0,,,Platanthera sonoharai Masam.,Masam.,Orchidaceae,Platanthera,sonoharai,species,,,,,wfo-0000274705,,"Sci. Rep. Kanazawa Univ., Biol. 9(1): 12 (1964)",,,unambiguous_accepted,wfo,"{""majorGroup"": ""A"", ""references"": ""https://powo.science.kew.org/taxon/urn:lsid:ipni.org:names:651906-1"", ""source"": ""World Checklist of Vascular Plants. Facilitated by the Royal Botanic Gardens, Kew."", ""taxonRemarks"": ""Source in seed data: wcs Update namepublishedIn from in Sci. Rep. Kanazawa Univ. ix. No. 1 (Enum. Tracheopkyt. Ryukyu Ins. x.) 12:(1964). to Sci. Rep. Kanazawa Univ., Biol. 9(1): 12 (1964), information provided by Alan E. on email Jun. 07 2021 More detai"", ""tplId"": ""kew-157379"", ""wfo_nomenclatural_status"": ""Valid""}"
Platanthera wulinensis,wcvp,0,,,Platanthera wulinensis S.S.Ying,S.S.Ying,Orchidaceae,Platanthera,wulinensis,Species,,,3317809,77352264-1,,<NA>,(2024),New Taxa New Names,Taiwan,unambiguous_accepted,wcvp,"{""climate_description"": ""temperate"", ""lifeform_description"": ""tuberous geophyte"", ""volume_and_page"": ""7: 540""}"
Platystele shanti,wcvp,0,,,Platystele shanti Karremans,Karremans,Orchidaceae,Platystele,shanti,Species,,,3317455,77352242-1,,<NA>,(2024),Phytotaxa,Costa Rica,unambiguous_accepted,wcvp,"{""climate_description"": ""wet tropical"", ""lifeform_description"": ""epiphyte"", ""volume_and_page"": ""672: 216""}"
Pleione grandiﬂora (Rolfe) Rolfe,cites_pdf,1,Coelogyne grandiﬂora Rolfe,Coelogyne grandiﬂora Rolfe [Unknown; cites_pdf],Pleione grandiﬂora (Rolfe) Rolfe,,Orchidaceae,Coelogyne,grandiﬂora,,,,,,,,,,,unambiguous_accepted,cites_pdf,"{""accepted_genus"": ""Pleione"", ""page"": 207, ""y"": 180.1}"
Pleione xiushanensis,wcvp,0,,,"Pleione xiushanensis H.P.Deng, Yu Bing Yang & Qi Qin","H.P.Deng, Yu Bing Yang & Qi Qin",Orchidaceae,Pleione,xiushanensis,Species,,,3308009,77324805-1,,<NA>,(2023),Phytotaxa,China (Chongqing),unambiguous_accepted,wcvp,"{""climate_description"": ""temperate"", ""volume_and_page"": ""606: 215""}"
Pleurothallis acinaciformis,wcvp,0,,,Pleurothallis acinaciformis Mark Wilson & B.T.Larsen,Mark Wilson & B.T.Larsen,Orchidaceae,Pleurothallis,acinaciformis,Species,,,3317876,77344734-1,,<NA>,(2019),Orquideologia,Colombia,unambiguous_accepted,wcvp,"{""climate_description"": ""wet tropical"", ""lifeform_description"": ""epiphyte"", ""volume_and_page"": ""36: 115, 124""}"
Pleurothallis andreaskayi,wcvp,0,,,Pleurothallis andreaskayi Mark Wilson & B.T.Larsen,Mark Wilson & B.T.Larsen,Orchidaceae,Pleurothallis,andreaskayi,Species,,,3307232,77322755-1,,<NA>,(2022),Harvard Pap. Bot.,Ecuador,unambiguous_accepted,wcvp,"{""climate_description"": ""wet tropical"", ""lifeform_description"": ""epiphyte"", ""volume_and_page"": ""27: 196""}"
Pleurothallis arianadayanae,wfo,0,,,"Pleurothallis arianadayanae Vélez-Abarca, M.M.Jiménez & D.Gut.del Pozo","Vélez-Abarca, M.M.Jiménez & D.Gut.del Pozo",Orchidaceae,Pleurothallis,arianadayanae,species,,,,,wfo-1000040808,,Lankesteriana 22(2): 102. 2022,,,unambiguous_accepted,wfo,"{""majorGroup"": ""A"", ""references"": ""https://powo.science.kew.org/taxon/urn:lsid:ipni.org:names:77305597-1"", ""source"": ""World Checklist of Vascular Plants. Facilitated by the Royal Botanic Gardens, Kew."", ""wfo_nomenclatural_status"": ""Valid""}"
Pleurothallis asteria,wcvp,0,,,Pleurothallis asteria K.W.Holcomb,K.W.Holcomb,Orchidaceae,Pleurothallis,asteria,Species,,,3307910,77330014-1,,<NA>,(2023),Pleurothallidinae,Colombia,unambiguous_accepted,wcvp,"{""climate_description"": ""wet tropical"", ""volume_and_page"": ""2(10): 1""}"
Pleurothallis austinrumleyi,wcvp,0,,,Pleurothallis austinrumleyi K.W.Holcomb,K.W.Holcomb,Orchidaceae,Pleurothallis,austinrumleyi,Species,,,3317847,77346470-1,,<NA>,(2024),Pleurothallidinae,Colombia,unambiguous_accepted,wcvp,"{""climate_description"": ""wet tropical"", ""lifeform_description"": ""epiphyte"", ""volume_and_page"": ""3(5): 1""}"
Pleurothallis brachyloba,wfo,0,,,Pleurothallis brachyloba Hoehne,Hoehne,Orchidaceae,Pleurothallis,brachyloba,species,,,,,wfo-0001089028,,Not listed in IK.,,,unambiguous_accepted,wfo,"{""majorGroup"": ""A"", ""source"": ""World Checklist of Vascular Plants. Facilitated by the Royal Botanic Gardens, Kew."", ""taxonRemarks"": ""Source in seed data: tro More details could be found in <a href=http://www.theplantlist.org/tpl1.1/record/tro-23523656 >The Plant List v.1.1.</a> Originally in <a href=http://www.theplantlist.org/tpl/record/tro-23523656 >The Plant List v.1.0</a>"", ""tplId"": ""tro-23523656"", ""wfo_nomenclatural_status"": ""Valid""}"
Pleurothallis brinkmaniana,wcvp,0,,,Pleurothallis brinkmaniana K.W.Holcomb,K.W.Holcomb,Orchidaceae,Pleurothallis,brinkmaniana,Species,,,3317548,77338763-1,,<NA>,(2024),Pleurothallidinae,Colombia,unambiguous_accepted,wcvp,"{""climate_description"": ""wet tropical"", ""lifeform_description"": ""epiphyte"", ""volume_and_page"": ""3(3): 1""}"
Pleurothallis carmensotoana,wcvp,0,,,Pleurothallis carmensotoana Mark Wilson & B.T.Larsen,Mark Wilson & B.T.Larsen,Orchidaceae,Pleurothallis,carmensotoana,Species,,,3307369,77322757-1,,<NA>,(2022),Harvard Pap. Bot.,Ecuador,unambiguous_accepted,wcvp,"{""climate_description"": ""wet tropical"", ""lifeform_description"": ""epiphyte"", ""volume_and_page"": ""27: 201""}"
Pleurothallis carpishensis,wcvp,0,,,"Pleurothallis carpishensis Ocupa, M.M.Jiménez & Mark Wilson","Ocupa, M.M.Jiménez & Mark Wilson",Orchidaceae,Pleurothallis,carpishensis,Species,,,3307690,77332386-1,,<NA>,(2023),Phytotaxa,Peru,unambiguous_accepted,wcvp,"{""climate_description"": ""wet tropical"", ""lifeform_description"": ""epiphyte"", ""volume_and_page"": ""629: 165""}"
Pleurothallis celsia,wcvp,0,,,Pleurothallis celsia Gal.-Tar. & J.S.Moreno,Gal.-Tar. & J.S.Moreno,Orchidaceae,Pleurothallis,celsia,Species,,,3308020,77332607-1,,<NA>,(2023),Lankesteriana,Colombia,unambiguous_accepted,wcvp,"{""climate_description"": ""wet tropical"", ""lifeform_description"": ""epiphyte"", ""volume_and_page"": ""23(2): 402""}"
Pleurothallis cop-biodiversitatis,wcvp,0,,,Pleurothallis cop-biodiversitatis Sierra-Ariza,Sierra-Ariza,Orchidaceae,Pleurothallis,cop-biodiversitatis,Species,,,3317130,77352949-1,,<NA>,(2024),Lankesteriana,Colombia,unambiguous_accepted,wcvp,"{""climate_description"": ""wet tropical"", ""lifeform_description"": ""epiphyte"", ""volume_and_page"": ""24: 260""}"
Pleurothallis cottenii,wcvp,0,,,Pleurothallis cottenii K.W.Holcomb,K.W.Holcomb,Orchidaceae,Pleurothallis,cottenii,Species,,,3307627,77313904-1,,<NA>,(2023),Pleurothallidinae,Ecuador,unambiguous_accepted,wcvp,"{""climate_description"": ""wet tropical"", ""lifeform_description"": ""epiphyte"", ""volume_and_page"": ""2(3): 1""}"
Pleurothallis deuterodriessenii,wcvp,0,,,Pleurothallis deuterodriessenii J.M.H.Shaw,J.M.H.Shaw,Orchidaceae,Pleurothallis,deuterodriessenii,Species,,,526260,77165769-1,,494112,(2017),Orchid Rev.,Panama,unambiguous_accepted,wcvp,"{""climate_description"": ""wet tropical"", ""lifeform_description"": ""epiphyte"", ""volume_and_page"": ""125(1319, Suppl.): 59""}"
Pleurothallis elliottii,wcvp,0,,,Pleurothallis elliottii K.W.Holcomb,K.W.Holcomb,Orchidaceae,Pleurothallis,elliottii,Species,,,3317533,77351466-1,,<NA>,(2024),Pleurothallidinae,Ecuador,unambiguous_accepted,wcvp,"{""climate_description"": ""wet tropical"", ""lifeform_description"": ""epiphyte"", ""volume_and_page"": ""3(6): 1""}"
Pleurothallis equipedites,wcvp,0,,,Pleurothallis equipedites K.W.Holcomb,K.W.Holcomb,Orchidaceae,Pleurothallis,equipedites,Species,,,3308046,77319258-1,,<NA>,(2023),Pleurothallidinae,Ecuador,unambiguous_accepted,wcvp,"{""climate_description"": ""wet tropical"", ""lifeform_description"": ""epiphyte"", ""volume_and_page"": ""2(6): 1""}"
Pleurothallis falcata,wcvp,0,,,Pleurothallis falcata N.Gut. & Gil-Amaya,N.Gut. & Gil-Amaya,Orchidaceae,Pleurothallis,falcata,Species,,,3317871,77344728-1,,<NA>,(2024),Lankesteriana,Colombia,unambiguous_accepted,wcvp,"{""climate_description"": ""wet tropical"", ""lifeform_description"": ""epiphyte"", ""volume_and_page"": ""24: 55""}"
Pleurothallis franciana,wcvp,0,,,Pleurothallis franciana Sierra-Ariza,Sierra-Ariza,Orchidaceae,Pleurothallis,franciana,Species,,,3307412,77326818-1,,<NA>,(2023),Lankesteriana,Colombia,unambiguous_accepted,wcvp,"{""climate_description"": ""wet tropical"", ""lifeform_description"": ""epiphyte"", ""volume_and_page"": ""23(1): 36""}"
Pleurothallis gacayana,wfo,0,,,Pleurothallis gacayana Schltr.,Schltr.,Orchidaceae,Pleurothallis,gacayana,species,,,,,wfo-0001088481,,Repert. Spec. Nov. Regni Veg. 21(601–605): 335–336 1925,,,unambiguous_accepted,wfo,"{""majorGroup"": ""A"", ""source"": ""World Checklist of Vascular Plants. Facilitated by the Royal Botanic Gardens, Kew."", ""taxonRemarks"": ""Source in seed data: tro More details could be found in <a href=http://www.theplantlist.org/tpl1.1/record/tro-23512887 >The Plant List v.1.1.</a> Originally in <a href=http://www.theplantlist.org/tpl/record/tro-23512887 >The Plant List v.1.0</a>"", ""tplId"": ""tro-23512887"", ""wfo_nomenclatural_status"": ""Valid""}"
Pleurothallis gonzaloi,wcvp,0,,,"Pleurothallis gonzaloi J.S.Moreno, Rinc.-González & Gal.-Tar.","J.S.Moreno, Rinc.-González & Gal.-Tar.",Orchidaceae,Pleurothallis,gonzaloi,Species,,,3307346,77322759-1,,<NA>,(2022),Harvard Pap. Bot.,Colombia,unambiguous_accepted,wcvp,"{""climate_description"": ""wet tropical"", ""lifeform_description"": ""epiphyte"", ""volume_and_page"": ""27: 210""}"
Pleurothallis gymnastica,wcvp,0,,,Pleurothallis gymnastica K.W.Holcomb,K.W.Holcomb,Orchidaceae,Pleurothallis,gymnastica,Species,,,3307531,77322515-1,,<NA>,(2023),Pleurothallidinae,Ecuador,unambiguous_accepted,wcvp,"{""climate_description"": ""wet tropical"", ""lifeform_description"": ""epiphyte"", ""volume_and_page"": ""2(8): 1""}"
Pleurothallis inaudita,wcvp,0,,,Pleurothallis inaudita Zambrano & Solano,Zambrano & Solano,Orchidaceae,Pleurothallis,inaudita,Species,,,3307993,77328802-1,,<NA>,(2023),Phytotaxa,SW. Ecuador,unambiguous_accepted,wcvp,"{""climate_description"": ""wet tropical"", ""lifeform_description"": ""epiphyte"", ""volume_and_page"": ""620: 74""}"
Pleurothallis jennydandreae,wcvp,0,,,Pleurothallis jennydandreae K.W.Holcomb,K.W.Holcomb,Orchidaceae,Pleurothallis,jennydandreae,Species,,,3317260,77334748-1,,<NA>,(2024),Pleurothallidinae,Colombia,unambiguous_accepted,wcvp,"{""climate_description"": ""wet tropical"", ""lifeform_description"": ""epiphyte"", ""volume_and_page"": ""3(2): 1""}"
Pleurothallis josefinae,wcvp,0,,,Pleurothallis josefinae K.W.Holcomb,K.W.Holcomb,Orchidaceae,Pleurothallis,josefinae,Species,,,3317708,77345870-1,,<NA>,(2024),Pleurothallidinae,Ecuador,unambiguous_accepted,wcvp,"{""climate_description"": ""wet tropical"", ""lifeform_description"": ""epiphyte"", ""volume_and_page"": ""3(4): 1""}"
Pleurothallis kashi-menkakarai,wcvp,0,,,"Pleurothallis kashi-menkakarai Mashendo-Jimb., Vélez-Abarca & M.M.Jiménez","Mashendo-Jimb., Vélez-Abarca & M.M.Jiménez",Orchidaceae,Pleurothallis,kashi-menkakarai,Species,,,3308048,77325129-1,,<NA>,(2023),Phytotaxa,Ecuador,unambiguous_accepted,wcvp,"{""climate_description"": ""wet tropical"", ""lifeform_description"": ""epiphyte"", ""volume_and_page"": ""607: 162""}"
Pleurothallis lapoi,wcvp,0,,,Pleurothallis lapoi M.M.Jiménez & Vélez-Abarca,M.M.Jiménez & Vélez-Abarca,Orchidaceae,Pleurothallis,lapoi,Species,,,3308049,77325131-1,,<NA>,(2023),Phytotaxa,Ecuador,unambiguous_accepted,wcvp,"{""climate_description"": ""wet tropical"", ""lifeform_description"": ""epiphyte"", ""volume_and_page"": ""607: 166""}"
Pleurothallis mahechae,wcvp,0,,,"Pleurothallis mahechae J.S.Moreno, Sierra-Ariza & L.Pina","J.S.Moreno, Sierra-Ariza & L.Pina",Orchidaceae,Pleurothallis,mahechae,Species,,,3307345,77322760-1,,<NA>,(2022),Harvard Pap. Bot.,Colombia,unambiguous_accepted,wcvp,"{""climate_description"": ""wet tropical"", ""lifeform_description"": ""epiphyte"", ""volume_and_page"": ""27: 213""}"
Pleurothallis marioandresavilae,wcvp,0,,,Pleurothallis marioandresavilae Vélez-Abarca & M.M.Jiménez,Vélez-Abarca & M.M.Jiménez,Orchidaceae,Pleurothallis,marioandresavilae,Species,,,3308050,77325132-1,,<NA>,(2023),Phytotaxa,Ecuador,unambiguous_accepted,wcvp,"{""climate_description"": ""wet tropical"", ""lifeform_description"": ""epiphyte"", ""volume_and_page"": ""607: 168""}"
Pleurothallis mark-wilsonii,wcvp,0,,,"Pleurothallis mark-wilsonii J.S.Moreno, Gal.-Tar. & Sierra-Ariza","J.S.Moreno, Gal.-Tar. & Sierra-Ariza",Orchidaceae,Pleurothallis,mark-wilsonii,Species,,,3294380,77307232-1,,<NA>,(2022),Phytotaxa,Colombia,unambiguous_accepted,wcvp,"{""climate_description"": ""wet tropical"", ""lifeform_description"": ""epiphyte"", ""volume_and_page"": ""568: 285""}"
Pleurothallis markgruinii,wcvp,0,,,Pleurothallis markgruinii Baquero & Monteros,Baquero & Monteros,Orchidaceae,Pleurothallis,markgruinii,Species,,,3317615,77352417-1,,<NA>,(2024),Edinburgh J. Bot.,Ecuador,unambiguous_accepted,wcvp,"{""climate_description"": ""wet tropical"", ""lifeform_description"": ""epiphyte"", ""volume_and_page"": ""81-2032: 6""}"
Pleurothallis markwilsonii,wfo,0,,,"Pleurothallis markwilsonii J.S.Moreno, Gal.-Tar. & Sierra-Ariza","J.S.Moreno, Gal.-Tar. & Sierra-Ariza",Orchidaceae,Pleurothallis,markwilsonii,species,,,,,wfo-1000041067,,Phytotaxa 568(3): 285. 2022,,,unambiguous_accepted,wfo,"{""majorGroup"": ""A"", ""references"": ""https://powo.science.kew.org/taxon/urn:lsid:ipni.org:names:77307232-1"", ""source"": ""World Checklist of Vascular Plants. Facilitated by the Royal Botanic Gardens, Kew."", ""wfo_nomenclatural_status"": ""Valid""}"
Pleurothallis mundiflorae,wcvp,0,,,Pleurothallis mundiflorae K.W.Holcomb,K.W.Holcomb,Orchidaceae,Pleurothallis,mundiflorae,Species,,,3307453,77312166-1,,<NA>,(2023),Pleurothallidinae,Ecuador,unambiguous_accepted,wcvp,"{""climate_description"": ""wet tropical"", ""lifeform_description"": ""epiphyte"", ""volume_and_page"": ""2(1): 1""}"
Pleurothallis perfusa,wcvp,0,,,Pleurothallis perfusa K.W.Holcomb,K.W.Holcomb,Orchidaceae,Pleurothallis,perfusa,Species,,,3307875,77323774-1,,<NA>,(2023),Pleurothallidinae,Colombia,unambiguous_accepted,wcvp,"{""climate_description"": ""wet tropical"", ""lifeform_description"": ""epiphyte"", ""volume_and_page"": ""2(9): 1""}"
Pleurothallis petroana,wcvp,0,,,Pleurothallis petroana Sierra-Ariza,Sierra-Ariza,Orchidaceae,Pleurothallis,petroana,Species,,,3307403,77326819-1,,<NA>,(2023),Lankesteriana,Colombia,unambiguous_accepted,wcvp,"{""climate_description"": ""wet tropical"", ""lifeform_description"": ""epiphyte"", ""volume_and_page"": ""23(1): 39""}"
Pleurothallis pugio,wcvp,0,,,Pleurothallis pugio Karremans & J.E.Jiménez,Karremans & J.E.Jiménez,Orchidaceae,Pleurothallis,pugio,Species,,,3307931,77320932-1,,<NA>,(2023),Phytotaxa,Costa Rica,unambiguous_accepted,wcvp,"{""climate_description"": ""wet tropical"", ""lifeform_description"": ""epiphyte"", ""volume_and_page"": ""599: 152""}"
Pleurothallis quitu-cara,wcvp,0,,,Pleurothallis quitu-cara M.Carrera & Baquero,M.Carrera & Baquero,Orchidaceae,Pleurothallis,quitu-cara,Species,,,531075,77190857-1,,<NA>,(2018),Lankesteriana,Ecuador,unambiguous_accepted,wcvp,"{""climate_description"": ""wet tropical"", ""lifeform_description"": ""epiphyte"", ""volume_and_page"": ""18: 87""}"
Pleurothallis quitucara,wfo,0,,,Pleurothallis quitucara M.Carrera & Baquero,M.Carrera & Baquero,Orchidaceae,Pleurothallis,quitucara,species,,,,,wfo-1000006405,,Lankesteriana 18: 87 (2018),,,unambiguous_accepted,wfo,"{""majorGroup"": ""A"", ""references"": ""https://powo.science.kew.org/taxon/urn:lsid:ipni.org:names:77190857-1"", ""source"": ""World Checklist of Vascular Plants. Facilitated by the Royal Botanic Gardens, Kew."", ""wfo_nomenclatural_status"": ""Valid""}"
Pleurothallis rikseniana,wcvp,0,,,Pleurothallis rikseniana Mark Wilson & B.T.Larsen,Mark Wilson & B.T.Larsen,Orchidaceae,Pleurothallis,rikseniana,Species,,,3307294,77322758-1,,<NA>,(2022),Harvard Pap. Bot.,Ecuador,unambiguous_accepted,wcvp,"{""climate_description"": ""wet tropical"", ""lifeform_description"": ""epiphyte"", ""volume_and_page"": ""27: 208""}"
Pleurothallis sabanillae,wcvp,0,,,Pleurothallis sabanillae M.M.Jiménez & Vélez-Abarca,M.M.Jiménez & Vélez-Abarca,Orchidaceae,Pleurothallis,sabanillae,Species,,,3308051,77325133-1,,<NA>,(2023),Phytotaxa,Ecuador,unambiguous_accepted,wcvp,"{""climate_description"": ""wet tropical"", ""lifeform_description"": ""epiphyte"", ""volume_and_page"": ""607: 171""}"
Pleurothallis scaberula,wfo,0,,,Pleurothallis scaberula Rolfe,Rolfe,Orchidaceae,Pleurothallis,scaberula,species,,,,,wfo-0000278403,,Mem. Torrey Bot. Club iv. 2 (1895) 260.,,,unambiguous_accepted,wfo,"{""majorGroup"": ""A"", ""source"": ""World Checklist of Vascular Plants. Facilitated by the Royal Botanic Gardens, Kew."", ""taxonRemarks"": ""Source in seed data: wcs Updated namePublishedIn from Mem. Torrey Bot. Club 4(2): 260 1895 to Mem. Torrey Bot. Club iv. 2 (1895) 260. , according to IPNI. Information provided by Alan E. on email Jul. 15 2020. More details could be found in <a href=http:"", ""tplId"": ""kew-160906"", ""wfo_nomenclatural_status"": ""Valid""}"
Pleurothallis serrulapetala,wfo,0,,,Pleurothallis serrulapetala Barb.Rodr.,Barb.Rodr.,Orchidaceae,Pleurothallis,serrulapetala,species,,,,,wfo-0001089043,,Gen. Sp. Orchid. 2: 33 1881,,,unambiguous_accepted,wfo,"{""majorGroup"": ""A"", ""source"": ""World Checklist of Vascular Plants. Facilitated by the Royal Botanic Gardens, Kew."", ""taxonRemarks"": ""Source in seed data: tro More details could be found in <a href=http://www.theplantlist.org/tpl1.1/record/tro-23524126 >The Plant List v.1.1.</a> Originally in <a href=http://www.theplantlist.org/tpl/record/tro-23524126 >The Plant List v.1.0</a>"", ""tplId"": ""tro-23524126"", ""wfo_nomenclatural_status"": ""Valid""}"
Pleurothallis tinajillensis,wcvp,0,,,"Pleurothallis tinajillensis M.M.Jiménez, H.Garzón & Vélez-Abarca","M.M.Jiménez, H.Garzón & Vélez-Abarca",Orchidaceae,Pleurothallis,tinajillensis,Species,,,3308052,77325134-1,,<NA>,(2023),Phytotaxa,Ecuador,unambiguous_accepted,wcvp,"{""climate_description"": ""wet tropical"", ""lifeform_description"": ""epiphyte"", ""volume_and_page"": ""607: 173""}"
Pleurothallis trigyna,wcvp,0,,,Pleurothallis trigyna Pupulin,Pupulin,Orchidaceae,Pleurothallis,trigyna,Species,,,3317743,77351399-1,,<NA>,(2024),Lankesteriana,Costa Rica,unambiguous_accepted,wcvp,"{""climate_description"": ""wet tropical"", ""lifeform_description"": ""epiphyte"", ""volume_and_page"": ""24: 173""}"
Pleurothallis vide-vallis,wcvp,0,,,Pleurothallis vide-vallis Karremans & J.E.Jiménez,Karremans & J.E.Jiménez,Orchidaceae,Pleurothallis,vide-vallis,Species,,,530850,77178756-1,,<NA>,(2018),Phytotaxa,Costa Rica,unambiguous_accepted,wcvp,"{""climate_description"": ""wet tropical"", ""lifeform_description"": ""epiphyte"", ""volume_and_page"": ""349: 189""}"
Pleurothallis videvallis,wfo,0,,,Pleurothallis videvallis Karremans & J.E.Jiménez,Karremans & J.E.Jiménez,Orchidaceae,Pleurothallis,videvallis,species,,,,,wfo-1000006407,,Phytotaxa 349: 189 (2018),,,unambiguous_accepted,wfo,"{""majorGroup"": ""A"", ""references"": ""https://powo.science.kew.org/taxon/urn:lsid:ipni.org:names:77178756-1"", ""source"": ""World Checklist of Vascular Plants. Facilitated by the Royal Botanic Gardens, Kew."", ""wfo_nomenclatural_status"": ""Valid""}"
Pleurothallis whitteniana,wcvp,0,,,Pleurothallis whitteniana Mark Wilson & B.T.Larsen,Mark Wilson & B.T.Larsen,Orchidaceae,Pleurothallis,whitteniana,Species,,,3307358,77322756-1,,<NA>,(2022),Harvard Pap. Bot.,Ecuador,unambiguous_accepted,wcvp,"{""climate_description"": ""wet tropical"", ""lifeform_description"": ""epiphyte"", ""volume_and_page"": ""27: 201""}"
Pleurothallopsis grandiflora,wcvp,0,,,Pleurothallopsis grandiflora (Garay) J.Ponert,(Garay) J.Ponert,Orchidaceae,Pleurothallopsis,grandiflora,Species,,,3317875,77344737-1,,177509,(2021),Orquideologia,Ecuador (Chimborazo),unambiguous_accepted,wcvp,"{""climate_description"": ""wet tropical"", ""lifeform_description"": ""epiphyte"", ""volume_and_page"": ""38: 44""}"
Plumatichilos littoralis,wcvp,0,,,Plumatichilos littoralis D.L.Jones,D.L.Jones,Orchidaceae,Pterostylis,littoralis,Species,,,495981,60469452-2,,<NA>,(2015),Austral. Orchid Rev.,,unambiguous_accepted,wcvp,"{""nomenclatural_remarks"": "", nom. altern."", ""volume_and_page"": ""80(3): 63""}"
Poaephyllum pauciflora,wfo,0,,,Poaephyllum pauciflora (Hook.f.) Ridl.,(Hook.f.) Ridl.,Orchidaceae,Lectandra,parviflora,species,,,,,wfo-0000224349,,Bull. Dép. Agric. Indes Néerl. 13: 55 (1907),,,unambiguous_accepted,wfo,"{""majorGroup"": ""A"", ""references"": ""https://powo.science.kew.org/taxon/urn:lsid:ipni.org:names:639873-1"", ""source"": ""World Checklist of Vascular Plants. Facilitated by the Royal Botanic Gardens, Kew."", ""taxonRemarks"": ""Source in seed data: wcs Update namepublishedIn from Bull. Dépt. Agric. Indes Néerl. 13: 55. 1907 to Bull. Dép. Agric. Indes Néerl. 13: 55 (1907), information provided by Alan E. on email Jun. 07 2021 More details could be found in <a href=http://www"", ""tplId"": ""kew-109204"", ""wfo_nomenclatural_status"": ""Valid""}"
Podochilus schistanthera,wfo,0,,,Podochilus schistanthera Schltr.,Schltr.,Orchidaceae,Podochilus,schistanthera,species,,,,,wfo-0000279370,,Repert. Spec. Nov. Regni Veg. 10: 35 (1911),,,unambiguous_accepted,wfo,"{""majorGroup"": ""A"", ""references"": ""https://powo.science.kew.org/taxon/urn:lsid:ipni.org:names:654005-1"", ""source"": ""World Checklist of Vascular Plants. Facilitated by the Royal Botanic Gardens, Kew."", ""taxonRemarks"": ""Source in seed data: wcs Update namepublishedIn from Repert. Spec. Nov. Regni Veg. 10: 35. 1911 to Repert. Spec. Nov. Regni Veg. 10: 35 (1911), information provided by Alan E. on email Jun. 07 2021 More details could be found in <a href=http://www.thepla"", ""tplId"": ""kew-161814"", ""wfo_nomenclatural_status"": ""Valid""}"
Pogoniopsis schenckii,wcvp,0,,,Pogoniopsis schenckii Cogn.,Cogn.,Orchidaceae,Pogoniopsis,schenckii,Species,,,162050,654181-1,,<NA>,(1893),Fl. Bras.,Brazil (Pernambuco to Paraná),unambiguous_accepted,wcvp,"{""climate_description"": ""seasonally dry tropical"", ""lifeform_description"": ""holomycotrophic perennial"", ""volume_and_page"": ""3(4): 136""}"
Polystachya laurenceana,wfo,0,,,Polystachya laurenceana Kraenzl.,Kraenzl.,Orchidaceae,Polystachya,laurenceana,species,,,,,wfo-0000280458,,"Gard. Chron., ser. 3, 14: 150 (1893)",,,unambiguous_accepted,wfo,"{""majorGroup"": ""A"", ""references"": ""https://powo.science.kew.org/taxon/urn:lsid:ipni.org:names:654391-1"", ""source"": ""World Checklist of Vascular Plants. Facilitated by the Royal Botanic Gardens, Kew."", ""taxonRemarks"": ""Source in seed data: wcs Update namepublishedIn from Gard. Chron. ser. 3, 14: 150. 1893 to Gard. Chron. , ser. 3, 14: 150 (1893), information provided by Alan E. on email Jun. 07 2021 More details could be found in <a href=http://www.theplantlist.org/tpl"", ""tplId"": ""kew-162876"", ""wfo_nomenclatural_status"": ""Valid""}"
Polystachya lawalreana,wfo,0,,,Polystachya lawalreana Geerinck,Geerinck,Orchidaceae,Polystachya,lawalreana,species,,,,,wfo-0000280457,,Bull. Jard. Bot. Natl. Belg. 49: 414 (1979),,,unambiguous_accepted,wfo,"{""majorGroup"": ""A"", ""references"": ""https://powo.science.kew.org/taxon/urn:lsid:ipni.org:names:654393-1"", ""source"": ""World Checklist of Vascular Plants. Facilitated by the Royal Botanic Gardens, Kew."", ""taxonRemarks"": ""Source in seed data: wcs Update namepublishedIn from Bull. Jard. Bot. Natl. Belg. 49(3-4): 414. 1979 to Bull. Jard. Bot. Natl. Belg. 49: 414 (1979), information provided by Alan E. on email Jun. 07 2021 More details could be found in <a href=http://www.t"", ""tplId"": ""kew-162875"", ""wfo_nomenclatural_status"": ""Valid""}"
Polystachya nguruensis,wcvp,0,,,Polystachya nguruensis P.J.Cribb & Hemp,P.J.Cribb & Hemp,Orchidaceae,Polystachya,nguruensis,Species,,,3318101,77336119-1,,<NA>,(2023),Lankesteriana,Tanzania,unambiguous_accepted,wcvp,"{""climate_description"": ""seasonally dry tropical"", ""lifeform_description"": ""pseudobulbous epiphyte"", ""volume_and_page"": ""23: 586""}"
Pomatocalpa angustifolia,wfo,0,,,Pomatocalpa angustifolia Seidenf.,Seidenf.,Orchidaceae,Pomatocalpa,angustifolia,species,,,,,wfo-0000280718,,Opera Bot. 95: 110 (1988),,,unambiguous_accepted,wfo,"{""majorGroup"": ""A"", ""references"": ""https://powo.science.kew.org/taxon/urn:lsid:ipni.org:names:935343-1"", ""source"": ""World Checklist of Vascular Plants. Facilitated by the Royal Botanic Gardens, Kew."", ""taxonRemarks"": ""Source in seed data: wcs Update namepublishedIn from Opera Bot. 95: 110 (1988). to Opera Bot. 95: 110 (1988), information provided by Alan E. on email Jun. 07 2021 More details could be found in <a href=http://www.theplantlist.org/tpl1.1/record/kew-16312"", ""tplId"": ""kew-163127"", ""wfo_nomenclatural_status"": ""Valid""}"
Pomatocalpa floresana,wfo,0,,,Pomatocalpa floresana J.J.Sm.,J.J.Sm.,Orchidaceae,Pomatocalpa,floresana,species,,,,,wfo-0000280735,,"Bull. Jard. Bot. Buitenzorg, sér. 3, 12: 148 (1932)",,,unambiguous_accepted,wfo,"{""majorGroup"": ""A"", ""references"": ""https://powo.science.kew.org/taxon/urn:lsid:ipni.org:names:654619-1"", ""source"": ""World Checklist of Vascular Plants. Facilitated by the Royal Botanic Gardens, Kew."", ""taxonRemarks"": ""Source in seed data: wcs Update namepublishedIn from Bull. Jard. Bot. Buitenzorg ser. 3, 12: 148. 1932 [Nov 1932] to Bull. Jard. Bot. Buitenzorg , sér. 3, 12: 148 (1932), information provided by Alan E. on email Jun. 07 2021 More details could be found"", ""tplId"": ""kew-163142"", ""wfo_nomenclatural_status"": ""Valid""}"
Pomatocalpa grandis,wfo,0,,,Pomatocalpa grandis Seidenf.,Seidenf.,Orchidaceae,Pomatocalpa,grandis,species,,,,,wfo-0000280737,,Opera Bot. 114: 377 (1992),,,unambiguous_accepted,wfo,"{""majorGroup"": ""A"", ""references"": ""https://powo.science.kew.org/taxon/urn:lsid:ipni.org:names:968699-1"", ""source"": ""World Checklist of Vascular Plants. Facilitated by the Royal Botanic Gardens, Kew."", ""taxonRemarks"": ""Source in seed data: wcs Update namepublishedIn from Opera Bot. 114: 377 (1992). to Opera Bot. 114: 377 (1992), information provided by Alan E. on email Jun. 07 2021 More details could be found in <a href=http://www.theplantlist.org/tpl1.1/record/kew-163"", ""tplId"": ""kew-163144"", ""wfo_nomenclatural_status"": ""Valid""}"
Pomatocalpa sphaerophorum,wcvp,0,,,Pomatocalpa sphaerophorum (Schltr.) J.J.Sm.,(Schltr.) J.J.Sm.,Orchidaceae,Saccolabium,sphaerophorum,Species,,,181623,656215-1,,<NA>,(1906),Bull. Herb. Boissier,Borneo,unambiguous_accepted,wcvp,"{""volume_and_page"": "", sér. 2, 6: 472""}"
Ponera alata,cites_csv,0,,,Ponera alata Rchb.f.,Rchb.f.,Orchidaceae,Ponera,alata,SPECIES,II,,,,,,,,El Salvador,unambiguous_accepted,cites_csv,"{""All_DistributionISOCodes"": ""SV"", ""NativeDistributionFullNames"": ""El Salvador""}"
Ponerorchis chidori,wcvp,8,"Chusua chidori, Chusua curtipes, Gymnadenia chidori, Habenaria chidori, Hemipilia chidori, Orchis chidori, Orchis curtipes, Ponerorchis curtipes","Chusua chidori [Homotypic; wcvp], Chusua curtipes [Heterotypic; wcvp], Gymnadenia chidori [Homotypic; wcvp], Habenaria chidori [Homotypic; wcvp], Hemipilia chidori [Nomenclatural; wcvp], Orchis chidori [Homotypic; wcvp], Orchis curtipes [Heterotypic; wcvp], Ponerorchis curtipes [Heterotypic; wcvp]",Ponerorchis chidori (Makino) Ohwi,(Makino) Ohwi,Orchidaceae,Gymnadenia,chidori,Species,,,93627,636500-1,,94368,(1901),Bot. Mag. (Tokyo),,unambiguous_accepted,wcvp,"{""volume_and_page"": ""15: 47""}"
Ponerorchis chidorii,cites_csv,0,,,"Ponerorchis chidorii (Makino) Ohwi, 1936","(Makino) Ohwi, 1936",Orchidaceae,Ponerorchis,chidorii,SPECIES,II,,,,,,,,,unambiguous_accepted,cites_csv,
Ponthieva castanedoi,cites_csv,0,,,"Ponthieva castanedoi Szlach. & Kolan., 2013","Szlach. & Kolan., 2013",Orchidaceae,Ponthieva,castanedoi,SPECIES,II,,,,,,,,Colombia,unambiguous_accepted,cites_csv,"{""All_DistributionISOCodes"": ""CO"", ""NativeDistributionFullNames"": ""Colombia""}"
Porpax angelinae,wcvp,0,,,"Porpax angelinae M.Pignal, Laud. & P.-L.Laud.","M.Pignal, Laud. & P.-L.Laud.",Orchidaceae,Porpax,angelinae,Species,,,3310045,77307791-1,,<NA>,(2023),Candollea,New Caledonia,unambiguous_accepted,wcvp,"{""climate_description"": ""wet tropical"", ""lifeform_description"": ""epiphyte"", ""volume_and_page"": ""78: 19""}"
Porpax ceciliae,wcvp,0,,,"Porpax ceciliae M.Pignal, Laud. & P.-L.Laud.","M.Pignal, Laud. & P.-L.Laud.",Orchidaceae,Porpax,ceciliae,Species,,,3310044,77307792-1,,<NA>,(2023),Candollea,New Caledonia,unambiguous_accepted,wcvp,"{""climate_description"": ""wet tropical"", ""lifeform_description"": ""epiphyte"", ""volume_and_page"": ""78: 20""}"
Porpax lydwinae,wcvp,0,,,"Porpax lydwinae M.Pignal, Laud. & P.-L.Laud.","M.Pignal, Laud. & P.-L.Laud.",Orchidaceae,Porpax,lydwinae,Species,,,3310043,77307793-1,,<NA>,(2023),Candollea,New Caledonia,unambiguous_accepted,wcvp,"{""climate_description"": ""wet tropical"", ""lifeform_description"": ""epiphyte"", ""volume_and_page"": ""78: 23""}"
Porpax parviflora,wcvp,0,,,Porpax parviflora (D.Don) Ormerod & Kurzweil,(D.Don) Ormerod & Kurzweil,Orchidaceae,Callista,parviflora,Species,,,31310,621380-1,,58643,(1891),Revis. Gen. Pl.,Himalaya to Indo-China,unambiguous_accepted,wcvp,"{""volume_and_page"": ""2: 655""}"
Porpax parviflorum,wfo,0,,,Porpax parviflorum (D.Don) Ormerod & Kurzweil,(D.Don) Ormerod & Kurzweil,Orchidaceae,Pinalia,muscicola,species,,,,,wfo-0000273538,,Revis. Gen. Pl. 2: 679 (1891),,,unambiguous_accepted,wfo,"{""majorGroup"": ""A"", ""originalNameUsageID"": ""wfo-0000939935"", ""references"": ""https://powo.science.kew.org/taxon/urn:lsid:ipni.org:names:651554-1"", ""source"": ""World Checklist of Vascular Plants. Facilitated by the Royal Botanic Gardens, Kew."", ""taxonRemarks"": ""Source in seed data: wcs Updated scientificnameAuthorship from (Lindl.) Kuntze to Kuntze, information provided by Alan E. on email Oct. 12 2020 More details could be found in <a href=http://www.theplantlist.org/tpl1.1/record/kew-156275 >The Plant List v."", ""tplId"": ""kew-156275"", ""wfo_nomenclatural_status"": ""Valid""}"
Prasophyllum exilis,wfo,0,,,Prasophyllum exilis D.L.Jones & R.J.Bates,D.L.Jones & R.J.Bates,Orchidaceae,Prasophyllum,exilis,species,,,,,wfo-0001223155,,Austral. Orchid Res. 2: 78 (1991),,,unambiguous_accepted,wfo,"{""majorGroup"": ""A"", ""references"": ""https://powo.science.kew.org/taxon/urn:lsid:ipni.org:names:959772-1"", ""source"": ""World Checklist of Vascular Plants. Facilitated by the Royal Botanic Gardens, Kew."", ""taxonRemarks"": ""Source in seed data: tro Update namepublishedIn from Austral. Orchid Res. 2: 78 1991 to Austral. Orchid Res. 2: 78 (1991), information provided by Alan E. on email Jun. 07 2021 More details could be found in <a href=http://www.theplantlist.org/tpl1.1/rec"", ""tplId"": ""tro-50028946"", ""wfo_nomenclatural_status"": ""Valid""}"
Prasophyllum hectorii,wcvp,1,Gastrodia hectorii,Gastrodia hectorii [Homotypic; wcvp],"Prasophyllum hectorii (Buchanan) Molloy, D.L.Jones & M.A.Clem.","(Buchanan) Molloy, D.L.Jones & M.A.Clem.",Orchidaceae,Prasophyllum,hectorii,Species,,,337541,77068318-1,,88833,(2005),Orchadian,N. New Zealand South I.,unambiguous_accepted,wcvp,"{""climate_description"": ""temperate"", ""lifeform_description"": ""tuberous geophyte"", ""volume_and_page"": ""15: 41""}"
Prasophyllum vitreum,wfo,0,,,Prasophyllum vitreum D.L.Jones & D.T.Rouse,D.L.Jones & D.T.Rouse,Orchidaceae,Prasophyllum,vitreum,species,,,,,wfo-0000809840,,Austral. Orchid Res. 5: 155 (2006),,,unambiguous_accepted,wfo,"{""majorGroup"": ""A"", ""references"": ""https://powo.science.kew.org/taxon/urn:lsid:ipni.org:names:77079937-1"", ""source"": ""World Checklist of Vascular Plants. Facilitated by the Royal Botanic Gardens, Kew."", ""taxonRemarks"": ""Source in seed data: wcs Update namepublishedIn from Austral. Orchid Res. 5: 155 2006 to Austral. Orchid Res. 5: 155 (2006), information provided by Alan E. on email Jun. 07 2021 More details could be found in <a href=http://www.theplantlist.org/tpl1.1/r"", ""tplId"": ""kew-348050"", ""wfo_nomenclatural_status"": ""Valid""}"
Prosthechea cochleata var. cochleata,cites_pdf,0,,,Prosthechea cochleata var. cochleata,,Orchidaceae,Encyclia,lancifolia,,,,,,,,,,,unambiguous_accepted,cites_pdf,"{""accepted_genus"": ""Prosthechea"", ""page"": 338, ""y"": 120.3}"
Prosthechea cochleata var. triandra,cites_pdf,3,"Encyclia cochleata f. albidoﬂava, Encyclia cochleata subsp. triandra, Encyclia cochleata var. triandra","Encyclia cochleata f. albidoﬂava [Unknown; cites_pdf], Encyclia cochleata subsp. triandra [Unknown; cites_pdf], Encyclia cochleata var. triandra [Unknown; cites_pdf]",Prosthechea cochleata var. triandra (Ames) H´agsater,(Ames) H´agsater,Orchidaceae,Encyclia,cochleata,,,,,,,,,,,unambiguous_accepted,cites_pdf,"{""accepted_genus"": ""Prosthechea"", ""page"": 334, ""y"": 263.8}"
Prosthechea pedro-ortiziana,wcvp,0,,,Prosthechea pedro-ortiziana Szlach. & Kolan.,Szlach. & Kolan.,Orchidaceae,Prosthechea,pedro-ortiziana,Species,,,3317490,77343494-1,,<NA>,(2023),Mater. Orchid Fl. Colombia,Colombia,unambiguous_accepted,wcvp,"{""climate_description"": ""wet tropical"", ""lifeform_description"": ""pseudobulbous epiphyte"", ""volume_and_page"": ""4: 393""}"
Prosthechea rhabdobulbon,wcvp,0,,,Prosthechea rhabdobulbon (Schltr.) Szlach. & Kolan.,(Schltr.) Szlach. & Kolan.,Orchidaceae,Epidendrum,rhabdobulbon,Species,,,69429,92104-2,,<NA>,(1920),Repert. Spec. Nov. Regni Veg. Beih.,Colombia,unambiguous_accepted,wcvp,"{""volume_and_page"": ""7: 146""}"
Prosthechea riopretensis,wcvp,0,,,Prosthechea × riopretensis T.L.Vieira & E.L.F.Menezes,T.L.Vieira & E.L.F.Menezes,Orchidaceae,Prosthechea,riopretensis,Species,,,3317551,77348993-1,,<NA>,(2024),Phytotaxa,Brazil (Minas Gerais),unambiguous_accepted,wcvp,"{""climate_description"": ""seasonally dry tropical"", ""hybrid"": true, ""lifeform_description"": ""pseudobulbous epiphyte"", ""volume_and_page"": ""665: 284""}"
Prosthechea sanchezii,wcvp,0,,,"Prosthechea sanchezii Salazar, R.Jiménez & T.L.Vieira","Salazar, R.Jiménez & T.L.Vieira",Orchidaceae,Prosthechea,sanchezii,Species,,,3317175,77353877-1,,<NA>,(2024),Bot. Sci.,Mexico (Chiapas),unambiguous_accepted,wcvp,"{""climate_description"": ""wet tropical"", ""lifeform_description"": ""pseudobulbous epiphyte"", ""volume_and_page"": ""103: 303""}"
Prosthechea sessiliﬂora (Edwall) W.E.Higgins,cites_pdf,1,Encyclia sessiliﬂora (Edwall) Pabst,Encyclia sessiliﬂora (Edwall) Pabst [Unknown; cites_pdf],Prosthechea sessiliﬂora (Edwall) W.E.Higgins,,Orchidaceae,Encyclia,sessiliﬂora,,,,,,,,,,,unambiguous_accepted,cites_pdf,"{""accepted_genus"": ""Prosthechea"", ""page"": 342, ""y"": 718.1}"
Prosthechea sumidourensis,wcvp,0,,,Prosthechea sumidourensis Rosim & E.L.F.Menezes,Rosim & E.L.F.Menezes,Orchidaceae,Prosthechea,sumidourensis,Species,,,3318119,77337243-1,,<NA>,(2023),Bol. CAOB,Brazil (Minas Gerais),unambiguous_accepted,wcvp,"{""climate_description"": ""seasonally dry tropical"", ""lifeform_description"": ""pseudobulbous epiphyte"", ""volume_and_page"": ""132: 671""}"
Pseudadenia strampfii,wfo,1,Gymnabicchia strampfii,Gymnabicchia strampfii [Unknown; wfo],Pseudadenia × strampfii (Asch.) P.F.Hunt,(Asch.) P.F.Hunt,Orchidaceae,Pseudadenia,strampfii,species,,,,,wfo-0000283796,,Orchid Rev. 79: 141 (1971),,,unambiguous_accepted,wfo,"{""majorGroup"": ""A"", ""originalNameUsageID"": ""wfo-0000976685"", ""references"": ""https://powo.science.kew.org/taxon/urn:lsid:ipni.org:names:655078-1"", ""source"": ""World Checklist of Vascular Plants. Facilitated by the Royal Botanic Gardens, Kew."", ""taxonRemarks"": ""Source in seed data: wcs Update namepublishedIn from Orchid Rev. 79: 141 1971 to Orchid Rev. 79: 141 (1971), information provided by Alan E. on email Jun. 07 2021 More details could be found in <a href=http://www.theplantlist.org/tpl1.1/record/kew-166077"", ""tplId"": ""kew-166077"", ""wfo_nomenclatural_status"": ""Valid""}"
Pseudolaelia dutraei,wfo,0,,,Pseudolaelia dutraei Ruschi,Ruschi,Orchidaceae,Pseudolaelia,dutraei,species,,,,,wfo-0000284028,,Bol. Mus. Biol. Prof. Mello-Leitão. Sér. Bot. 1: 40 (1949),,,unambiguous_accepted,wfo,"{""majorGroup"": ""A"", ""references"": ""https://powo.science.kew.org/taxon/urn:lsid:ipni.org:names:655124-1"", ""source"": ""World Checklist of Vascular Plants. Facilitated by the Royal Botanic Gardens, Kew."", ""taxonRemarks"": ""Source in seed data: wcs Update namepublishedIn from Bol. Mus. Biol. `Prof. Mello Leitao' i. 40 (1949); cf. Brade & Pabst in-Orquidea, xiv. 114 (1952). to Bol. Mus. Biol. Prof. Mello-Leitão. Sér. Bot. 1: 40 (1949), information provided by Alan E. on em"", ""tplId"": ""kew-166336"", ""wfo_nomenclatural_status"": ""Valid""}"
Psychilis biﬁda (Aubl.) Sauleda,cites_pdf,1,Encyclia biﬁda (Aubl.) Britton & P.Wilson,Encyclia biﬁda (Aubl.) Britton & P.Wilson [Unknown; cites_pdf],Psychilis biﬁda (Aubl.) Sauleda,,Orchidaceae,Encyclia,biﬁda,,,,,,,,,,,unambiguous_accepted,cites_pdf,"{""accepted_genus"": ""Psychilis"", ""page"": 332, ""y"": 431.2}"
Psychilis x,cites_pdf,0,,,Psychilis x tudiana (Dod) Sauleda,tudiana (Dod) Sauleda,Orchidaceae,Encyclia,x,,,,,,,,,,,unambiguous_accepted,cites_pdf,"{""accepted_genus"": ""Psychilis"", ""page"": 344, ""y"": 120.3}"
Pterichis proctori,wfo,0,,,Pterichis proctori Garay,Garay,Orchidaceae,Pterichis,proctori,species,,,,,wfo-0000288276,,Occas. Pap. Mus. Inst. Jam. 10: 2 (1954),,,unambiguous_accepted,wfo,"{""majorGroup"": ""A"", ""references"": ""https://powo.science.kew.org/taxon/urn:lsid:ipni.org:names:213775-2"", ""source"": ""World Checklist of Vascular Plants. Facilitated by the Royal Botanic Gardens, Kew."", ""taxonRemarks"": ""Source in seed data: wcs Update namepublishedIn from Occas. Pap. Mus. Inst. Jam. 10: 2 1954 to Occas. Pap. Mus. Inst. Jam. 10: 2 (1954), information provided by Alan E. on email Jun. 07 2021 More details could be found in <a href=http://www.theplantlist."", ""tplId"": ""kew-170356"", ""wfo_nomenclatural_status"": ""Valid""}"
Pteroceras viridiﬂorum (Thwaites) Holttum,cites_pdf,1,Aerides viridiﬂora Thwaites.,Aerides viridiﬂora Thwaites. [Unknown; cites_pdf],Pteroceras viridiﬂorum (Thwaites) Holttum,,Orchidaceae,Aerides,viridiﬂora,,,,,,,,,,,unambiguous_accepted,cites_pdf,"{""accepted_genus"": ""Pteroceras"", ""page"": 20, ""y"": 586.6}"
Pterostylis argillacea,wcvp,1,Oligochaetochilus argillaceus,Oligochaetochilus argillaceus [Homotypic; wcvp],Pterostylis argillacea G.Brockman & C.J.French,G.Brockman & C.J.French,Orchidaceae,Pterostylis,argillacea,Species,,,3317624,77347141-1,,<NA>,(2024),Nuytsia,Western Australia,unambiguous_accepted,wcvp,"{""climate_description"": ""subtropical"", ""lifeform_description"": ""tuberous geophyte"", ""volume_and_page"": ""35: 25""}"
Pterostylis arida,wcvp,1,Oligochaetochilus aridus,Oligochaetochilus aridus [Homotypic; wcvp],Pterostylis arida G.Brockman & C.J.French,G.Brockman & C.J.French,Orchidaceae,Oligochaetochilus,aridus,Species,,,3317007,77350427-1,,3317631,(2024),Guide Native Orchids Australia,Western Australia,unambiguous_accepted,wcvp,"{""volume_and_page"": "", 3rd ed.(rev.): 4""}"
Pterostylis segregata,wcvp,1,Ranorchis segregata,Ranorchis segregata [Homotypic; wcvp],Pterostylis segregata G.Brockman & C.J.French,G.Brockman & C.J.French,Orchidaceae,Pterostylis,segregata,Species,,,3307238,77327942-1,,<NA>,(2023),Nuytsia,SW. Western Australia,unambiguous_accepted,wcvp,"{""climate_description"": ""subtropical"", ""lifeform_description"": ""tuberous geophyte"", ""volume_and_page"": ""34: 61""}"
Pterygodium caffrum,cites_csv,0,,,"Pterygodium caffrum (L.) Sw., 1800","(L.) Sw., 1800",Orchidaceae,Pterygodium,caffrum,SPECIES,II,,,,,,,,,unambiguous_accepted,cites_csv,
Pterygodium newdigatae,wfo,0,,,Pterygodium newdigatae Bolus,Bolus,Orchidaceae,Pterygodium,newdigatae,species,,,,,wfo-0000288669,,Icon. Orchid. Austro-Afric. 1: t. 99A (1896),,,unambiguous_accepted,wfo,"{""majorGroup"": ""A"", ""references"": ""https://powo.science.kew.org/taxon/urn:lsid:ipni.org:names:655421-1"", ""source"": ""World Checklist of Vascular Plants. Facilitated by the Royal Botanic Gardens, Kew."", ""taxonRemarks"": ""Source in seed data: wcs Update namepublishedIn from Orch. S. Afr. t. 99. to Icon. Orchid. Austro-Afric. 1: t. 99A (1896), information provided by Alan E. on email Jun. 07 2021 More details could be found in <a href=http://www.theplantlist.org/tpl1.1/rec"", ""tplId"": ""kew-170727"", ""wfo_nomenclatural_status"": ""Valid""}"
Quekettia jenmanii,wfo,0,,,Quekettia jenmanii Rchb.f.,Rchb.f.,Orchidaceae,Quekettia,jenmanii,species,,,,,wfo-0000289327,,Unknown Publ.,,,unambiguous_accepted,wfo,"{""majorGroup"": ""A"", ""references"": ""https://powo.science.kew.org/taxon/urn:lsid:ipni.org:names:77245264-1"", ""source"": ""World Checklist of Vascular Plants. Facilitated by the Royal Botanic Gardens, Kew."", ""taxonRemarks"": ""Source in seed data: wcs More details could be found in <a href=http://www.theplantlist.org/tpl1.1/record/kew-171376 >The Plant List v.1.1.</a> Originally in <a href=http://www.theplantlist.org/tpl/record/kew-171376 >The Plant List v.1.0</a>"", ""tplId"": ""kew-171376"", ""wfo_nomenclatural_status"": ""Valid""}"
Renanthera breviﬂora (Rchb.f.) R.Rice & J.J.Wood,cites_pdf,1,Renanthera matutina var. breviﬂora,Renanthera matutina var. breviﬂora [Unknown; cites_pdf],Renanthera breviﬂora (Rchb.f.) R.Rice & J.J.Wood,,Orchidaceae,Renanthera,matutina,,,,,,,,,,,unambiguous_accepted,cites_pdf,"{""page"": 477, ""y"": 192.1}"
Renanthera coccinea var. coccinea,cites_pdf,0,,,Renanthera coccinea var. coccinea,,Orchidaceae,Gongora,philippica,,,,,,,,,,,unambiguous_accepted,cites_pdf,"{""accepted_genus"": ""Renanthera"", ""page"": 367, ""y"": 120.3}"
Restrepia archilarum,wcvp,0,,,Restrepia archilarum Chiron & Szlach.,Chiron & Szlach.,Orchidaceae,Restrepia,archilarum,Species,,,492772,77132973-1,,<NA>,(2013),Richardiana,Guatemala,unambiguous_accepted,wcvp,"{""climate_description"": ""wet tropical"", ""lifeform_description"": ""epiphyte"", ""volume_and_page"": ""13: 237""}"
Restrepia aspasicensium,wfo,0,,,Restrepia aspasicensium Rchb.f.,Rchb.f.,Orchidaceae,Restrepia,aspasicensium,species,,,,,wfo-0000295592,,Bonplandia (Hannover) 3: 70 (1855),,,unambiguous_accepted,wfo,"{""majorGroup"": ""A"", ""references"": ""https://powo.science.kew.org/taxon/urn:lsid:ipni.org:names:655517-1"", ""source"": ""World Checklist of Vascular Plants. Facilitated by the Royal Botanic Gardens, Kew."", ""taxonRemarks"": ""Source in seed data: wcs Update namepublishedIn from Bonplandia 3: 70. 1855 to Bonplandia (Hannover) 3: 70 (1855), information provided by Alan E. on email Jun. 07 2021 More details could be found in <a href=http://www.theplantlist.org/tpl1.1/record/kew-"", ""tplId"": ""kew-177399"", ""wfo_nomenclatural_status"": ""Valid""}"
Restrepia royi,wcvp,0,,,Restrepia royi K.W.Holcomb & Driessen,K.W.Holcomb & Driessen,Orchidaceae,Restrepia,royi,Species,,,3308351,77315378-1,,<NA>,(2023),Pleurothallidinae,Peru,unambiguous_accepted,wcvp,"{""climate_description"": ""wet tropical"", ""lifeform_description"": ""epiphyte"", ""volume_and_page"": ""2(4): 1""}"
Restrepia santanderensis,wcvp,0,,,Restrepia santanderensis N.Gut. & Gil-Amaya,N.Gut. & Gil-Amaya,Orchidaceae,Restrepia,santanderensis,Species,,,3308432,77320363-1,,<NA>,(2023),Phytotaxa,Colombia,unambiguous_accepted,wcvp,"{""climate_description"": ""wet tropical"", ""lifeform_description"": ""epiphyte"", ""volume_and_page"": ""598: 294""}"
Rhipidoglossum globuloso-calcaratum,wfo,2,"Angraecum globuloso-calcaratum, Diaphananthe globuloso-calcarata","Angraecum globuloso-calcaratum [Unknown; wfo], Diaphananthe globuloso-calcarata [Unknown; wfo]",Rhipidoglossum globuloso-calcaratum (De Wild.) Summerh.,(De Wild.) Summerh.,Orchidaceae,Rhipidoglossum,globuloso-calcaratum,species,,,,,wfo-0000296228,,"Blumea, Suppl. 1: 82 (1937)",,,unambiguous_accepted,wfo,"{""majorGroup"": ""A"", ""originalNameUsageID"": ""wfo-0000977318"", ""references"": ""https://powo.science.kew.org/taxon/urn:lsid:ipni.org:names:655649-1"", ""source"": ""World Checklist of Vascular Plants. Facilitated by the Royal Botanic Gardens, Kew."", ""taxonRemarks"": ""Source in seed data: wcs Update namepublishedIn from Blumea, Suppl. 1: 82. 1937 to Blumea, Suppl. 1: 82 (1937), information provided by Alan E. on email Jun. 07 2021 More details could be found in <a href=http://www.theplantlist.org/tpl1.1/record/kew-178"", ""tplId"": ""kew-178020"", ""wfo_nomenclatural_status"": ""Valid""}"
Rhipidoglossum orientale,wfo,0,,,Rhipidoglossum orientale (Mansf.) Szlach. & Olszewski,(Mansf.) Szlach. & Olszewski,Orchidaceae,Rhipidoglossum,orientale,species,,,,,wfo-0000296241,,Fl. Cameroun 36: 850 (2001),,,unambiguous_accepted,wfo,"{""majorGroup"": ""A"", ""originalNameUsageID"": ""wfo-0000303875"", ""references"": ""https://powo.science.kew.org/taxon/urn:lsid:ipni.org:names:20000689-1"", ""source"": ""World Checklist of Vascular Plants. Facilitated by the Royal Botanic Gardens, Kew."", ""taxonRemarks"": ""Source in seed data: wcs Update namepublishedIn from Fl. Cameroun 36: 850. 2001 (as orientalis) to Fl. Cameroun 36: 850 (2001), information provided by Alan E. on email Jun. 07 2021 More details could be found in <a href=http://www.theplantlist.org/tpl1."", ""tplId"": ""kew-178032"", ""wfo_nomenclatural_status"": ""Valid""}"
Rhomboda aurea,wcvp,0,,,Rhomboda aurea (Aver.) Ormerod & Aver.,(Aver.) Ormerod & Aver.,Orchidaceae,Rhomboda,aurea,Species,,,3308283,77328654-1,,521643,(2023),Phytotaxa,Vietnam,unambiguous_accepted,wcvp,"{""climate_description"": ""wet tropical"", ""lifeform_description"": ""rhizomatous geophyte"", ""volume_and_page"": ""619: 265""}"
Rhomboda obcordata,wcvp,0,,,"Rhomboda obcordata Aver., V.C.Nguyen & Ormerod","Aver., V.C.Nguyen & Ormerod",Orchidaceae,Rhomboda,obcordata,Species,,,3308264,77328655-1,,<NA>,(2023),Phytotaxa,Vietnam,unambiguous_accepted,wcvp,"{""climate_description"": ""wet tropical"", ""lifeform_description"": ""rhizomatous geophyte"", ""volume_and_page"": ""619: 265""}"
Rhynchanthe bernardii,wcvp,1,Vandachostylis bernardii,Vandachostylis bernardii [Homotypic; wcvp],× Rhynchanthe bernardii (Guillaumin) J.M.H.Shaw,(Guillaumin) J.M.H.Shaw,Orchidaceae,Vandachostylis,bernardii,Species,,,211579,661103-1,,<NA>,(1935),Arch. Mus. Natl. Hist. Nat.,,unambiguous_accepted,wcvp,"{""hybrid"": true, ""volume_and_page"": "", sér. 6, 12: 608""}"
Rhynchostele costaricensis,cites_csv,0,,,Rhynchostele costaricensis Schltr.,Schltr.,Orchidaceae,Rhynchostele,costaricensis,SPECIES,II,,,,,,,,"Costa Rica,El Salvador,Honduras",unambiguous_accepted,cites_csv,"{""All_DistributionISOCodes"": ""CR,SV,HN"", ""NativeDistributionFullNames"": ""Costa Rica,El Salvador,Honduras""}"
Rhynchostele humeanum,cites_csv,0,,,Rhynchostele humeanum (Rchb.f.) Soto Arenas & Salazar,(Rchb.f.) Soto Arenas & Salazar,Orchidaceae,Rhynchostele,humeanum,SPECIES,II,,,,,,,,,unambiguous_accepted,cites_csv,
Rhynchostylis gigantea subsp. gigantea,cites_pdf,6,"Anota densiﬂora (Lindl.) Schltr., Rhynchostylis gigantea f. harrisoniana, Saccolabium giganteum var. illustre, Saccolabium giganteum var. petotianum, Saccolabium violaceum var. harrisonianum, Vanda densiﬂora Lindl.","Anota densiﬂora (Lindl.) Schltr. [Unknown; cites_pdf], Rhynchostylis gigantea f. harrisoniana [Unknown; cites_pdf], Saccolabium giganteum var. illustre [Unknown; cites_pdf], Saccolabium giganteum var. petotianum [Unknown; cites_pdf], Saccolabium violaceum var. harrisonianum [Unknown; cites_pdf], Vanda densiﬂora Lindl. [Unknown; cites_pdf]",Rhynchostylis gigantea subsp. gigantea,,Orchidaceae,Anota,densiﬂora,,,,,,,,,,,unambiguous_accepted,cites_pdf,"{""accepted_genus"": ""Rhynchostylis"", ""page"": 46, ""y"": 622.4}"
Rhynchostylis gigantea subsp. violacea,cites_pdf,0,,,Rhynchostylis gigantea subsp. violacea (Lindl.) Christenson,(Lindl.) Christenson,Orchidaceae,Anota,violacea,,,,,,,,,,,unambiguous_accepted,cites_pdf,"{""accepted_genus"": ""Rhynchostylis"", ""page"": 46, ""y"": 718.1}"
Robiquetia bifidus,wfo,0,,,Robiquetia bifidus (Lindl.) Kocyan & Schuit.,(Lindl.) Kocyan & Schuit.,Orchidaceae,Megalotus,bifidus,species,,,,,wfo-0000239304,,Bot. Mus. Leafl. 23: 185 (1972),,,unambiguous_accepted,wfo,"{""majorGroup"": ""A"", ""originalNameUsageID"": ""wfo-0000299627"", ""references"": ""https://powo.science.kew.org/taxon/urn:lsid:ipni.org:names:644044-1"", ""source"": ""World Checklist of Vascular Plants. Facilitated by the Royal Botanic Gardens, Kew."", ""taxonRemarks"": ""Source in seed data: wcs Update namepublishedIn from Bot. Mus. Leafl. 23(4): 185. 1972 to Bot. Mus. Leafl. 23: 185 (1972), information provided by Alan E. on email Jun. 07 2021 More details could be found in <a href=http://www.theplantlist.org/tpl1.1/rec"", ""tplId"": ""kew-123381"", ""wfo_nomenclatural_status"": ""Valid""}"
Robiquetia micrantha,wcvp,1,Malleola micrantha,Malleola micrantha [Homotypic; wcvp],Robiquetia micrantha (Aver. & Vuong) R.Kr.Singh & Sanjeet Kumar,(Aver. & Vuong) R.Kr.Singh & Sanjeet Kumar,Orchidaceae,Robiquetia,micrantha,Species,,,3318746,77350108-1,,3293420,(2024),J. Biodivers. Conservation,Vietnam,unambiguous_accepted,wcvp,"{""climate_description"": ""wet tropical"", ""lifeform_description"": ""epiphytic subshrub"", ""volume_and_page"": ""8(4): 102""}"
Rudolfiella caquetaense,wfo,0,,,Rudolfiella caquetaense Uribe Vélez & Sauleda,Uribe Vélez & Sauleda,Orchidaceae,Rudolfiella,caquetaense,species,,,,,wfo-1000024542,,New World Orchid. Nomencl. Notes 68: 2 (2020),,,unambiguous_accepted,wfo,"{""majorGroup"": ""A"", ""references"": ""https://powo.science.kew.org/taxon/urn:lsid:ipni.org:names:77209072-1"", ""source"": ""World Checklist of Vascular Plants. Facilitated by the Royal Botanic Gardens, Kew."", ""wfo_nomenclatural_status"": ""Valid""}"
Saccolabiopsis arnitii,wfo,0,,,Saccolabiopsis arnitii (F.Muell.) Dockr.,(F.Muell.) Dockr.,Orchidaceae,Saccolabiopsis,arnitii,species,,,,,wfo-0001223430,,Australas. Sarcanthinae 30 1967,,,unambiguous_accepted,wfo,"{""majorGroup"": ""A"", ""source"": ""World Checklist of Vascular Plants. Facilitated by the Royal Botanic Gardens, Kew."", ""taxonRemarks"": ""Source in seed data: tro More details could be found in <a href=http://www.theplantlist.org/tpl1.1/record/tro-50034539 >The Plant List v.1.1.</a> Originally in <a href=http://www.theplantlist.org/tpl/record/tro-50034539 >The Plant List v.1.0</a>"", ""tplId"": ""tro-50034539"", ""wfo_nomenclatural_status"": ""Valid""}"
Sarcanthus bracteatus,wcvp,1,Saccolabium bracteatum,Saccolabium bracteatum [Homotypic; wcvp],Sarcanthus bracteatus Ridl.,Ridl.,Orchidaceae,Saccolabium,bracteatum,Species,,,181367,655942-1,,184672,(1911),J. Straits Branch Roy. Asiat. Soc.,,unambiguous_accepted,wcvp,"{""volume_and_page"": ""59: 199""}"
Sarcoglottis esseri,wcvp,1,Spiranthes esseri,Spiranthes esseri [Homotypic; wcvp],Sarcoglottis esseri W.Bull,W.Bull,Orchidaceae,Spiranthes,esseri,Species,,,3310577,<NA>,,3308782,(1894),Johnson's Gard. Dict.,,unambiguous_accepted,wcvp,"{""volume_and_page"": "": 922""}"
Sarcoglottis magdalensis,wfo,1,Pelexia magdalensis,Pelexia magdalensis [Unknown; wfo],Sarcoglottis magdalensis (Brade & Pabst) Pabst,(Brade & Pabst) Pabst,Orchidaceae,Pelexia,magdalensis,species,,,,,wfo-0001089010,,Orquídea (Niteroi) 29(5): 212 1972,,,unambiguous_accepted,wfo,"{""majorGroup"": ""A"", ""source"": ""World Checklist of Vascular Plants. Facilitated by the Royal Botanic Gardens, Kew."", ""taxonRemarks"": ""Source in seed data: tro NO_DROP - Duplication Type 6 - Taxon present in kew KEEP - wfo-0000266619: http://www.theplantlist.org/tpl1.1/record/kew-149646 More details could be found in <a href=http://www.theplantlist.org/tpl1.1/record/tro-23523383 >The Pl"", ""tplId"": ""tro-23523383""}"
Sarcoglottis trichogyna,wfo,0,,,Sarcoglottis trichogyna Cuatrec.,Cuatrec.,Orchidaceae,Sarcoglottis,trichogyna,species,,,,,wfo-0000303773,,Ciencia 27(6): 171 (1972).,,,unambiguous_accepted,wfo,"{""majorGroup"": ""A"", ""source"": ""World Checklist of Vascular Plants. Facilitated by the Royal Botanic Gardens, Kew."", ""taxonRemarks"": ""Source in seed data: wcs Leave these as they are. Our data is complete. Issue is the IPNI link., information provided by Alan E. on email Oct. 14 2020 More details could be found in <a href=http://www.theplantlist.org/tpl1.1/record/kew-185242 >The Plant"", ""tplId"": ""kew-185242"", ""wfo_nomenclatural_status"": ""Valid""}"
Sarcoglottis wernerherzogii,wcvp,0,,,"Sarcoglottis wernerherzogii Collantes, Edquén & Salazar","Collantes, Edquén & Salazar",Orchidaceae,Sarcoglottis,wernerherzogii,Species,,,3319212,77336120-1,,<NA>,(2023),Lankesteriana,Peru,unambiguous_accepted,wcvp,"{""climate_description"": ""seasonally dry tropical"", ""lifeform_description"": ""perennial or tuberous geophyte"", ""volume_and_page"": ""23: 625""}"
Sarcoglyphis fimbriatus,wfo,0,,,Sarcoglyphis fimbriatus (Ridl.) Garay,(Ridl.) Garay,Orchidaceae,Pennilabium,fimbriatum,species,,,,,wfo-0000266749,,Bot. Mus. Leafl. 23: 189 (1972),,,unambiguous_accepted,wfo,"{""majorGroup"": ""A"", ""originalNameUsageID"": ""wfo-0000299696"", ""references"": ""https://powo.science.kew.org/taxon/urn:lsid:ipni.org:names:650087-1"", ""source"": ""World Checklist of Vascular Plants. Facilitated by the Royal Botanic Gardens, Kew."", ""taxonRemarks"": ""Source in seed data: wcs Update namepublishedIn from Bot. Mus. Leafl. 23(4): 189. 1972 to Bot. Mus. Leafl. 23: 189 (1972), information provided by Alan E. on email Jun. 07 2021 More details could be found in <a href=http://www.theplantlist.org/tpl1.1/rec"", ""tplId"": ""kew-149772"", ""wfo_nomenclatural_status"": ""Valid""}"
Sarcoglyphis smithianus,wfo,0,,,Sarcoglyphis smithianus (Kerr) Seidenf.,(Kerr) Seidenf.,Orchidaceae,Sarcanthus,smithianus,species,,,,,wfo-0000303315,,"J. Siam Soc., Nat. Hist. Suppl. 9: 239 (1933)",,,unambiguous_accepted,wfo,"{""majorGroup"": ""A"", ""references"": ""https://powo.science.kew.org/taxon/urn:lsid:ipni.org:names:656445-1"", ""source"": ""World Checklist of Vascular Plants. Facilitated by the Royal Botanic Gardens, Kew."", ""taxonRemarks"": ""Source in seed data: wcs Update namepublishedIn from J. Siam Soc., Nat. Hist. Suppl. ix. 239 (1933). to J. Siam Soc., Nat. Hist. Suppl. 9: 239 (1933), information provided by Alan E. on email Jun. 07 2021 More details could be found in <a href=http://www"", ""tplId"": ""kew-184813"", ""wfo_nomenclatural_status"": ""Valid""}"
Satyrium cernuiflorum,wcvp,0,,,Satyrium cernuiflorum Castañeda-Zárate & van der Niet,Castañeda-Zárate & van der Niet,Orchidaceae,Satyrium,cernuiflorum,Species,,,3308898,77319080-1,,3308907,(2022),S. African J. Bot.,KwaZulu-Natal,unambiguous_accepted,wcvp,"{""climate_description"": ""subtropical"", ""lifeform_description"": ""tuberous geophyte"", ""volume_and_page"": ""150: 13""}"
Satyrium obsoletum,wcvp,2,"Habenaria obsoleta, Peristylus obsoletus","Habenaria obsoleta [Homotypic; wcvp], Peristylus obsoletus [Homotypic; wcvp]",Satyrium obsoletum Pers.,Pers.,Orchidaceae,Habenaria,obsoleta,Species,,,95235,637795-1,,186240,(1826),"Syst. Veg., ed. 16.",,unambiguous_accepted,wcvp,"{""volume_and_page"": ""3: 689""}"
Scaphosepalum erasmatopus,wfo,0,,,Scaphosepalum erasmatopus Schltr.,Schltr.,Orchidaceae,Scaphosepalum,erasmatopus,species,,,,,wfo-0001088234,,Repert. Spec. Nov. Regni Veg. 12: 204. 1913,,,unambiguous_accepted,wfo,"{""majorGroup"": ""A"", ""source"": ""World Checklist of Vascular Plants. Facilitated by the Royal Botanic Gardens, Kew."", ""taxonRemarks"": ""Source in seed data: tro Updated scientificName from Scaphosepalum erasmotopus to Scaphosepalum erasmatopus, according to IPNI. Information provided by Alan E. on email Jul. 15 2020. More details could be found in <a href=http://www.theplantlist.org/tpl1"", ""tplId"": ""tro-23503953"", ""wfo_nomenclatural_status"": ""Valid""}"
Scaphosepalum globiflorum,wcvp,0,,,Scaphosepalum globiflorum Vierling,Vierling,Orchidaceae,Scaphosepalum,globiflorum,Species,,,3308497,77313976-1,,<NA>,(2023),OrchideenJ.,Trop. America (?),unambiguous_accepted,wcvp,"{""climate_description"": ""wet tropical"", ""lifeform_description"": ""epiphyte"", ""volume_and_page"": ""30: 16""}"
Scaphosepalum reflexum,wcvp,0,,,Scaphosepalum reflexum Pupulin & Karremans,Pupulin & Karremans,Orchidaceae,Scaphosepalum,reflexum,Species,,,3308664,77312437-1,,<NA>,(2022),"Vanishing Beauty, Native Costa Rican Orchids",Costa Rica,unambiguous_accepted,wcvp,"{""climate_description"": ""wet tropical"", ""lifeform_description"": ""epiphyte"", ""volume_and_page"": ""3: 1049""}"
Scaphyglottis acostae,wcvp,1,Hexadesmia acostae,Hexadesmia acostae [Homotypic; wcvp],Scaphyglottis acostae (Schltr.) C.Schweinf.,(Schltr.) C.Schweinf.,Orchidaceae,Hexadesmia,acostae,Species,,,99045,121788-2,,<NA>,(1923),Repert. Spec. Nov. Regni Veg. Beih.,Costa Rica to W. Panama,unambiguous_accepted,wcvp,"{""volume_and_page"": ""19: 293""}"
Scelochilus heterophylla,cites_csv,0,,,"Scelochilus heterophylla Rchb.f., 1876","Rchb.f., 1876",Orchidaceae,Scelochilus,heterophylla,SPECIES,II,,,,,,,,Ecuador,unambiguous_accepted,cites_csv,"{""All_DistributionISOCodes"": ""EC"", ""NativeDistributionFullNames"": ""Ecuador""}"
Scelochilus jamesonii,cites_csv,0,,,"Scelochilus jamesonii Lindl. & Paxton, 1852","Lindl. & Paxton, 1852",Orchidaceae,Scelochilus,jamesonii,SPECIES,II,,,,,,,,Ecuador,unambiguous_accepted,cites_csv,"{""All_DistributionISOCodes"": ""EC"", ""NativeDistributionFullNames"": ""Ecuador""}"
Schoenorchis buddlejiflora,wfo,1,Saccolabium buddlejiflorum,Saccolabium buddlejiflorum [Unknown; wfo],Schoenorchis buddlejiflora (Schltr. & J.J.Sm.) J.J.Sm.,(Schltr. & J.J.Sm.) J.J.Sm.,Orchidaceae,Saccolabium,buddlejiflorum,species,,,,,wfo-0000299642,,Bull. Dép. Agric. Indes Néerl. 15: 25 (1908),,,unambiguous_accepted,wfo,"{""majorGroup"": ""A"", ""references"": ""https://powo.science.kew.org/taxon/urn:lsid:ipni.org:names:655947-1"", ""source"": ""World Checklist of Vascular Plants. Facilitated by the Royal Botanic Gardens, Kew."", ""taxonRemarks"": ""Source in seed data: wcs Update namepublishedIn from Bull. Dépt. Agric. Indes Néerl. 15: 25. 1908 to Bull. Dép. Agric. Indes Néerl. 15: 25 (1908), information provided by Alan E. on email Jun. 07 2021 More details could be found in <a href=http://www"", ""tplId"": ""kew-181372"", ""wfo_nomenclatural_status"": ""Valid""}"
Schoenorchis fragans,cites_csv,0,,,"Schoenorchis fragans (C.S.P.Parish & Rchb.f.) Seidenf. & Smitinand, 1963","(C.S.P.Parish & Rchb.f.) Seidenf. & Smitinand, 1963",Orchidaceae,Schoenorchis,fragans,SPECIES,II,,,,,,,,"China,India,Myanmar,Thailand",unambiguous_accepted,cites_csv,"{""All_DistributionISOCodes"": ""CN,IN,MM,TH"", ""NativeDistributionFullNames"": ""China,India,Myanmar,Thailand""}"
Schoenorchis kembangleutik,wcvp,0,,,Schoenorchis kembangleutik Yudistira & Mustaqim,Yudistira & Mustaqim,Orchidaceae,Schoenorchis,kembangleutik,Species,,,3308630,77322379-1,,<NA>,(2023),Blumea,Jawa,unambiguous_accepted,wcvp,"{""climate_description"": ""wet tropical"", ""lifeform_description"": ""epiphytic subshrub"", ""volume_and_page"": ""68: 66""}"
Schombolaelia tibibrosa,wcvp,1,Myrmecolaelia tibibrosa,Myrmecolaelia tibibrosa [Homotypic; wcvp],× Schombolaelia tibibrosa F.Hanb. ex Rolfe,F.Hanb. ex Rolfe,Orchidaceae,Myrmecolaelia,tibibrosa,Species,,,255060,60434125-2,,263603,(1920),Orchid Rev.,,unambiguous_accepted,wcvp,"{""hybrid"": true, ""volume_and_page"": ""28: 50""}"
Scuticaria steelii,wfo,1,Maxillaria steelii,Maxillaria steelii [Unknown; wfo],Scuticaria steelii (Hook.) Lindl.,(Hook.) Lindl.,Orchidaceae,Maxillaria,flabellifera,species,,,,,wfo-0000238386,,Edwards's Bot. Reg. 23: t. 1986 (1837),,,unambiguous_accepted,wfo,"{""majorGroup"": ""A"", ""references"": ""https://powo.science.kew.org/taxon/urn:lsid:ipni.org:names:77242534-1"", ""source"": ""World Checklist of Vascular Plants. Facilitated by the Royal Botanic Gardens, Kew."", ""taxonRemarks"": ""Source in seed data: wcs More details could be found in <a href=http://www.theplantlist.org/tpl1.1/record/kew-122519 >The Plant List v.1.1.</a> Originally in <a href=http://www.theplantlist.org/tpl/record/kew-122519 >The Plant List v.1.0</a>"", ""tplId"": ""kew-122519"", ""wfo_nomenclatural_status"": ""Valid""}"
Selenipedium pulchellum,wcvp,0,,,Selenipedium × pulchellum Rolfe,Rolfe,Orchidaceae,Selenipedium,pulchellum,Species,,,190449,77246293-1,,<NA>,(1893),Orchid Rev.,,unambiguous_accepted,wcvp,"{""hybrid"": true, ""volume_and_page"": ""1: 166""}"
Serapias complicata,wfo,0,,,Serapias × complicata E.G.Camus,E.G.Camus,Orchidaceae,Serapias,complicata,species,,,,,wfo-0001222287,,J. Bot. (Morot) 6: 34. 1892,,,unambiguous_accepted,wfo,"{""majorGroup"": ""A"", ""originalNameUsageID"": ""wfo-0001223461"", ""source"": ""World Checklist of Vascular Plants. Facilitated by the Royal Botanic Gardens, Kew."", ""taxonRemarks"": ""Source in seed data: tro Updated scientificnameAuthorship from (E.G.Camus) E.G.Camus to E.G.Camus, information provided by Alan E. on email Oct. 12 2020 More details could be found in <a href=http://www.theplantlist.org/tpl1.1/record/tro-50018470 >The Pl"", ""tplId"": ""tro-50018470"", ""wfo_nomenclatural_status"": ""Valid""}"
Serapias cortoghianae,wcvp,0,,,Serapias × cortoghianae M.P.Grasso,M.P.Grasso,Orchidaceae,Serapias,cortoghianae,Species,,,3319600,77344694-1,,<NA>,(2005),GIROS Notiz.,Sardegna,unambiguous_accepted,wcvp,"{""climate_description"": ""subtropical"", ""hybrid"": true, ""lifeform_description"": ""tuberous geophyte"", ""volume_and_page"": ""28: 29""}"
Serapias francavillae,wfo,0,,,"Serapias francavillae Cristaudo, Galesi & R.Lorenz","Cristaudo, Galesi & R.Lorenz",Orchidaceae,Serapias,francavillae,species,,,,,wfo-0000918755,,J. Eur. Orch. 41: 593 (2009),,,unambiguous_accepted,wfo,"{""majorGroup"": ""A"", ""references"": ""https://powo.science.kew.org/taxon/urn:lsid:ipni.org:names:77103674-1"", ""source"": ""World Checklist of Vascular Plants. Facilitated by the Royal Botanic Gardens, Kew."", ""taxonRemarks"": ""Source in seed data: wcs Update namepublishedIn from J. Eur. Orch. 41(3-4): 593 (-594; figs.). 2009 to J. Eur. Orch. 41: 593 (2009), information provided by Alan E. on email Jun. 07 2021 More details could be found in <a href=http://www.theplantlist.org/"", ""tplId"": ""kew-464174"", ""wfo_nomenclatural_status"": ""Valid""}"
Serapias polyaden,wcvp,2,"Cyclopogon polyaden, Stigmatosema polyaden","Cyclopogon polyaden [Homotypic; wcvp], Stigmatosema polyaden [Homotypic; wcvp]",Serapias polyaden Vell.,Vell.,Orchidaceae,Stigmatosema,polyaden,Species,,,197782,245851-2,,190718,(1980 publ. 1982),Bot. Mus. Leafl.,,unambiguous_accepted,wcvp,"{""climate_description"": ""seasonally dry tropical"", ""lifeform_description"": ""tuberous geophyte"", ""volume_and_page"": ""28: 377""}"
Serapias todari,wfo,0,,,Serapias todari Tineo,Tineo,Orchidaceae,Serapias,todari,species,,,,,wfo-0001222985,,Pl. Rar. Sicil. : 12 (1817),,,unambiguous_accepted,wfo,"{""majorGroup"": ""A"", ""references"": ""https://powo.science.kew.org/taxon/urn:lsid:ipni.org:names:657725-1"", ""source"": ""World Checklist of Vascular Plants. Facilitated by the Royal Botanic Gardens, Kew."", ""taxonRemarks"": ""Source in seed data: tro Update namepublishedIn from Pl. Rar. Sicil. 12 1817 to Pl. Rar. Sicil. : 12 (1817), information provided by Alan E. on email Jun. 07 2021 More details could be found in <a href=http://www.theplantlist.org/tpl1.1/record/tro-500258"", ""tplId"": ""tro-50025886"", ""wfo_nomenclatural_status"": ""Valid""}"
Serapicamptis annarellae,wcvp,0,,,× Serapicamptis annarellae Licheri & Medau,Licheri & Medau,Orchidaceae,Serapicamptis,annarellae,Species,,,3320250,77333154-1,,<NA>,(2023),GIROS Orch. Spont. Eur.,S.Europe,unambiguous_accepted,wcvp,"{""climate_description"": ""subtropical"", ""hybrid"": true, ""lifeform_description"": ""tuberous geophyte"", ""volume_and_page"": ""66: 340""}"
Serapicamptis timbali,wfo,2,"Paludorchiserapias timbali, Serapias timbali","Paludorchiserapias timbali [Unknown; wfo], Serapias timbali [Unknown; wfo]","× Serapicamptis timbali (K.Richt.) H.Kretzschmar, Eccarius & H.Dietr.","(K.Richt.) H.Kretzschmar, Eccarius & H.Dietr.",Orchidaceae,Orchis,complicata,species,,,,,wfo-0000259087,,Fl. France 13: 177 (1912),,,unambiguous_accepted,wfo,"{""majorGroup"": ""A"", ""originalNameUsageID"": ""wfo-0000260193"", ""references"": ""https://powo.science.kew.org/taxon/urn:lsid:ipni.org:names:648502-1"", ""source"": ""World Checklist of Vascular Plants. Facilitated by the Royal Botanic Gardens, Kew."", ""taxonRemarks"": ""Source in seed data: wcs Updated scientificnameAuthorship from (E.G.Camus) Rouy to Rouy, information provided by Alan E. on email Oct. 12 2020 More details could be found in <a href=http://www.theplantlist.org/tpl1.1/record/kew-142375 >The Plant List v.1"", ""tplId"": ""kew-142375"", ""wfo_nomenclatural_status"": ""Valid""}"
Serapicamptis timbalii,wcvp,2,"Paludorchiserapias timbalii, Serapias timbalii","Paludorchiserapias timbalii [Homotypic; wcvp], Serapias timbalii [Homotypic; wcvp]","× Serapicamptis timbalii (K.Richt.) H.Kretzschmar, Eccarius & H.Dietr.","(K.Richt.) H.Kretzschmar, Eccarius & H.Dietr.",Orchidaceae,Orchis,complicata,Species,,,142375,648502-1,,143416,(1912),Fl. France,S. Europe,unambiguous_accepted,wcvp,"{""volume_and_page"": ""13: 177""}"
Serapirhiza sambucino-lingua,wfo,0,,,Serapirhiza × sambucino-lingua (Barla) Garay & H.R.Sweet,(Barla) Garay & H.R.Sweet,Orchidaceae,Serapirhiza,sambucino-lingua,species,,,,,wfo-0001331296,,Bot. Mus. Leafl. 22: 287 (1969),,,unambiguous_accepted,wfo,"{""majorGroup"": ""A"", ""references"": ""https://powo.science.kew.org/taxon/urn:lsid:ipni.org:names:657745-1"", ""source"": ""World Checklist of Vascular Plants. Facilitated by the Royal Botanic Gardens, Kew."", ""taxonRemarks"": ""Source in seed data: ipni Update namepublishedIn from Bot. Mus. Leafl. 22: 287. 1969 to Bot. Mus. Leafl. 22: 287 (1969), information provided by Alan E. on email Jun. 07 2021"", ""wfo_nomenclatural_status"": ""Valid""}"
Sertifera albiflora,wcvp,0,,,"Sertifera albiflora Szlach., Kolan. & Medina Tr.","Szlach., Kolan. & Medina Tr.",Orchidaceae,Sertifera,albiflora,Species,,,3311303,<NA>,,<NA>,(2014),Biodivers. Res. Conservation,S. Colombia,unambiguous_accepted,wcvp,"{""climate_description"": ""wet tropical"", ""lifeform_description"": ""perennial"", ""volume_and_page"": ""35: 20""}"
Sigmatostalix ibis,cites_csv,0,,,Sigmatostalix ibis K.S.Walter,K.S.Walter,Orchidaceae,Sigmatostalix,ibis,SPECIES,II,,,,,,,,Colombia,unambiguous_accepted,cites_csv,"{""All_DistributionISOCodes"": ""CO"", ""NativeDistributionFullNames"": ""Colombia""}"
Silvorchis proboscidea,wcvp,1,Vietorchis proboscidea,Vietorchis proboscidea [Homotypic; wcvp],"Silvorchis proboscidea (Aver., Vuong & V.C.Nguyen) R.Kr.Singh & Sanjeet Kumar","(Aver., Vuong & V.C.Nguyen) R.Kr.Singh & Sanjeet Kumar",Orchidaceae,Silvorchis,proboscidea,Species,,,3319510,77350109-1,,3309751,(2024),J. Biodivers. Conservation,Vietnam,unambiguous_accepted,wcvp,"{""climate_description"": ""wet tropical"", ""lifeform_description"": ""holomycotroph"", ""volume_and_page"": ""8(4): 103""}"
Sirindhornia khaohuamotensis,wcvp,0,,,Sirindhornia × khaohuamotensis J.M.H.Shaw,J.M.H.Shaw,Orchidaceae,Sirindhornia,khaohuamotensis,Species,,,3319303,77337920-1,,<NA>,(2024),Orchids (West Palm Beach),N. Thailand,unambiguous_accepted,wcvp,"{""climate_description"": ""temperate"", ""hybrid"": true, ""lifeform_description"": ""tuberous geophyte"", ""volume_and_page"": ""93: 17""}"
Smithsonia viridiﬂora (Dalzell) C.J.Saldanha,cites_pdf,0,,,Smithsonia viridiﬂora (Dalzell) C.J.Saldanha,,Orchidaceae,Aerides,dalzelliana,,,,,,,,,,,unambiguous_accepted,cites_pdf,"{""accepted_genus"": ""Smithsonia"", ""page"": 16, ""y"": 455.1}"
Sobennikoﬃa fournieriana,cites_pdf,0,,,Sobennikoﬃa fournieriana (Kraenzl.) Schltr.,(Kraenzl.) Schltr.,Orchidaceae,Angraecum,fournierianum,,,,,,,,,,,unambiguous_accepted,cites_pdf,"{""accepted_genus"": ""Sobennikoﬃa"", ""page"": 35, ""y"": 586.6}"
Sobennikoﬃa robusta,cites_pdf,0,,,Sobennikoﬃa robusta (Schltr.) Schltr.,(Schltr.) Schltr.,Orchidaceae,Angraecum,robustum,,,,,,,,,,,unambiguous_accepted,cites_pdf,"{""accepted_genus"": ""Sobennikoﬃa"", ""page"": 42, ""y"": 610.5}"
Sobralia angelus,wcvp,0,,,Sobralia angelus Archila & Chiron,Archila & Chiron,Orchidaceae,Sobralia,angelus,Species,,,3308945,77330432-1,,<NA>,(2013 publ. 2014),Revista Guatemalensis,Guatemala,unambiguous_accepted,wcvp,"{""climate_description"": ""wet tropical"", ""volume_and_page"": ""16(2): 55""}"
Sobralia carnosa,wcvp,0,,,Sobralia carnosa Archila & Chiron,Archila & Chiron,Orchidaceae,Sobralia,carnosa,Species,,,3308944,77330433-1,,<NA>,(2013 publ. 2014),Revista Guatemalensis,Guatemala,unambiguous_accepted,wcvp,"{""climate_description"": ""wet tropical"", ""volume_and_page"": ""16(2): 57""}"
Sobralia cascajaliana,wcvp,0,,,Sobralia cascajaliana Archila & Chiron,Archila & Chiron,Orchidaceae,Sobralia,cascajaliana,Species,,,3308575,77331939-1,,<NA>,(2013 publ. 2014),Revista Guatemalensis,Guatemala,unambiguous_accepted,wcvp,"{""climate_description"": ""wet tropical"", ""volume_and_page"": ""16(2): 59""}"
Sobralia claudiae,wcvp,0,,,Sobralia claudiae Archila & Chiron,Archila & Chiron,Orchidaceae,Sobralia,claudiae,Species,,,3308941,77330562-1,,<NA>,(2013 publ. 2014),Revista Guatemalensis,Guatemala,unambiguous_accepted,wcvp,"{""climate_description"": ""wet tropical"", ""volume_and_page"": ""16(2): 61""}"
Sobralia cordovarum,wcvp,0,,,Sobralia cordovarum Archila & Chiron,Archila & Chiron,Orchidaceae,Sobralia,cordovarum,Species,,,3308981,77330569-1,,<NA>,(2013 publ. 2014),Revista Guatemalensis,Guatemala,unambiguous_accepted,wcvp,"{""climate_description"": ""wet tropical"", ""volume_and_page"": ""16(2): 67""}"
Sobralia donemilioi,wcvp,0,,,Sobralia donemilioi Archila & Chiron,Archila & Chiron,Orchidaceae,Sobralia,donemilioi,Species,,,3308586,77331940-1,,<NA>,(2013 publ. 2014),Revista Guatemalensis,Guatemala,unambiguous_accepted,wcvp,"{""climate_description"": ""wet tropical"", ""volume_and_page"": ""16(2): 69""}"
Sobralia elisabethiae,wfo,0,,,Sobralia elisabethiae R.H.Schomb.,R.H.Schomb.,Orchidaceae,Sobralia,elisabethiae,species,,,,,wfo-0000311484,,Verh. Befoerd. Gartenb. Preuss. 15: 137 (1841),,,unambiguous_accepted,wfo,"{""majorGroup"": ""A"", ""references"": ""https://powo.science.kew.org/taxon/urn:lsid:ipni.org:names:327576-2"", ""source"": ""World Checklist of Vascular Plants. Facilitated by the Royal Botanic Gardens, Kew."", ""taxonRemarks"": ""Source in seed data: wcs Update namepublishedIn from Verh. Befoerd. Gartenb. Preuss. 15: 137 1841 to Verh. Befoerd. Gartenb. Preuss. 15: 137 (1841), information provided by Alan E. on email Jun. 07 2021 More details could be found in <a href=http://www.t"", ""tplId"": ""kew-192652"", ""wfo_nomenclatural_status"": ""Valid""}"
Sobralia erickii,wcvp,0,,,Sobralia erickii Archila & Chiron,Archila & Chiron,Orchidaceae,Sobralia,erickii,Species,,,3308569,77331941-1,,<NA>,(2013 publ. 2014),Revista Guatemalensis,Guatemala,unambiguous_accepted,wcvp,"{""climate_description"": ""wet tropical"", ""volume_and_page"": ""16(2): 71""}"
Sobralia eulerorum,wcvp,0,,,Sobralia eulerorum Archila & Chiron,Archila & Chiron,Orchidaceae,Sobralia,eulerorum,Species,,,3308568,77331942-1,,<NA>,(2013 publ. 2014),Revista Guatemalensis,Guatemala,unambiguous_accepted,wcvp,"{""climate_description"": ""wet tropical"", ""volume_and_page"": ""16(2): 73""}"
Sobralia fratercula,wcvp,0,,,Sobralia fratercula Archila & Chiron,Archila & Chiron,Orchidaceae,Sobralia,fratercula,Species,,,3308566,77331943-1,,<NA>,(2013 publ. 2014),Revista Guatemalensis,Guatemala,unambiguous_accepted,wcvp,"{""climate_description"": ""wet tropical"", ""volume_and_page"": ""16(2): 76""}"
Sobralia javieri,wcvp,0,,,Sobralia javieri Archila & Chiron,Archila & Chiron,Orchidaceae,Sobralia,javieri,Species,,,3308565,77331944-1,,<NA>,(2013 publ. 2014),Revista Guatemalensis,Guatemala,unambiguous_accepted,wcvp,"{""climate_description"": ""wet tropical"", ""volume_and_page"": ""16(2): 78""}"
Sobralia laurisii,wcvp,0,,,Sobralia laurisii Archila & Chiron,Archila & Chiron,Orchidaceae,Sobralia,laurisii,Species,,,3308946,77330430-1,,<NA>,(2013 publ. 2014),Revista Guatemalensis,Guatemala,unambiguous_accepted,wcvp,"{""climate_description"": ""wet tropical"", ""volume_and_page"": ""16(2): 80""}"
Sobralia mayana,wcvp,0,,,Sobralia mayana Archila & Chiron,Archila & Chiron,Orchidaceae,Sobralia,mayana,Species,,,3308564,77331947-1,,<NA>,(2013 publ. 2014),Revista Guatemalensis,Guatemala,unambiguous_accepted,wcvp,"{""climate_description"": ""wet tropical"", ""volume_and_page"": ""16(2): 82""}"
Sobralia oscarrodrigoi,wcvp,0,,,Sobralia oscarrodrigoi Archila & Chiron,Archila & Chiron,Orchidaceae,Sobralia,oscarrodrigoi,Species,,,3308563,77331948-1,,<NA>,(2013 publ. 2014),Revista Guatemalensis,Guatemala,unambiguous_accepted,wcvp,"{""climate_description"": ""wet tropical"", ""volume_and_page"": ""16(2): 84""}"
Sobralia paredesii,wcvp,0,,,Sobralia paredesii Archila & Chiron,Archila & Chiron,Orchidaceae,Sobralia,paredesii,Species,,,3308561,77331949-1,,<NA>,(2013 publ. 2014),Revista Guatemalensis,Guatemala,unambiguous_accepted,wcvp,"{""climate_description"": ""wet tropical"", ""volume_and_page"": ""16(2): 86""}"
Sobralia parva,wcvp,0,,,Sobralia parva Pupulin,Pupulin,Orchidaceae,Sobralia,parva,Species,,,3308663,77312438-1,,<NA>,(2022),"Vanishing Beauty, Native Costa Rican Orchids",Costa Rica,unambiguous_accepted,wcvp,"{""climate_description"": ""wet tropical"", ""volume_and_page"": ""3: 1086""}"
Sobralia quadrilabiata,wcvp,0,,,Sobralia quadrilabiata Archila & Chiron,Archila & Chiron,Orchidaceae,Sobralia,quadrilabiata,Species,,,3308560,77331950-1,,<NA>,(2013 publ. 2014),Revista Guatemalensis,Guatemala,unambiguous_accepted,wcvp,"{""climate_description"": ""wet tropical"", ""volume_and_page"": ""16(2): 88""}"
Sobralia queqchiana,wcvp,0,,,Sobralia queqchiana Archila & Chiron,Archila & Chiron,Orchidaceae,Sobralia,queqchiana,Species,,,3308559,77331951-1,,<NA>,(2013 publ. 2014),Revista Guatemalensis,Guatemala,unambiguous_accepted,wcvp,"{""climate_description"": ""wet tropical"", ""volume_and_page"": ""16(2): 90""}"
Sobralia rosei,wcvp,0,,,"Sobralia rosei Archila, Chiron & Véliz","Archila, Chiron & Véliz",Orchidaceae,Sobralia,rosei,Species,,,3308603,77331960-1,,<NA>,(2013 publ. 2014),Revista Guatemalensis,Guatemala,unambiguous_accepted,wcvp,"{""climate_description"": ""wet tropical"", ""volume_and_page"": ""16(2): 92""}"
Sobralia rueckeri,wcvp,0,,,Sobralia rueckeri Linden,Linden,Orchidaceae,Cattleya,rueckeri,Species,,,36095,622223-1,,192730,(1854),Prakt. Stud. Orchid.,Colombia to NW. Venezuela,unambiguous_accepted,wcvp,"{""volume_and_page"": "": 214""}"
Sobralia senahuteca,wcvp,0,,,Sobralia senahuteca Archila & Chiron,Archila & Chiron,Orchidaceae,Sobralia,senahuteca,Species,,,3308608,77331963-1,,<NA>,(2013 publ. 2014),Revista Guatemalensis,Guatemala,unambiguous_accepted,wcvp,"{""climate_description"": ""wet tropical"", ""volume_and_page"": ""16(2): 96""}"
Solenangis impraedicta,wcvp,0,,,"Solenangis impraedicta Stévart, Farminhão, Savignac, Verlynde & Ramand.","Stévart, Farminhão, Savignac, Verlynde & Ramand.",Orchidaceae,Solenangis,impraedicta,Species,,,3319238,77339153-1,,<NA>,(2024),Curr. Biol.,Madagascar,unambiguous_accepted,wcvp,"{""climate_description"": ""seasonally dry tropical"", ""lifeform_description"": ""epiphytic subshrub"", ""volume_and_page"": ""34(5): R189""}"
Solenangis wakeﬁeldii (Rolfe) P.J.Cribb & J.Stewart,cites_pdf,1,Angraecum wakeﬁeldii Rolfe,Angraecum wakeﬁeldii Rolfe [Unknown; cites_pdf],Solenangis wakeﬁeldii (Rolfe) P.J.Cribb & J.Stewart,,Orchidaceae,Angraecum,wakeﬁeldii,,,,,,,,,,,unambiguous_accepted,cites_pdf,"{""accepted_genus"": ""Solenangis"", ""page"": 45, ""y"": 550.7}"
Sophrocattleya dayana,wcvp,3,"Brasicattleya dayana, Hadrocattleya dayana, Laeliocattleya dayana","Brasicattleya dayana [Homotypic; wcvp], Hadrocattleya dayana [Homotypic; wcvp], Laeliocattleya dayana [Nomenclatural; wcvp]",× Sophrocattleya dayana (Pabst) Van den Berg & M.W.Chase,(Pabst) Van den Berg & M.W.Chase,Orchidaceae,Brasicattleya,dayana,Species,,,346115,60445186-2,,107130,(2006),Colet. Orquídeas Brasil.,,unambiguous_accepted,wcvp,"{""hybrid"": true, ""volume_and_page"": ""4(Pré-anexo): 102""}"
Specklinia armindae,wcvp,0,,,Specklinia armindae Campacci & C.R.M.Silva,Campacci & C.R.M.Silva,Orchidaceae,Specklinia,armindae,Species,,,3309021,77313267-1,,<NA>,(2022),Colet. Orquídeas Brasil.,Brazil (Espírito Santo),unambiguous_accepted,wcvp,"{""climate_description"": ""wet tropical"", ""lifeform_description"": ""epiphyte"", ""volume_and_page"": ""18: 746""}"
Specklinia gemina,wcvp,0,,,Specklinia gemina (H.Stenzel) Bécquer,(H.Stenzel) Bécquer,Orchidaceae,Pleurothallis,gemina,Species,,,159961,320964-2,,<NA>,(2001),Lindleyana,E. Cuba,unambiguous_accepted,wcvp,"{""climate_description"": ""wet tropical"", ""lifeform_description"": ""epiphyte"", ""volume_and_page"": ""16: 28""}"
Specklinia mitchelii,wfo,0,,,Specklinia mitchelii (Dod) Luer,(Dod) Luer,Orchidaceae,Pleurothallis,mitchellii,species,,,,,wfo-0000277873,,Moscosoa 3: 109 (1984),,,unambiguous_accepted,wfo,"{""majorGroup"": ""A"", ""references"": ""https://powo.science.kew.org/taxon/urn:lsid:ipni.org:names:283327-2"", ""source"": ""World Checklist of Vascular Plants. Facilitated by the Royal Botanic Gardens, Kew."", ""taxonRemarks"": ""Source in seed data: wcs Update namepublishedIn from Moscosoa 3: 109 1984 to Moscosoa 3: 109 (1984), information provided by Alan E. on email Jun. 07 2021 More details could be found in <a href=http://www.theplantlist.org/tpl1.1/record/kew-160421 >The Pl"", ""tplId"": ""kew-160421"", ""wfo_nomenclatural_status"": ""Valid""}"
Spiranthes hachijoensis,wcvp,0,,,Spiranthes hachijoensis Suetsugu,Suetsugu,Orchidaceae,Spiranthes,hachijoensis,Species,,,3308718,77317799-1,,<NA>,(2023),J. Pl. Res.,SC. & S. Japan to Nansei-shotō,unambiguous_accepted,wcvp,"{""climate_description"": ""temperate"", ""lifeform_description"": ""tuberous geophyte"", ""volume_and_page"": ""136: 345""}"
Spiranthes minamitaniana,wcvp,0,,,Spiranthes minamitaniana Suetsugu,Suetsugu,Orchidaceae,Spiranthes,minamitaniana,Species,,,3309157,77320931-1,,<NA>,(2023),Phytotaxa,Japan (Kyushu),unambiguous_accepted,wcvp,"{""climate_description"": ""temperate"", ""lifeform_description"": ""rhizomatous geophyte"", ""volume_and_page"": ""599: 145""}"
Stanhopea acostae,cites_csv,0,,,Stanhopea acostae Dodson & Escobar,Dodson & Escobar,Orchidaceae,Stanhopea,acostae,SPECIES,II,,,,,,,,Colombia,unambiguous_accepted,cites_csv,"{""All_DistributionISOCodes"": ""CO"", ""NativeDistributionFullNames"": ""Colombia""}"
Stanhopea haseloriana,cites_csv,0,,,Stanhopea haseloriana Rchb.f.,Rchb.f.,Orchidaceae,Stanhopea,haseloriana,SPECIES,II,,,,,,,,Peru,unambiguous_accepted,cites_csv,"{""All_DistributionISOCodes"": ""PE"", ""NativeDistributionFullNames"": ""Peru""}"
Stanhopea haseloviana,wfo,0,,,Stanhopea haseloviana Rchb.f.,Rchb.f.,Orchidaceae,Stanhopea,haseloviana,species,,,,,wfo-0001088296,,Allg. Gartenzeitung 23: 322 (1855),,,unambiguous_accepted,wfo,"{""majorGroup"": ""A"", ""source"": ""World Checklist of Vascular Plants. Facilitated by the Royal Botanic Gardens, Kew."", ""taxonRemarks"": ""Source in seed data: tro Update namepublishedIn from Allg. Gartenzeitung 23: 322 1855 to Allg. Gartenzeitung 23: 322 (1855), information provided by Alan E. on email Jun. 07 2021 More details could be found in <a href=http://www.theplantlist.org/tpl1.1/r"", ""tplId"": ""tro-23506844"", ""wfo_nomenclatural_status"": ""Valid""}"
Stanhopea spindleriana,wcvp,0,,,Stanhopea × spindleriana Kraenzl.,Kraenzl.,Orchidaceae,Stanhopea,spindleriana,Species,,,196161,658611-1,,<NA>,(1890),Gartenflora,,unambiguous_accepted,wcvp,"{""hybrid"": true, ""volume_and_page"": ""39: 619""}"
Stelis biflora,wcvp,1,Tribrachia biflora,Tribrachia biflora [Homotypic; wcvp],Stelis biflora Sm.,Sm.,Orchidaceae,Tribrachia,biflora,Species,,,207742,660435-1,,196344,(1826),Coll. Bot.,,unambiguous_accepted,wcvp,"{""volume_and_page"": "": t. 41""}"
Stelis bota-caucanensis,wcvp,0,,,Stelis bota-caucanensis Uribe Vélez & Sauleda,Uribe Vélez & Sauleda,Orchidaceae,Stelis,bota-caucanensis,Species,,,549024,77222837-1,,<NA>,(2021),New World Orchid. Nomencl. Notes,Colombia,unambiguous_accepted,wcvp,"{""climate_description"": ""wet tropical"", ""lifeform_description"": ""epiphyte"", ""volume_and_page"": ""100: 1""}"
Stelis botacaucanensis,wfo,0,,,Stelis botacaucanensis Uribe Vélez & Sauleda,Uribe Vélez & Sauleda,Orchidaceae,Stelis,botacaucanensis,species,,,,,wfo-1000029073,,New World Orchid. Nomencl. Notes 100: 1 (2021),,,unambiguous_accepted,wfo,"{""majorGroup"": ""A"", ""references"": ""https://powo.science.kew.org/taxon/urn:lsid:ipni.org:names:77222837-1"", ""source"": ""World Checklist of Vascular Plants. Facilitated by the Royal Botanic Gardens, Kew."", ""wfo_nomenclatural_status"": ""Valid""}"
Stelis breviloba,wcvp,0,,,Stelis breviloba Solano & Salazar,Solano & Salazar,Orchidaceae,Stelis,breviloba,Species,,,3308868,77328620-1,,<NA>,(2023),Bot. Sci.,"Mexico (Guerrero, Oaxaca)",unambiguous_accepted,wcvp,"{""climate_description"": ""wet tropical"", ""lifeform_description"": ""epiphyte"", ""volume_and_page"": ""101: 1241""}"
Stelis cuprea,wfo,0,,,Stelis cuprea Lindl. ex Lemée,Lindl. ex Lemée,Orchidaceae,Stelis,cuprea,species,,,,,wfo-0001089122,,Not listed in IK.,,,unambiguous_accepted,wfo,"{""majorGroup"": ""A"", ""source"": ""World Checklist of Vascular Plants. Facilitated by the Royal Botanic Gardens, Kew."", ""taxonRemarks"": ""Source in seed data: tro More details could be found in <a href=http://www.theplantlist.org/tpl1.1/record/tro-23525233 >The Plant List v.1.1.</a> Originally in <a href=http://www.theplantlist.org/tpl/record/tro-23525233 >The Plant List v.1.0</a>"", ""tplId"": ""tro-23525233"", ""wfo_nomenclatural_status"": ""Valid""}"
Stelis deuteroadrianae,wcvp,0,,,Stelis deuteroadrianae J.M.H.Shaw,J.M.H.Shaw,Orchidaceae,Stelis,adriananijhuisae,Species,,,497942,77148405-1,,459391,(2014),Lankesteriana,Panama,unambiguous_accepted,wcvp,"{""nomenclatural_remarks"": "", nom. superfl."", ""volume_and_page"": ""14: 265""}"
Stelis deuterowerneri,wfo,0,,,Stelis deuterowerneri J.M.H.Shaw,J.M.H.Shaw,Orchidaceae,Effusiella,werneri,species,,,,,wfo-0001329167,,Harvard Pap. Bot. 16: 324 (2011),,,unambiguous_accepted,wfo,"{""majorGroup"": ""A"", ""references"": ""https://powo.science.kew.org/taxon/urn:lsid:ipni.org:names:60458285-2"", ""source"": ""World Checklist of Vascular Plants. Facilitated by the Royal Botanic Gardens, Kew."", ""taxonRemarks"": ""Source in seed data: ipni Update namepublishedIn from Harvard Pap. Bot. 16(2): 324 (fig. 18). 2011 [Dec 2011] to Harvard Pap. Bot. 16: 324 (2011), information provided by Alan E. on email Jun. 07 2021"", ""wfo_nomenclatural_status"": ""Valid""}"
Stelis fons-florum,wfo,1,Crocodeilanthe fons-florum,Crocodeilanthe fons-florum [Unknown; wfo],Stelis fons-florum (Lindl.) Pridgeon & M.W.Chase,(Lindl.) Pridgeon & M.W.Chase,Orchidaceae,Humboltia,fonsflorum,species,,,,,wfo-0000215405,,Revis. Gen. Pl. 2: 667 (1891),,,unambiguous_accepted,wfo,"{""majorGroup"": ""A"", ""originalNameUsageID"": ""wfo-0000277325"", ""references"": ""https://powo.science.kew.org/taxon/urn:lsid:ipni.org:names:1017729-1"", ""source"": ""World Checklist of Vascular Plants. Facilitated by the Royal Botanic Gardens, Kew."", ""taxonRemarks"": ""Source in seed data: wcs Updated scientificnameAuthorship from (Lindl.) Kuntze to Kuntze, information provided by Alan E. on email Oct. 12 2020 More details could be found in <a href=http://www.theplantlist.org/tpl1.1/record/kew-100561 >The Plant List v."", ""tplId"": ""kew-100561"", ""wfo_nomenclatural_status"": ""Valid""}"
Stelis garcia-barrigae,wcvp,1,Crocodeilanthe garcia-barrigae,Crocodeilanthe garcia-barrigae [Homotypic; wcvp],Stelis garcia-barrigae (Kolan. & Szlach.) Karremans,(Kolan. & Szlach.) Karremans,Orchidaceae,Crocodeilanthe,garcia-barrigae,Species,,,546977,77218150-1,,<NA>,(2020),Phyton (Horn),Colombia,unambiguous_accepted,wcvp,"{""volume_and_page"": ""60: 120""}"
Stelis garciabarrigae,wfo,1,Crocodeilanthe garciabarrigae,Crocodeilanthe garciabarrigae [Unknown; wfo],Stelis garciabarrigae (Kolan. & Szlach.) Karremans,(Kolan. & Szlach.) Karremans,Orchidaceae,Crocodeilanthe,garciabarrigae,species,,,,,wfo-1000021840,,Phyton (Horn) 60: 120 (2020),,,unambiguous_accepted,wfo,"{""majorGroup"": ""A"", ""references"": ""https://powo.science.kew.org/taxon/urn:lsid:ipni.org:names:77218150-1"", ""source"": ""World Checklist of Vascular Plants. Facilitated by the Royal Botanic Gardens, Kew."", ""wfo_nomenclatural_status"": ""Valid""}"
Stelis gustavii,wfo,0,,,Stelis gustavii O.Duque,O.Duque,Orchidaceae,Stelis,gustavii,species,,,,,wfo-0000315552,,Orquideologia 20(3): 348. 1997,,,unambiguous_accepted,wfo,"{""majorGroup"": ""A"", ""source"": ""World Checklist of Vascular Plants. Facilitated by the Royal Botanic Gardens, Kew."", ""taxonRemarks"": ""Source in seed data: wcs Updated namepublishedIn from Orquideologia 20: 348 1997 to Orquideologia 20(3): 348. 1997 , information provided by Alan E. on email Oct. 12 2020 More details could be found in <a href=http://www.theplantlist.org/tpl1.1/record/ke"", ""tplId"": ""kew-196541"", ""wfo_nomenclatural_status"": ""Valid""}"
Stelis gustavo-romeroi,wcvp,1,Crocodeilanthe gustavo-romeroi,Crocodeilanthe gustavo-romeroi [Homotypic; wcvp],Stelis gustavo-romeroi (Kolan. & Szlach.) Karremans,(Kolan. & Szlach.) Karremans,Orchidaceae,Stelis,gustavo-romeroi,Species,,,549152,77218316-1,,546965,(2021),Phytotaxa,Colombia,unambiguous_accepted,wcvp,"{""climate_description"": ""wet tropical"", ""lifeform_description"": ""epiphyte"", ""volume_and_page"": ""496: 137""}"
Stelis gustavoromeroi,wfo,1,Crocodeilanthe gustavoromeroi,Crocodeilanthe gustavoromeroi [Unknown; wfo],Stelis gustavoromeroi (Kolan. & Szlach.) Karremans,(Kolan. & Szlach.) Karremans,Orchidaceae,Crocodeilanthe,gustavoromeroi,species,,,,,wfo-1000021841,,Phyton (Horn) 60: 121 (2020),,,unambiguous_accepted,wfo,"{""majorGroup"": ""A"", ""references"": ""https://powo.science.kew.org/taxon/urn:lsid:ipni.org:names:77218151-1"", ""source"": ""World Checklist of Vascular Plants. Facilitated by the Royal Botanic Gardens, Kew."", ""wfo_nomenclatural_status"": ""Valid""}"
Stelis imrayi,wfo,4,"Effusiella imrayi, Humboltia imrayi, Pleurothallis imrayi, Specklinia imrayi","Effusiella imrayi [Unknown; wfo], Humboltia imrayi [Unknown; wfo], Pleurothallis imrayi [Unknown; wfo], Specklinia imrayi [Unknown; wfo]",Stelis imrayi (Lindl.) Pridgeon & M.W.Chase,(Lindl.) Pridgeon & M.W.Chase,Orchidaceae,Humboltia,imrayi,species,,,,,wfo-0000215437,,Revis. Gen. Pl. 2: 667 (1891),,,unambiguous_accepted,wfo,"{""majorGroup"": ""A"", ""originalNameUsageID"": ""wfo-0000277544"", ""references"": ""https://powo.science.kew.org/taxon/urn:lsid:ipni.org:names:124573-2"", ""source"": ""World Checklist of Vascular Plants. Facilitated by the Royal Botanic Gardens, Kew."", ""taxonRemarks"": ""Source in seed data: wcs Update namepublishedIn from Revis. Gen. Pl. 2: 667 1891 to Revis. Gen. Pl. 2: 667 (1891), information provided by Alan E. on email Jun. 07 2021 More details could be found in <a href=http://www.theplantlist.org/tpl1.1/record/kew-"", ""tplId"": ""kew-100590"", ""wfo_nomenclatural_status"": ""Valid""}"
Stelis lamartina,wcvp,0,,,Stelis lamartina Karremans & Pupulin,Karremans & Pupulin,Orchidaceae,Stelis,lamartina,Species,,,3308661,77312442-1,,<NA>,(2022),"Vanishing Beauty, Native Costa Rican Orchids",Costa Rica,unambiguous_accepted,wcvp,"{""climate_description"": ""wet tropical"", ""lifeform_description"": ""epiphyte"", ""volume_and_page"": ""3: 1158""}"
Stelis luz-marinae,wcvp,0,,,Stelis luz-marinae Rojas-Alv.,Rojas-Alv.,Orchidaceae,Stelis,luz-marinae,Species,,,3308857,77325136-1,,<NA>,(2023),Phytotaxa,Costa Rica,unambiguous_accepted,wcvp,"{""climate_description"": ""wet tropical"", ""lifeform_description"": ""epiphyte"", ""volume_and_page"": ""607: 206""}"
Stelis puerorum,wcvp,0,,,Stelis puerorum Karremans & Pupulin,Karremans & Pupulin,Orchidaceae,Stelis,puerorum,Species,,,3308662,77312439-1,,<NA>,(2022),"Vanishing Beauty, Native Costa Rican Orchids",Costa Rica,unambiguous_accepted,wcvp,"{""climate_description"": ""wet tropical"", ""lifeform_description"": ""epiphyte"", ""volume_and_page"": ""3: 1158""}"
Stelis purdiei,wfo,0,,,Stelis purdiei Lindl.,Lindl.,Orchidaceae,Stelis,purdiei,species,,,,,wfo-0001088337,,Fol. Orchid. 8: 5 (1859),,,unambiguous_accepted,wfo,"{""majorGroup"": ""A"", ""source"": ""World Checklist of Vascular Plants. Facilitated by the Royal Botanic Gardens, Kew."", ""taxonRemarks"": ""Source in seed data: tro Update namepublishedIn from Fol. Orchid. 8(Stelis): 5. 1859 [Feb 1859] to Fol. Orchid. 8: 5 (1859), information provided by Alan E. on email Jun. 07 2021 More details could be found in <a href=http://www.theplantlist.org/tpl1.1/r"", ""tplId"": ""tro-23507883"", ""wfo_nomenclatural_status"": ""Valid""}"
Stelis quadriﬁda (Lex.) Solano & Soto Arenas,cites_pdf,1,Dendrobium quadriﬁdum Lex.,Dendrobium quadriﬁdum Lex. [Unknown; cites_pdf],Stelis quadriﬁda (Lex.) Solano & Soto Arenas,,Orchidaceae,Dendrobium,quadriﬁdum,,,,,,,,,,,unambiguous_accepted,cites_pdf,"{""accepted_genus"": ""Stelis"", ""page"": 286, ""y"": 359.4}"
Stelis ramiro-medinae,wcvp,1,Crocodeilanthe ramiro-medinae,Crocodeilanthe ramiro-medinae [Homotypic; wcvp],Stelis ramiro-medinae (Kolan. & Szlach.) Karremans,(Kolan. & Szlach.) Karremans,Orchidaceae,Stelis,ramiro-medinae,Species,,,549157,77218335-1,,546968,(2021),Phytotaxa,Colombia,unambiguous_accepted,wcvp,"{""climate_description"": ""wet tropical"", ""lifeform_description"": ""epiphyte"", ""volume_and_page"": ""496: 141""}"
Stelis ramiromedinae,wfo,1,Crocodeilanthe ramiromedinae,Crocodeilanthe ramiromedinae [Unknown; wfo],Stelis ramiromedinae (Kolan. & Szlach.) Karremans,(Kolan. & Szlach.) Karremans,Orchidaceae,Crocodeilanthe,ramiromedinae,species,,,,,wfo-1000021852,,Phyton (Horn) 60: 130 (2020),,,unambiguous_accepted,wfo,"{""majorGroup"": ""A"", ""references"": ""https://powo.science.kew.org/taxon/urn:lsid:ipni.org:names:77218162-1"", ""source"": ""World Checklist of Vascular Plants. Facilitated by the Royal Botanic Gardens, Kew."", ""wfo_nomenclatural_status"": ""Valid""}"
Stelis romero-castanedae,wcvp,1,Crocodeilanthe romero-castanedae,Crocodeilanthe romero-castanedae [Homotypic; wcvp],Stelis romero-castanedae (Kolan. & Szlach.) Karremans,(Kolan. & Szlach.) Karremans,Orchidaceae,Stelis,romero-castanedae,Species,,,549166,77218342-1,,546989,(2021),Phytotaxa,Colombia,unambiguous_accepted,wcvp,"{""climate_description"": ""wet tropical"", ""lifeform_description"": ""epiphyte"", ""volume_and_page"": ""496: 142""}"
Stelis romerocastanedae,wfo,1,Crocodeilanthe romerocastanedae,Crocodeilanthe romerocastanedae [Unknown; wfo],Stelis romerocastanedae (Kolan. & Szlach.) Karremans,(Kolan. & Szlach.) Karremans,Orchidaceae,Crocodeilanthe,romerocastanedae,species,,,,,wfo-1000021856,,Phyton (Horn) 60: 134 (2020),,,unambiguous_accepted,wfo,"{""majorGroup"": ""A"", ""references"": ""https://powo.science.kew.org/taxon/urn:lsid:ipni.org:names:77218166-1"", ""source"": ""World Checklist of Vascular Plants. Facilitated by the Royal Botanic Gardens, Kew."", ""wfo_nomenclatural_status"": ""Valid""}"
Stelis sanchoii,wfo,0,,,Stelis sanchoii Ames,Ames,Orchidaceae,Stelis,sanchoii,species,,,,,wfo-0000315855,,Schedul. Orchid. 4: 13 (1923),,,unambiguous_accepted,wfo,"{""majorGroup"": ""A"", ""references"": ""https://powo.science.kew.org/taxon/urn:lsid:ipni.org:names:244054-2"", ""source"": ""World Checklist of Vascular Plants. Facilitated by the Royal Botanic Gardens, Kew."", ""taxonRemarks"": ""Source in seed data: wcs Update namepublishedIn from Schedul. Orchid. 4: 13 1923 to Schedul. Orchid. 4: 13 (1923), information provided by Alan E. on email Jun. 07 2021 More details could be found in <a href=http://www.theplantlist.org/tpl1.1/record/kew-"", ""tplId"": ""kew-196817"", ""wfo_nomenclatural_status"": ""Valid""}"
Stelis schneideri,wcvp,1,Crocodeilanthe schneideri,Crocodeilanthe schneideri [Homotypic; wcvp],Stelis schneideri (Kolan. & Szlach.) Karremans,(Kolan. & Szlach.) Karremans,Orchidaceae,Stelis,schneideri,Species,,,3308504,77332606-1,,546987,(2023),Lankesteriana,Colombia,unambiguous_accepted,wcvp,"{""climate_description"": ""wet tropical"", ""lifeform_description"": ""epiphyte"", ""volume_and_page"": ""23(2): 350""}"
Stelis thomasii,wfo,0,,,Stelis thomasii (Luer) Pridgeon & M.W.Chase,(Luer) Pridgeon & M.W.Chase,Orchidaceae,Pleurothallis,thomasiae,species,,,,,wfo-0000278634,,Monogr. Syst. Bot. Missouri Bot. Gard. 79: 130 (2000),,,unambiguous_accepted,wfo,"{""majorGroup"": ""A"", ""references"": ""https://powo.science.kew.org/taxon/urn:lsid:ipni.org:names:322644-2"", ""source"": ""World Checklist of Vascular Plants. Facilitated by the Royal Botanic Gardens, Kew."", ""taxonRemarks"": ""Source in seed data: wcs Update namepublishedIn from Monogr. Syst. Bot. Missouri Bot. Gard. 79: 130 2000 to Monogr. Syst. Bot. Missouri Bot. Gard. 79: 130 (2000), information provided by Alan E. on email Jun. 07 2021 More details could be found in <a hre"", ""tplId"": ""kew-161117"", ""wfo_nomenclatural_status"": ""Valid""}"
Stelis tobari,wfo,0,,,Stelis tobari Luer & Hirtz,Luer & Hirtz,Orchidaceae,Stelis,tobari,species,,,,,wfo-0000914571,,Monogr. Syst. Bot. Missouri Bot. Gard. 115: 76 (2009),,,unambiguous_accepted,wfo,"{""majorGroup"": ""A"", ""references"": ""https://powo.science.kew.org/taxon/urn:lsid:ipni.org:names:77102643-1"", ""source"": ""World Checklist of Vascular Plants. Facilitated by the Royal Botanic Gardens, Kew."", ""taxonRemarks"": ""Source in seed data: wcs Update namepublishedIn from Monogr. Syst. Bot. Missouri Bot. Gard. 115: 76 (fig. 338). 2009 [Stelis of Ecuador] to Monogr. Syst. Bot. Missouri Bot. Gard. 115: 76 (2009), information provided by Alan E. on email Jun. 07 2021 More"", ""tplId"": ""kew-459560"", ""wfo_nomenclatural_status"": ""Valid""}"
Stelis werklei,wfo,0,,,Stelis werklei Schltr.,Schltr.,Orchidaceae,Stelis,werklei,species,,,,,wfo-0000315977,,Repert. Spec. Nov. Regni Veg. Beih. 19: 20 (1923),,,unambiguous_accepted,wfo,"{""majorGroup"": ""A"", ""source"": ""World Checklist of Vascular Plants. Facilitated by the Royal Botanic Gardens, Kew."", ""taxonRemarks"": ""Source in seed data: wcs Update namepublishedIn from Repert. Spec. Nov. Regni Veg. Beih. 19: 20 1923 to Repert. Spec. Nov. Regni Veg. Beih. 19: 20 (1923), information provided by Alan E. on email Jun. 07 2021 More details could be found in <a href=http:/"", ""tplId"": ""kew-196928"", ""wfo_nomenclatural_status"": ""Valid""}"
Stenorrhynchos argentinus,wfo,0,,,Stenorrhynchos argentinus Griseb.,Griseb.,Orchidaceae,Stenorrhynchos,argentinus,species,,,,,wfo-0001088654,,Abh. Königl. Ges. Wiss. Göttingen 24: 339. 1879,,,unambiguous_accepted,wfo,"{""majorGroup"": ""A"", ""source"": ""World Checklist of Vascular Plants. Facilitated by the Royal Botanic Gardens, Kew."", ""taxonRemarks"": ""Source in seed data: tro Updated namepublishedIn from Abh. Königl. Ges. Wiss. Göttingen 24: 339 1878 to Abh. Königl. Ges. Wiss. Göttingen 24: 339. 1879 , information provided by Alan E. on email Oct. 12 2020 More details could be found in <a href=htt"", ""tplId"": ""tro-23516581"", ""wfo_nomenclatural_status"": ""Valid""}"
Stenorrhynchos sancti-josephi,wfo,0,,,Stenorrhynchos sancti-josephi Kraenzl.,Kraenzl.,Orchidaceae,Stenorrhynchos,sancti-josephi,species,,,,,wfo-0001244162,,Repert. Spec. Nov. Regni Veg. 6: 22 1908,,,unambiguous_accepted,wfo,"{""majorGroup"": ""A"", ""source"": ""World Checklist of Vascular Plants. Facilitated by the Royal Botanic Gardens, Kew."", ""taxonRemarks"": ""Source in seed data: tro More details could be found in <a href=http://www.theplantlist.org/tpl1.1/record/tro-50127619 >The Plant List v.1.1.</a> Originally in <a href=http://www.theplantlist.org/tpl/record/tro-50127619 >The Plant List v.1.0</a>"", ""tplId"": ""tro-50127619"", ""wfo_nomenclatural_status"": ""Valid""}"
Stereochilus linearifolius,wcvp,0,,,Stereochilus linearifolius P.Y.Wu & Yu T.Zhang,P.Y.Wu & Yu T.Zhang,Orchidaceae,Stereochilus,linearifolius,Species,,,3319355,77349949-1,,<NA>,(2024),Nordic J. Bot.,China (Yunnan),unambiguous_accepted,wcvp,"{""climate_description"": ""wet tropical"", ""lifeform_description"": ""epiphytic subshrub"", ""volume_and_page"": ""2024(10)-e04452: 3""}"
Stigmatodactylus amplexicaulis,wcvp,0,,,"Stigmatodactylus amplexicaulis (F.M.Bailey) S.P.Lyon, M.A.Clem. & D.L.Jones","(F.M.Bailey) S.P.Lyon, M.A.Clem. & D.L.Jones",Orchidaceae,Microstylis,amplexicaulis,Species,,,127669,644220-1,,<NA>,(1891),Dept. Agric. Brisbane Bot. Bull.,"NE. Queensland to EC. New South Wales, New Caledonia",unambiguous_accepted,wcvp,"{""volume_and_page"": ""3: 18""}"
Stigmatodactylus sublestus,wcvp,0,,,"Stigmatodactylus sublestus (Dockrill) S.P.Lyon, M.A.Clem. & D.L.Jones","(Dockrill) S.P.Lyon, M.A.Clem. & D.L.Jones",Orchidaceae,Stigmatodactylus,sublestus,Species,,,3301107,77323693-1,,1890,(2017),Austral. Orchid Rev.,NE. Queensland,unambiguous_accepted,wcvp,"{""climate_description"": ""seasonally dry tropical"", ""lifeform_description"": ""tuberous geophyte"", ""volume_and_page"": ""82: 63""}"
Taeniophyllum calyptrochilus,wfo,0,,,Taeniophyllum calyptrochilus J.J.Sm.,J.J.Sm.,Orchidaceae,Taeniophyllum,calyptrochilus,species,,,,,wfo-0000320253,,"Bull. Jard. Bot. Buitenzorg, sér. 3, 9: 59 (1927)",,,unambiguous_accepted,wfo,"{""majorGroup"": ""A"", ""references"": ""https://powo.science.kew.org/taxon/urn:lsid:ipni.org:names:659554-1"", ""source"": ""World Checklist of Vascular Plants. Facilitated by the Royal Botanic Gardens, Kew."", ""taxonRemarks"": ""Source in seed data: wcs Update namepublishedIn from Bull. Jard. Bot. Buitenzorg ser. III, ix. 59 (1927). to Bull. Jard. Bot. Buitenzorg , sér. 3, 9: 59 (1927), information provided by Alan E. on email Jun. 07 2021 More details could be found in <a href"", ""tplId"": ""kew-201065"", ""wfo_nomenclatural_status"": ""Valid""}"
Taeniophyllum daxueshanense,wcvp,0,,,Taeniophyllum daxueshanense T.P.Lin,T.P.Lin,Orchidaceae,Taeniophyllum,daxueshanense,Species,,,3319875,77349528-1,,<NA>,(2024),Taiwania,Taiwan,unambiguous_accepted,wcvp,"{""climate_description"": ""subtropical"", ""lifeform_description"": ""epiphyte"", ""volume_and_page"": ""69: 380""}"
Taeniophyllum lishanianum,wcvp,0,,,Taeniophyllum lishanianum T.P.Lin & G.X.Zhu,T.P.Lin & G.X.Zhu,Orchidaceae,Taeniophyllum,lishanianum,Species,,,3319656,77349503-1,,<NA>,(2024),Taiwania,Taiwan,unambiguous_accepted,wcvp,"{""climate_description"": ""subtropical"", ""lifeform_description"": ""epiphyte"", ""volume_and_page"": ""69: 303""}"
Taeniophyllum potamophylla,wfo,0,,,Taeniophyllum potamophylla Schltr.,Schltr.,Orchidaceae,Taeniophyllum,potamophylla,species,,,,,wfo-0000320400,,Repert. Spec. Nov. Regni Veg. 10: 210 (1911),,,unambiguous_accepted,wfo,"{""majorGroup"": ""A"", ""references"": ""https://powo.science.kew.org/taxon/urn:lsid:ipni.org:names:659686-1"", ""source"": ""World Checklist of Vascular Plants. Facilitated by the Royal Botanic Gardens, Kew."", ""taxonRemarks"": ""Source in seed data: wcs Update namepublishedIn from Repert. Spec. Nov. Regni Veg. 10: 210. 1911 to Repert. Spec. Nov. Regni Veg. 10: 210 (1911), information provided by Alan E. on email Jun. 07 2021 More details could be found in <a href=http://www.thep"", ""tplId"": ""kew-201201"", ""wfo_nomenclatural_status"": ""Valid""}"
Taeniophyllum taiwanense,wcvp,0,,,Taeniophyllum taiwanense T.P.Lin,T.P.Lin,Orchidaceae,Taeniophyllum,taiwanense,Species,,,3319868,77349529-1,,<NA>,(2024),Taiwania,Taiwan,unambiguous_accepted,wcvp,"{""climate_description"": ""subtropical"", ""lifeform_description"": ""epiphyte"", ""volume_and_page"": ""69: 382""}"
Taeniophyllum tumulusum,wcvp,0,,,Taeniophyllum tumulusum T.P.Lin & G.X.Zhu,T.P.Lin & G.X.Zhu,Orchidaceae,Taeniophyllum,tumulusum,Species,,,3319662,77349504-1,,<NA>,(2024),Taiwania,Taiwan,unambiguous_accepted,wcvp,"{""climate_description"": ""subtropical"", ""lifeform_description"": ""epiphyte"", ""volume_and_page"": ""69: 303""}"
Tainia epiphytica,wcvp,0,,,"Tainia epiphytica S.Sarkar, Agrawala, S.Chakr., D.Maity & Odyuo","S.Sarkar, Agrawala, S.Chakr., D.Maity & Odyuo",Orchidaceae,Tainia,epiphytica,Species,,,3309172,77311814-1,,<NA>,(2023),Phytotaxa,Assam to China (Yunnan) and Indo-China,unambiguous_accepted,wcvp,"{""climate_description"": ""wet tropical"", ""lifeform_description"": ""pseudobulbous epiphyte"", ""volume_and_page"": ""578: 181""}"
Tainia latifolia subsp. latifolia,cites_pdf,0,,,Tainia latifolia subsp. latifolia,,Orchidaceae,Cymbidium,fuscescens,,,,,,,,,,,unambiguous_accepted,cites_pdf,"{""accepted_genus"": ""Tainia"", ""page"": 221, ""y"": 120.3}"
Tainia laxiﬂora Makino,cites_pdf,1,Calanthe laxiﬂora Makino,Calanthe laxiﬂora Makino [Unknown; cites_pdf],Tainia laxiﬂora Makino,,Orchidaceae,Calanthe,laxiﬂora,,,,,,,,,,,unambiguous_accepted,cites_pdf,"{""accepted_genus"": ""Tainia"", ""page"": 145, ""y"": 658.3}"
Telipogon alberti,wfo,0,,,Telipogon alberti Rchb.f.,Rchb.f.,Orchidaceae,Telipogon,alberti,species,,,,,wfo-0000321276,,Linnaea 41: 27 (1876),,,unambiguous_accepted,wfo,"{""majorGroup"": ""A"", ""references"": ""https://powo.science.kew.org/taxon/urn:lsid:ipni.org:names:659829-1"", ""source"": ""World Checklist of Vascular Plants. Facilitated by the Royal Botanic Gardens, Kew."", ""taxonRemarks"": ""Source in seed data: wcs Update namepublishedIn from Linnaea 41(1): 27. 1876 [Dec 1876] to Linnaea 41: 27 (1876), information provided by Alan E. on email Jun. 07 2021 More details could be found in <a href=http://www.theplantlist.org/tpl1.1/record/kew-2"", ""tplId"": ""kew-202070"", ""wfo_nomenclatural_status"": ""Valid""}"
Telipogon auriculatum,cites_csv,0,,,"Telipogon auriculatum (Archila, Chiron & Szlach.) J.M.H.Shaw, 2016","(Archila, Chiron & Szlach.) J.M.H.Shaw, 2016",Orchidaceae,Telipogon,auriculatum,SPECIES,II,,,,,,,,,unambiguous_accepted,cites_csv,
Telipogon boissieranus,wfo,0,,,Telipogon boissieranus Rchb.f.,Rchb.f.,Orchidaceae,Telipogon,boissieranus,species,,,,,wfo-0001088360,,,,,unambiguous_accepted,wfo,"{""majorGroup"": ""A"", ""source"": ""World Checklist of Vascular Plants. Facilitated by the Royal Botanic Gardens, Kew."", ""taxonRemarks"": ""Source in seed data: tro More details could be found in <a href=http://www.theplantlist.org/tpl1.1/record/tro-23509282 >The Plant List v.1.1.</a> Originally in <a href=http://www.theplantlist.org/tpl/record/tro-23509282 >The Plant List v.1.0</a>"", ""tplId"": ""tro-23509282"", ""wfo_nomenclatural_status"": ""Valid""}"
Telipogon bota-caucanensis,wcvp,0,,,Telipogon bota-caucanensis Uribe Vélez & Sauleda,Uribe Vélez & Sauleda,Orchidaceae,Telipogon,bota-caucanensis,Species,,,549288,77222826-1,,<NA>,(2020),New World Orchid. Nomencl. Notes,Colombia,unambiguous_accepted,wcvp,"{""climate_description"": ""wet tropical"", ""lifeform_description"": ""epiphyte"", ""volume_and_page"": ""78: 8""}"
Telipogon botacaucanensis,wfo,0,,,Telipogon botacaucanensis Uribe Vélez & Sauleda,Uribe Vélez & Sauleda,Orchidaceae,Telipogon,botacaucanensis,species,,,,,wfo-1000024941,,New World Orchid. Nomencl. Notes 78: 8 (2020),,,unambiguous_accepted,wfo,"{""majorGroup"": ""A"", ""references"": ""https://powo.science.kew.org/taxon/urn:lsid:ipni.org:names:77222826-1"", ""source"": ""World Checklist of Vascular Plants. Facilitated by the Royal Botanic Gardens, Kew."", ""wfo_nomenclatural_status"": ""Valid""}"
Telipogon eberhardii,wfo,0,,,Telipogon eberhardii Braas,Braas,Orchidaceae,Telipogon,eberhardii,species,,,,,wfo-0000321323,,Orchidee (Hamburg) 36: 78 (1985),,,unambiguous_accepted,wfo,"{""majorGroup"": ""A"", ""references"": ""https://powo.science.kew.org/taxon/urn:lsid:ipni.org:names:907161-1"", ""source"": ""World Checklist of Vascular Plants. Facilitated by the Royal Botanic Gardens, Kew."", ""taxonRemarks"": ""Source in seed data: wcs Update namepublishedIn from Orchidee (Hamburg) 36(2): 78. 1985 to Orchidee (Hamburg) 36: 78 (1985), information provided by Alan E. on email Jun. 07 2021 More details could be found in <a href=http://www.theplantlist.org/tpl1.1/r"", ""tplId"": ""kew-202114"", ""wfo_nomenclatural_status"": ""Valid""}"
Telipogon exisipotes,wcvp,0,,,Telipogon exisipotes Bogarín & Pupulin,Bogarín & Pupulin,Orchidaceae,Telipogon,exisipotes,Species,,,3309200,77312443-1,,<NA>,(2022),"Vanishing Beauty, Native Costa Rican Orchids",Costa Rica,unambiguous_accepted,wcvp,"{""climate_description"": ""wet tropical"", ""lifeform_description"": ""epiphyte"", ""volume_and_page"": ""3: 1250""}"
Telipogon lateritius,wcvp,0,,,Telipogon lateritius Pupulin,Pupulin,Orchidaceae,Telipogon,lateritius,Species,,,3319725,77344731-1,,<NA>,(2024),Lankesteriana,Costa Rica,unambiguous_accepted,wcvp,"{""climate_description"": ""wet tropical"", ""lifeform_description"": ""epiphyte"", ""volume_and_page"": ""24: 71""}"
Telipogon leisberthvelezii,wcvp,0,,,"Telipogon leisberthvelezii Iturralde, M.M.Jiménez & H.Garzón","Iturralde, M.M.Jiménez & H.Garzón",Orchidaceae,Telipogon,leisberthvelezii,Species,,,3309219,77326462-1,,<NA>,(2024),Kew Bull.,Ecuador,unambiguous_accepted,wcvp,"{""climate_description"": ""wet tropical"", ""lifeform_description"": ""epiphyte"", ""volume_and_page"": ""79(1): 2""}"
Telipogon mariae-luisae,wcvp,0,,,"Telipogon mariae-luisae Gut.Peralta, Charcape & Nauray","Gut.Peralta, Charcape & Nauray",Orchidaceae,Telipogon,mariae-luisae,Species,,,3319871,77342483-1,,<NA>,(2023),Darwiniana,Peru,unambiguous_accepted,wcvp,"{""climate_description"": ""wet tropical"", ""lifeform_description"": ""epiphyte"", ""volume_and_page"": ""11: 447""}"
Telipogon memoria-rodulfii,wcvp,0,,,Telipogon memoria-rodulfii Pupulin & Bogarín,Pupulin & Bogarín,Orchidaceae,Telipogon,memoria-rodulfii,Species,,,3319893,77351400-1,,<NA>,(2024),Lankesteriana,Costa Rica,unambiguous_accepted,wcvp,"{""climate_description"": ""wet tropical"", ""lifeform_description"": ""epiphyte"", ""volume_and_page"": ""24: 180""}"
Telipogon minutus,wcvp,0,,,Telipogon minutus M.Zárate & C.Martel,M.Zárate & C.Martel,Orchidaceae,Telipogon,minutus,Species,,,3319813,77352946-1,,<NA>,(2024),Lankesteriana,Bolivia,unambiguous_accepted,wcvp,"{""climate_description"": ""wet tropical"", ""lifeform_description"": ""epiphyte"", ""volume_and_page"": ""24: 234""}"
Telipogon monscarolinus,wcvp,0,,,Telipogon monscarolinus Pupulin,Pupulin,Orchidaceae,Telipogon,monscarolinus,Species,,,3309274,77312925-1,,<NA>,(2022),"Vanishing Beauty, Native Costa Rican Orchids",Costa Rica,unambiguous_accepted,wcvp,"{""climate_description"": ""wet tropical"", ""lifeform_description"": ""epiphyte"", ""volume_and_page"": ""3: 1255""}"
Telipogon muntzii,wcvp,0,,,"Telipogon muntzii Bogarín, O.Pérez & Pupulin","Bogarín, O.Pérez & Pupulin",Orchidaceae,Telipogon,muntzii,Species,,,3318827,77344732-1,,<NA>,(2024),Lankesteriana,Costa Rica,unambiguous_accepted,wcvp,"{""climate_description"": ""wet tropical"", ""lifeform_description"": ""epiphyte"", ""volume_and_page"": ""24: 73""}"
Telipogon patini,wfo,0,,,Telipogon patini Rchb.f.,Rchb.f.,Orchidaceae,Telipogon,patini,species,,,,,wfo-0000321391,,Linnaea 41: 70 (1876),,,unambiguous_accepted,wfo,"{""majorGroup"": ""A"", ""references"": ""https://powo.science.kew.org/taxon/urn:lsid:ipni.org:names:659892-1"", ""source"": ""World Checklist of Vascular Plants. Facilitated by the Royal Botanic Gardens, Kew."", ""taxonRemarks"": ""Source in seed data: wcs Update namepublishedIn from Linnaea 41(1): 70. 1876 [Dec 1876] to Linnaea 41: 70 (1876), information provided by Alan E. on email Jun. 07 2021 More details could be found in <a href=http://www.theplantlist.org/tpl1.1/record/kew-2"", ""tplId"": ""kew-202176"", ""wfo_nomenclatural_status"": ""Valid""}"
Telipogon pillaropatatensis,wcvp,0,,,"Telipogon pillaropatatensis Iturralde, Monteros & Baquero","Iturralde, Monteros & Baquero",Orchidaceae,Telipogon,pillaropatatensis,Species,,,3319747,77336118-1,,<NA>,(2023),Lankesteriana,Ecuador,unambiguous_accepted,wcvp,"{""climate_description"": ""wet tropical"", ""lifeform_description"": ""epiphyte"", ""volume_and_page"": ""23: 499""}"
Telipogon ramiro-medinae,wcvp,0,,,"Telipogon ramiro-medinae Szlach., Kolan. & Lipinska","Szlach., Kolan. & Lipinska",Orchidaceae,Telipogon,ramiro-medinae,Species,,,536147,77194162-1,,<NA>,(2018),Wulfenia,Colombia,unambiguous_accepted,wcvp,"{""climate_description"": ""wet tropical"", ""lifeform_description"": ""epiphyte"", ""volume_and_page"": ""25: 28""}"
Telipogon ramiromedinae,wfo,0,,,"Telipogon ramiromedinae Szlach., Kolan. & Lipinska","Szlach., Kolan. & Lipinska",Orchidaceae,Telipogon,ramiromedinae,species,,,,,wfo-1000007793,,Wulfenia 25: 28 (2018),,,unambiguous_accepted,wfo,"{""majorGroup"": ""A"", ""references"": ""https://powo.science.kew.org/taxon/urn:lsid:ipni.org:names:77194162-1"", ""source"": ""World Checklist of Vascular Plants. Facilitated by the Royal Botanic Gardens, Kew."", ""wfo_nomenclatural_status"": ""Valid""}"
Telipogon sonia-juaniorum,wcvp,0,,,"Telipogon sonia-juaniorum Zambrano, Bogarín & Solano","Zambrano, Bogarín & Solano",Orchidaceae,Telipogon,sonia-juaniorum,Species,,,531691,77177480-1,,<NA>,(2018),Phytotaxa,Ecuador,unambiguous_accepted,wcvp,"{""climate_description"": ""wet tropical"", ""lifeform_description"": ""epiphyte"", ""volume_and_page"": ""340: 168""}"
Telipogon soniajuaniorum,wfo,0,,,"Telipogon soniajuaniorum Zambrano, Bogarín & Solano","Zambrano, Bogarín & Solano",Orchidaceae,Telipogon,soniajuaniorum,species,,,,,wfo-1000007794,,Phytotaxa 340: 168 (2018),,,unambiguous_accepted,wfo,"{""majorGroup"": ""A"", ""references"": ""https://powo.science.kew.org/taxon/urn:lsid:ipni.org:names:77177480-1"", ""source"": ""World Checklist of Vascular Plants. Facilitated by the Royal Botanic Gardens, Kew."", ""wfo_nomenclatural_status"": ""Valid""}"
Telipogon tapantiensis,wcvp,0,,,Telipogon tapantiensis Pupulin & Bogarín,Pupulin & Bogarín,Orchidaceae,Telipogon,tapantiensis,Species,,,3309263,77312451-1,,<NA>,(2022),"Vanishing Beauty, Native Costa Rican Orchids",Costa Rica,unambiguous_accepted,wcvp,"{""climate_description"": ""wet tropical"", ""lifeform_description"": ""epiphyte"", ""volume_and_page"": ""3: 1253""}"
Thelasis palawensis,wcvp,0,,,Thelasis palawensis (Schltr.) Ormerod,(Schltr.) Ormerod,Orchidaceae,Phreatia,palawensis,Species,,,153080,650899-1,,178343,(1940),Bot. Mag. (Tokyo),Caroline Is.,unambiguous_accepted,wcvp,"{""climate_description"": ""wet tropical"", ""lifeform_description"": ""epiphyte"", ""volume_and_page"": ""54: 278""}"
Thrixspermum alboluteum,wcvp,0,,,"Thrixspermum alboluteum Toolmal, Schuit. & Culham","Toolmal, Schuit. & Culham",Orchidaceae,Thrixspermum,alboluteum,Species,,,3309337,77323189-1,,<NA>,(2023),Phytotaxa,Thailand,unambiguous_accepted,wcvp,"{""climate_description"": ""wet tropical"", ""lifeform_description"": ""epiphytic subshrub"", ""volume_and_page"": ""601: 225""}"
Thrixspermum cameronense,wcvp,0,,,Thrixspermum cameronense P.T.Ong,P.T.Ong,Orchidaceae,Thrixspermum,cameronense,Species,,,3318831,77352579-1,,<NA>,(2024),Malesian Orchid J.,Pen. Malaysia,unambiguous_accepted,wcvp,"{""climate_description"": ""wet tropical"", ""lifeform_description"": ""epiphytic subshrub"", ""volume_and_page"": ""27: 17""}"
Thrixspermum flammeum,wcvp,0,,,"Thrixspermum flammeum Toolmal, Schuit. & Culham","Toolmal, Schuit. & Culham",Orchidaceae,Thrixspermum,flammeum,Species,,,3309326,77323192-1,,<NA>,(2023),Phytotaxa,China (Yunnan) to Indo-China,unambiguous_accepted,wcvp,"{""climate_description"": ""wet tropical"", ""lifeform_description"": ""epiphytic subshrub"", ""volume_and_page"": ""601: 248""}"
Thrixspermum histrix,wcvp,4,"Dendrocolla histrix, Grosourdya histrix, Ornithochilus histrix, Sarcochilus histrix","Dendrocolla histrix [Homotypic; wcvp], Grosourdya histrix [Homotypic; wcvp], Ornithochilus histrix [Homotypic; wcvp], Sarcochilus histrix [Homotypic; wcvp]",Thrixspermum histrix (Blume) Rchb.f.,(Blume) Rchb.f.,Orchidaceae,Ornithochilus,histrix,Species,,,530525,77187771-1,,59955,(2018),Photo Intro Vandoid Orchid Gen. Asia,Indo-China to Malesia,unambiguous_accepted,wcvp,"{""volume_and_page"": "": 156""}"
Thrixspermum leucorachne,wfo,0,,,Thrixspermum leucorachne Ridl.,Ridl.,Orchidaceae,Sarcochilus,leucarachne,species,,,,,wfo-0000303543,,"Bull. Herb. Boissier, sér. 2, 4: 372 (1904)",,,unambiguous_accepted,wfo,"{""majorGroup"": ""A"", ""originalNameUsageID"": ""wfo-0000323371"", ""references"": ""https://powo.science.kew.org/taxon/urn:lsid:ipni.org:names:656588-1"", ""source"": ""World Checklist of Vascular Plants. Facilitated by the Royal Botanic Gardens, Kew."", ""taxonRemarks"": ""Source in seed data: wcs Updated scientificnameAuthorship from (Ridl.) F.N.Williams to F.N.Williams, information provided by Alan E. on email Oct. 12 2020 More details could be found in <a href=http://www.theplantlist.org/tpl1.1/record/kew-185029 >The Pl"", ""tplId"": ""kew-185029"", ""wfo_nomenclatural_status"": ""Valid""}"
Thrixspermum patkaiense,wcvp,0,,,Thrixspermum patkaiense K.Gogoi,K.Gogoi,Orchidaceae,Thrixspermum,patkaiense,Species,,,3296372,77305587-1,,<NA>,(2022),Lankesteriana,Arunachal Pradesh to Assam (Tinsukia),unambiguous_accepted,wcvp,"{""climate_description"": ""wet tropical"", ""lifeform_description"": ""epiphyte"", ""volume_and_page"": ""22: 10""}"
Thrixspermum patkaiensis,wfo,0,,,Thrixspermum patkaiensis K.Gogoi,K.Gogoi,Orchidaceae,Thrixspermum,patkaiensis,species,,,,,wfo-1000040798,,Lankesteriana 22: 10 (2022),,,unambiguous_accepted,wfo,"{""majorGroup"": ""A"", ""references"": ""https://powo.science.kew.org/taxon/urn:lsid:ipni.org:names:77305587-1"", ""source"": ""World Checklist of Vascular Plants. Facilitated by the Royal Botanic Gardens, Kew."", ""wfo_nomenclatural_status"": ""Valid""}"
Thrixspermum polystictum,wcvp,0,,,"Thrixspermum polystictum Toolmal, Schuit. & Suddee","Toolmal, Schuit. & Suddee",Orchidaceae,Thrixspermum,polystictum,Species,,,3309327,77323193-1,,<NA>,(2023),Phytotaxa,Thailand,unambiguous_accepted,wcvp,"{""climate_description"": ""wet tropical"", ""lifeform_description"": ""epiphytic subshrub"", ""volume_and_page"": ""601: 254""}"
Thrixspermum praetermissum,wcvp,0,,,"Thrixspermum praetermissum Toolmal, Schuit. & Suddee","Toolmal, Schuit. & Suddee",Orchidaceae,Thrixspermum,praetermissum,Species,,,3309293,77323190-1,,<NA>,(2023),Phytotaxa,Indo-China,unambiguous_accepted,wcvp,"{""climate_description"": ""wet tropical"", ""lifeform_description"": ""epiphytic subshrub"", ""volume_and_page"": ""601: 230""}"
Thrixspermum ravanii,wcvp,0,,,Thrixspermum ravanii Cootes & Tiong ex Sodusta & Cootes,Cootes & Tiong ex Sodusta & Cootes,Orchidaceae,Thrixspermum,ravanii,Species,,,3319723,77346006-1,,<NA>,(2024),Phytotaxa,Philippines (Mindoro),unambiguous_accepted,wcvp,"{""climate_description"": ""wet tropical"", ""lifeform_description"": ""epiphytic subshrub"", ""volume_and_page"": ""661: 211""}"
Thrixspermum rolfei,wcvp,0,,,Thrixspermum rolfei P.F.Hunt,P.F.Hunt,Orchidaceae,Sarcochilus,crassifolius,Species,,,184974,656536-1,,<NA>,(1894),Bull. Misc. Inform. Kew,,unambiguous_accepted,wcvp,"{""volume_and_page"": ""1894: 396""}"
Thrixspermum simile,wcvp,0,,,"Thrixspermum simile Toolmal, Schuit. & Utteridge","Toolmal, Schuit. & Utteridge",Orchidaceae,Thrixspermum,simile,Species,,,3309325,77323191-1,,<NA>,(2023),Phytotaxa,Thailand to Cambodia,unambiguous_accepted,wcvp,"{""climate_description"": ""wet tropical"", ""lifeform_description"": ""epiphytic subshrub"", ""volume_and_page"": ""601: 242""}"
Thrixspermum taeniophyllum,wcvp,0,,,"Thrixspermum taeniophyllum Jun Y.Zhang, H.He & Yue H.Cheng","Jun Y.Zhang, H.He & Yue H.Cheng",Orchidaceae,Thrixspermum,taeniophyllum,Species,,,3309425,77324993-1,,<NA>,(2023),PhytoKeys,China (Sichuan),unambiguous_accepted,wcvp,"{""climate_description"": ""subtropical"", ""lifeform_description"": ""epiphytic subshrub"", ""volume_and_page"": ""230: 149""}"
Thrixspermum yei,wcvp,0,,,"Thrixspermum yei M.K.Li, Z.Xing & Y.Luo","M.K.Li, Z.Xing & Y.Luo",Orchidaceae,Thrixspermum,yei,Species,,,3319663,77346455-1,,<NA>,(2024),Taiwania,SE. Tibet,unambiguous_accepted,wcvp,"{""climate_description"": ""subtropical"", ""lifeform_description"": ""epiphytic subshrub"", ""volume_and_page"": ""69: 138""}"
Thunia gatton,wcvp,1,Thunia gattonensis,Thunia gattonensis [Heterotypic; wcvp],Thunia × gatton Colman,Colman,Orchidaceae,Thunia,gattonensis,Species,,,523429,77247589-1,,<NA>,(1919),Orchid Rev.,,unambiguous_accepted,wcvp,"{""hybrid"": true, ""volume_and_page"": ""27: 151""}"
Thunia veitchiana,wcvp,1,Thunia wrigleyana,Thunia wrigleyana [Heterotypic; wcvp],Thunia × veitchiana Rchb.f.,Rchb.f.,Orchidaceae,Thunia,wrigleyana,Species,,,204327,77248193-1,,<NA>,(1890),Man. Orchid. Pl.,,unambiguous_accepted,wcvp,"{""hybrid"": true, ""volume_and_page"": ""6: 20""}"
Tolumnia cubense,wfo,0,,,Tolumnia × cubense (Moir) H.Dietr.,(Moir) H.Dietr.,Orchidaceae,Tolumnia,cubense,species,,,,,wfo-0001089164,,"Wiss. Z. Friedrich-Schiller-Univ. Jena, Math.-Naturwiss. Reihe 37(1): 153 (1988):",,,unambiguous_accepted,wfo,"{""majorGroup"": ""A"", ""originalNameUsageID"": ""wfo-0001223413"", ""source"": ""World Checklist of Vascular Plants. Facilitated by the Royal Botanic Gardens, Kew."", ""taxonRemarks"": ""Source in seed data: tro Updated namePublishedIn from Wiss. Z. Friedrich-Schiller-Univ. Jena, Math.-Naturwiss. Reihe 37: 153 1988 to Wiss. Z. Friedrich-Schiller-Univ. Jena, Math.-Naturwiss. Reihe 37(1): 153 (1988):. , according to IPNI. Information provi"", ""tplId"": ""tro-23525628"", ""wfo_nomenclatural_status"": ""Valid""}"
Triceratorhynchus viridiﬂorus Summerh.,cites_pdf,0,,,Triceratorhynchus viridiﬂorus Summerh.,,Orchidaceae,Angraecum,evrardianum,,,,,,,,,,,unambiguous_accepted,cites_pdf,"{""accepted_genus"": ""Triceratorhynchus"", ""page"": 35, ""y"": 108.4}"
Trichocentrum auricula,wcvp,0,,,Trichocentrum auricula (Vell.) Meneguzzo & M.W.Chase,(Vell.) Meneguzzo & M.W.Chase,Orchidaceae,Trichocentrum,auricula,Species,,,3319807,77340993-1,,67848,(2024),Phytotaxa,SE. Brazil,unambiguous_accepted,wcvp,"{""climate_description"": ""wet tropical"", ""lifeform_description"": ""pseudobulbous epiphyte"", ""volume_and_page"": ""646: 83""}"
Trichocentrum cayennense,wcvp,1,Cohniella cayennensis,Cohniella cayennensis [Homotypic; wcvp],Trichocentrum cayennense (Sambin & Chiron) Meneguzzo & M.W.Chase,(Sambin & Chiron) Meneguzzo & M.W.Chase,Orchidaceae,Trichocentrum,cayennense,Species,,,3319809,77340994-1,,529111,(2024),Phytotaxa,French Guiana,unambiguous_accepted,wcvp,"{""climate_description"": ""wet tropical"", ""lifeform_description"": ""pseudobulbous epiphyte"", ""volume_and_page"": ""646: 84""}"
Trichocentrum divaricatum,wcvp,0,,,Trichocentrum divaricatum (Lindl.) Meneguzzo & M.W.Chase,(Lindl.) Meneguzzo & M.W.Chase,Orchidaceae,Aurinocidium,sphegiferum,Species,,,372139,77086288-1,,139948,(2006),Polish Bot. J.,SE. & S. Brazil to NE. Argentina,unambiguous_accepted,wcvp,"{""volume_and_page"": ""51: 44""}"
Trichocentrum edwallii,wcvp,0,,,Trichocentrum edwallii (Cogn.) Meneguzzo & M.W.Chase,(Cogn.) Meneguzzo & M.W.Chase,Orchidaceae,Aurinocidium,edwallii,Species,,,372135,77086283-1,,139366,(2006),Polish Bot. J.,SE. & S. Brazil to NE. Argentina,unambiguous_accepted,wcvp,"{""volume_and_page"": ""51: 44""}"
Trichocentrum hians,wcvp,0,,,Trichocentrum hians (Lindl.) Meneguzzo & M.W.Chase,(Lindl.) Meneguzzo & M.W.Chase,Orchidaceae,Grandiphyllum,hians,Species,,,344211,77071948-1,,139507,(2006),Colet. Orquídeas Brasil.,SE. & S. Brazil,unambiguous_accepted,wcvp,"{""climate_description"": ""wet tropical"", ""lifeform_description"": ""pseudobulbous epiphyte"", ""volume_and_page"": ""3: 75""}"
Trichocentrum ilhagrandense,wcvp,0,,,Trichocentrum ilhagrandense (V.P.Castro & G.F.Carr) Meneguzzo & M.W.Chase,(V.P.Castro & G.F.Carr) Meneguzzo & M.W.Chase,Orchidaceae,Trichocentrum,ilhagrandense,Species,,,3319783,77340998-1,,490640,(2024),Phytotaxa,Brazil (Rio de Janeiro),unambiguous_accepted,wcvp,"{""climate_description"": ""seasonally dry tropical"", ""lifeform_description"": ""pseudobulbous epiphyte"", ""volume_and_page"": ""646: 84""}"
Trichocentrum ionopthalum,wfo,0,,,Trichocentrum ionopthalum Rchb.f.,Rchb.f.,Orchidaceae,Trichocentrum,ionopthalum,species,,,,,wfo-0001089167,,"Gard. Chron., n.s., 6: 100 (1876)",,,unambiguous_accepted,wfo,"{""majorGroup"": ""A"", ""references"": ""https://powo.science.kew.org/taxon/urn:lsid:ipni.org:names:660462-1"", ""source"": ""World Checklist of Vascular Plants. Facilitated by the Royal Botanic Gardens, Kew."", ""taxonRemarks"": ""Source in seed data: tro Update namepublishedIn from Gard. Chron. 2: 100 1876 to Gard. Chron. , n.s., 6: 100 (1876), information provided by Alan E. on email Jun. 07 2021 More details could be found in <a href=http://www.theplantlist.org/tpl1.1/record/tr"", ""tplId"": ""tro-23525685"", ""wfo_nomenclatural_status"": ""Valid""}"
Trichocentrum micranthum,wcvp,0,,,Trichocentrum micranthum (Kraenzl.) Meneguzzo & M.W.Chase,(Kraenzl.) Meneguzzo & M.W.Chase,Orchidaceae,Cyrtopodium,micranthum,Species,,,459880,77239993-1,,54584,(1896),Orchid Rev.,"Brazil (Espírito Santo, Rio de Janeiro)",unambiguous_accepted,wcvp,"{""volume_and_page"": ""4: 308""}"
Trichocentrum mirabile,wcvp,0,,,Trichocentrum mirabile (Rchb.f.) Meneguzzo & M.W.Chase,(Rchb.f.) Meneguzzo & M.W.Chase,Orchidaceae,Saundersia,mirabilis,Species,,,186345,657145-1,,<NA>,(1866),Bot. Congr. Lond.,SE. Brazil,unambiguous_accepted,wcvp,"{""climate_description"": ""seasonally dry tropical"", ""lifeform_description"": ""epiphyte"", ""volume_and_page"": "": 120""}"
Trichocentrum nataliae,cites_csv,0,,,"Trichocentrum nataliae (Balam & Carnevali) R.Jiménez & Solano, 2011","(Balam & Carnevali) R.Jiménez & Solano, 2011",Orchidaceae,Trichocentrum,nataliae,SPECIES,II,,,,,,,,Mexico,unambiguous_accepted,cites_csv,"{""All_DistributionISOCodes"": ""MX"", ""NativeDistributionFullNames"": ""Mexico""}"
Trichocentrum paniculatum,wcvp,0,,,Trichocentrum paniculatum (Brade) Meneguzzo & M.W.Chase,(Brade) Meneguzzo & M.W.Chase,Orchidaceae,Saundersia,paniculata,Species,,,186346,227999-2,,<NA>,(1941),Arq. Serv. Florest.,Brazil (Espírito Santo to Rio de Janeiro),unambiguous_accepted,wcvp,"{""climate_description"": ""wet tropical"", ""lifeform_description"": ""epiphyte"", ""volume_and_page"": ""1(2): 1""}"
Trichocentrum schunkeanum,wcvp,0,,,Trichocentrum schunkeanum (Campacci & Cath.) Meneguzzo & M.W.Chase,(Campacci & Cath.) Meneguzzo & M.W.Chase,Orchidaceae,Grandiphyllum,schunkeanum,Species,,,344215,77071952-1,,139921,(2006),Colet. Orquídeas Brasil.,Brazil (Espírito Santo),unambiguous_accepted,wcvp,"{""climate_description"": ""wet tropical"", ""lifeform_description"": ""pseudobulbous epiphyte"", ""volume_and_page"": ""3: 76""}"
Trichoglottis najibii,wcvp,0,,,Trichoglottis najibii Yudistira & Mustaqim,Yudistira & Mustaqim,Orchidaceae,Trichoglottis,najibii,Species,,,3309415,77324822-1,,<NA>,(2023),Telopea,Borneo (Kalimantan),unambiguous_accepted,wcvp,"{""climate_description"": ""wet tropical"", ""lifeform_description"": ""epiphytic subshrub"", ""volume_and_page"": ""26: 128""}"
Trichoglottis quadriga,wcvp,0,,,"Trichoglottis quadriga Atthan., C.Bandara, Peiris & Kumar","Atthan., C.Bandara, Peiris & Kumar",Orchidaceae,Trichoglottis,quadriga,Species,,,3309435,77326040-1,,<NA>,(2023),Phytotaxa,Sri Lanka,unambiguous_accepted,wcvp,"{""climate_description"": ""wet tropical"", ""lifeform_description"": ""epiphytic subshrub"", ""volume_and_page"": ""609: 266""}"
Trichoglottis vandiflorum,wfo,0,,,Trichoglottis vandiflorum J.J.Sm.,J.J.Sm.,Orchidaceae,Trichoglottis,vandiflorum,species,,,,,wfo-0000327647,,Bull. Dép. Agric. Indes Néerl. 22: 49 (1909),,,unambiguous_accepted,wfo,"{""majorGroup"": ""A"", ""references"": ""https://powo.science.kew.org/taxon/urn:lsid:ipni.org:names:660578-1"", ""source"": ""World Checklist of Vascular Plants. Facilitated by the Royal Botanic Gardens, Kew."", ""taxonRemarks"": ""Source in seed data: wcs Update namepublishedIn from Bull. Dépt. Agric. Indes Néerl. 22: 49. 1909 to Bull. Dép. Agric. Indes Néerl. 22: 49 (1909), information provided by Alan E. on email Jun. 07 2021 More details could be found in <a href=http://www"", ""tplId"": ""kew-208230"", ""wfo_nomenclatural_status"": ""Valid""}"
Trichopilia turialvae,wfo,0,,,Trichopilia turialvae Rchb.f.,Rchb.f.,Orchidaceae,Trichopilia,turialvae,species,,,,,wfo-0000327703,,Hamburger Garten- Blumenzeitung 19: 11 (1863),,,unambiguous_accepted,wfo,"{""majorGroup"": ""A"", ""references"": ""https://powo.science.kew.org/taxon/urn:lsid:ipni.org:names:660625-1"", ""source"": ""World Checklist of Vascular Plants. Facilitated by the Royal Botanic Gardens, Kew."", ""taxonRemarks"": ""Source in seed data: wcs Update namepublishedIn from in Hamb. Gartenz. xix. (1863) 11. to Hamburger Garten- Blumenzeitung 19: 11 (1863), information provided by Alan E. on email Jun. 07 2021 More details could be found in <a href=http://www.theplantlist."", ""tplId"": ""kew-208285"", ""wfo_nomenclatural_status"": ""Valid""}"
Trichotosia hapalostachya,wfo,0,,,Trichotosia hapalostachya (Schltr.) W.Kittr.,(Schltr.) W.Kittr.,Orchidaceae,Trichotosia,hapalostachya,species,,,,,wfo-0000327987,,Bot. Mus. Leafl. 30: 98,,,unambiguous_accepted,wfo,"{""majorGroup"": ""A"", ""originalNameUsageID"": ""wfo-0000953074"", ""references"": ""https://powo.science.kew.org/taxon/urn:lsid:ipni.org:names:915575-1"", ""source"": ""World Checklist of Vascular Plants. Facilitated by the Royal Botanic Gardens, Kew."", ""taxonRemarks"": ""Source in seed data: wcs Update namepublishedIn from Bot. Mus. Leafl. 30(2): 98. 1985 [1984 publ. 1985] to Bot. Mus. Leafl. 30: 98 (1984 publ. 1985), information provided by Alan E. on email Jun. 07 2021 More details could be found in <a href=http://www."", ""tplId"": ""kew-208552"", ""wfo_nomenclatural_status"": ""Valid""}"
Trichotosia odoardi,wcvp,0,,,Trichotosia odoardi Kraenzl.,Kraenzl.,Orchidaceae,Eria,odoardi,Species,,,71368,77240973-1,,208580,(1921),J. Straits Branch Roy. Asiat. Soc.,Borneo (Sarawak),unambiguous_accepted,wcvp,"{""volume_and_page"": ""84(Spec. No.): 172""}"
Trichotosia odoardii,cites_csv,0,,,"Trichotosia odoardii Kraenzl., 1910","Kraenzl., 1910",Orchidaceae,Trichotosia,odoardii,SPECIES,II,,,,,,,,,unambiguous_accepted,cites_csv,
Trichotosia odoardoi,wfo,1,Eria odoardii,Eria odoardii [Unknown; wfo],Trichotosia odoardoi Kraenzl.,Kraenzl.,Orchidaceae,Trichotosia,odoardoi,species,,,,,wfo-0000328018,,Beibl. Bot. Jahrb. Syst. 101: 21 (1910),,,unambiguous_accepted,wfo,"{""majorGroup"": ""A"", ""references"": ""https://powo.science.kew.org/taxon/urn:lsid:ipni.org:names:660689-1"", ""source"": ""World Checklist of Vascular Plants. Facilitated by the Royal Botanic Gardens, Kew."", ""taxonRemarks"": ""Source in seed data: wcs Update namepublishedIn from Bot. Jahrb. Syst. 44(2-3, Beibl. 101): 21. 1910 [22 Mar 1910] to Beibl. Bot. Jahrb. Syst. 101: 21 (1910), information provided by Alan E. on email Jun. 07 2021 More details could be found in <a href=ht"", ""tplId"": ""kew-208580"", ""wfo_nomenclatural_status"": ""Valid""}"
Tridactyle amadorii,wcvp,0,,,Tridactyle amadorii D'haijère,D'haijère,Orchidaceae,Tridactyle,amadorii,Species,,,3309206,77312906-1,,<NA>,(2022),Novon,"São Tomé, Príncipe",unambiguous_accepted,wcvp,"{""climate_description"": ""wet tropical"", ""lifeform_description"": ""epiphytic subshrub"", ""volume_and_page"": ""30: 140""}"
Tridactyle anthomaniaca subsp. anthomaniaca,cites_pdf,0,,,Tridactyle anthomaniaca subsp. anthomaniaca,,Orchidaceae,Angraecum,lepidotum,,,,,,,,,,,unambiguous_accepted,cites_pdf,"{""accepted_genus"": ""Tridactyle"", ""page"": 38, ""y"": 216.0}"
Tridactyle bicaudata subsp. bicaudata,cites_pdf,1,Angraecum ﬁmbriatum Rendle,Angraecum ﬁmbriatum Rendle [Unknown; cites_pdf],Tridactyle bicaudata subsp. bicaudata,,Orchidaceae,Angraecum,ﬁmbriatum,,,,,,,,,,,unambiguous_accepted,cites_pdf,"{""accepted_genus"": ""Tridactyle"", ""page"": 35, ""y"": 407.3}"
Tridactyle cocophila,wcvp,0,,,Tridactyle cocophila D'haijère,D'haijère,Orchidaceae,Tridactyle,cocophila,Species,,,3309171,77312907-1,,<NA>,(2022),Novon,São Tomé,unambiguous_accepted,wcvp,"{""climate_description"": ""wet tropical"", ""lifeform_description"": ""epiphytic subshrub"", ""volume_and_page"": ""30: 144""}"
Tridactyle fimbripetala,wfo,0,,,Tridactyle fimbripetala Schltr.,Schltr.,Orchidaceae,Tridactyle,fimbripetala,species,,,,,wfo-0001222157,,Beih. Bot. Centralbl. 36(2): 144 (1918),,,unambiguous_accepted,wfo,"{""majorGroup"": ""A"", ""originalNameUsageID"": ""wfo-0000977022"", ""references"": ""https://powo.science.kew.org/taxon/urn:lsid:ipni.org:names:660742-1"", ""source"": ""World Checklist of Vascular Plants. Facilitated by the Royal Botanic Gardens, Kew."", ""taxonRemarks"": ""Source in seed data: tro Updated scientificnameAuthorship from (De Wild.) Schltr. to Schltr., information provided by Alan E. on email Oct. 12 2020 More details could be found in <a href=http://www.theplantlist.org/tpl1.1/record/tro-50017321 >The Plant L"", ""tplId"": ""tro-50017321"", ""wfo_nomenclatural_status"": ""Valid""}"
Tridactyle levelevis,wcvp,0,,,Tridactyle levelevis D'haijère & Stévart,D'haijère & Stévart,Orchidaceae,Tridactyle,levelevis,Species,,,3309199,77312908-1,,<NA>,(2022),Novon,São Tomé,unambiguous_accepted,wcvp,"{""climate_description"": ""wet tropical"", ""lifeform_description"": ""epiphytic subshrub"", ""volume_and_page"": ""30: 147""}"
Tridactyle oboensis,wcvp,0,,,Tridactyle oboensis D'haijère & Stévart,D'haijère & Stévart,Orchidaceae,Tridactyle,oboensis,Species,,,3309183,77312909-1,,<NA>,(2022),Novon,São Tomé,unambiguous_accepted,wcvp,"{""climate_description"": ""wet tropical"", ""lifeform_description"": ""epiphytic subshrub"", ""volume_and_page"": ""30: 150""}"
Tridactyle ﬁlifolia (Schltr.) Schltr.,cites_pdf,1,Angraecum ﬁlifolium Schltr.,Angraecum ﬁlifolium Schltr. [Unknown; cites_pdf],Tridactyle ﬁlifolia (Schltr.) Schltr.,,Orchidaceae,Angraecum,ﬁlifolium,,,,,,,,,,,unambiguous_accepted,cites_pdf,"{""accepted_genus"": ""Tridactyle"", ""page"": 35, ""y"": 287.7}"
Tridactyle ﬁmbriatipetala (De Wild.) Schltr.,cites_pdf,1,Angraecum ﬁmbriatipetalum De Wild.,Angraecum ﬁmbriatipetalum De Wild. [Unknown; cites_pdf],Tridactyle ﬁmbriatipetala (De Wild.) Schltr.,,Orchidaceae,Angraecum,ﬁmbriatipetalum,,,,,,,,,,,unambiguous_accepted,cites_pdf,"{""accepted_genus"": ""Tridactyle"", ""page"": 35, ""y"": 383.3}"
Triphora gallegosii,wcvp,0,,,"Triphora gallegosii Figueroa, Zabalg., Velázquez-R. & R.Jiménez","Figueroa, Zabalg., Velázquez-R. & R.Jiménez",Orchidaceae,Triphora,gallegosii,Species,,,3309347,77320888-1,,<NA>,(2023),Phytotaxa,C. & SW. Mexico,unambiguous_accepted,wcvp,"{""climate_description"": ""seasonally dry tropical"", ""lifeform_description"": ""tuberous geophyte"", ""volume_and_page"": ""599: 91""}"
Trisetella clavigera,wcvp,0,,,Trisetella clavigera Vierling,Vierling,Orchidaceae,Trisetella,clavigera,Species,,,3309233,77313977-1,,<NA>,(2023),OrchideenJ.,Trop. America (?),unambiguous_accepted,wcvp,"{""climate_description"": ""wet tropical"", ""lifeform_description"": ""epiphyte"", ""volume_and_page"": ""30: 18""}"
Tropidia capitata,wcvp,0,,,Tropidia capitata (Thorel ex Gagnep.) Ormerod,(Thorel ex Gagnep.) Ormerod,Orchidaceae,Tropidia,capitata,Species,,,3309506,77316273-1,,188252,(2017),Checkl. Papuasian Orchids,Laos,unambiguous_accepted,wcvp,"{""climate_description"": ""wet tropical"", ""lifeform_description"": ""perennial or rhizomatous geophyte"", ""volume_and_page"": "": 437""}"
Tropidia curcugiloides,wfo,0,,,Tropidia curcugiloides Lindl.,Lindl.,Orchidaceae,Tropidia,curcugiloides,species,,,,,wfo-0001259446,,Gen. Sp. Orchid. Pl. 497 1840,,,unambiguous_accepted,wfo,"{""majorGroup"": ""A"", ""source"": ""World Checklist of Vascular Plants. Facilitated by the Royal Botanic Gardens, Kew."", ""taxonRemarks"": ""Source in seed data: tro More details could be found in <a href=http://www.theplantlist.org/tpl1.1/record/tro-50191833 >The Plant List v.1.1.</a> Originally in <a href=http://www.theplantlist.org/tpl/record/tro-50191833 >The Plant List v.1.0</a>"", ""tplId"": ""tro-50191833"", ""wfo_nomenclatural_status"": ""Valid""}"
Tropidia somai,wfo,0,,,Tropidia somai Hayata,Hayata,Orchidaceae,Tropidia,somai,species,,,,,wfo-0000328725,,Icon. Pl. Formosan. 6: 85 (1916),,,unambiguous_accepted,wfo,"{""majorGroup"": ""A"", ""references"": ""https://powo.science.kew.org/taxon/urn:lsid:ipni.org:names:660906-1"", ""source"": ""World Checklist of Vascular Plants. Facilitated by the Royal Botanic Gardens, Kew."", ""taxonRemarks"": ""Source in seed data: wcs Update namepublishedIn from Icon. Pl. Formosan. 6: 85. 1916 [25 Dec 1916] to Icon. Pl. Formosan. 6: 85 (1916), information provided by Alan E. on email Jun. 07 2021 More details could be found in <a href=http://www.theplantlist.o"", ""tplId"": ""kew-209272"", ""wfo_nomenclatural_status"": ""Valid""}"
Tulotis fragrans,wcvp,1,Habenaria fragrans,Habenaria fragrans [Homotypic; wcvp],Tulotis fragrans Raf.,Raf.,Orchidaceae,Habenaria,fragrans,Species,,,94665,116383-2,,209392,(1904),Bog-Trott. Orch.,,unambiguous_accepted,wcvp,"{""volume_and_page"": "": 253""}"
Uncifera motuoensis,wcvp,0,,,"Uncifera motuoensis M.Z.Huang, Xue D.Chen & M.K.Li","M.Z.Huang, Xue D.Chen & M.K.Li",Orchidaceae,Uncifera,motuoensis,Species,,,3319961,77340689-1,,<NA>,(2024),Taiwania,SE. Tibet,unambiguous_accepted,wcvp,"{""climate_description"": ""subtropical"", ""lifeform_description"": ""epiphytic subshrub"", ""volume_and_page"": ""69: 20""}"
Vanda aurantiaca subsp. philippinensis,cites_pdf,2,"Ascocentrum aurantiacum subsp. philippinense, Saccolabium miniatum var. crinitum","Ascocentrum aurantiacum subsp. philippinense [Unknown; cites_pdf], Saccolabium miniatum var. crinitum [Unknown; cites_pdf]",Vanda aurantiaca subsp. philippinensis (Christenson) L.M.Gardiner,(Christenson) L.M.Gardiner,Orchidaceae,Ascocentrum,aurantiacum,,,,,,,,,,,unambiguous_accepted,cites_pdf,"{""accepted_genus"": ""Vanda"", ""page"": 51, ""y"": 574.6}"
Vanda emiliae,wfo,0,,,Vanda emiliae Motes,Motes,Orchidaceae,Vanda,emiliae,species,,,,,wfo-1000029351,,Nat. Gen. Vanda : 155 (2021),,,unambiguous_accepted,wfo,"{""majorGroup"": ""A"", ""references"": ""https://powo.science.kew.org/taxon/urn:lsid:ipni.org:names:77299030-1"", ""source"": ""World Checklist of Vascular Plants. Facilitated by the Royal Botanic Gardens, Kew."", ""wfo_nomenclatural_status"": ""Valid""}"
Vanda emilyae,wcvp,0,,,Vanda emilyae Motes,Motes,Orchidaceae,Vanda,emilyae,Species,,,3296621,77299030-1,,<NA>,(2021),Nat. Gen. Vanda,Papua New Guinea to Bismarck Arch.,unambiguous_accepted,wcvp,"{""climate_description"": ""wet tropical"", ""lifeform_description"": ""epiphytic subshrub"", ""volume_and_page"": "": 155""}"
Vanda esquirolei,wfo,0,,,Vanda esquirolei Schltr.,Schltr.,Orchidaceae,Vanda,cruenta,species,,,,,wfo-0000331007,,Hort. Brit. : 388 (1826),,,unambiguous_accepted,wfo,"{""majorGroup"": ""A"", ""references"": ""https://powo.science.kew.org/taxon/urn:lsid:ipni.org:names:660995-1"", ""source"": ""World Checklist of Vascular Plants. Facilitated by the Royal Botanic Gardens, Kew."", ""taxonRemarks"": ""Source in seed data: wcs Updated scientificnameAuthorship from Lodd. ex Sweet to G.Lodd. ex Sweet, information provided by Alan E. on email Oct. 12 2020 , not validly publ."", ""tplId"": ""kew-211452"", ""wfo_nomenclatural_status"": ""Invalid""}"
Vanda griﬃthii Lindl.,cites_pdf,2,"Luisia griﬃthii (Lindl.) Kraenzl., Trudelia griﬃthii (Lindl.) Garay.","Luisia griﬃthii (Lindl.) Kraenzl. [Unknown; cites_pdf], Trudelia griﬃthii (Lindl.) Garay. [Unknown; cites_pdf]",Vanda griﬃthii Lindl.,,Orchidaceae,Luisia,griﬃthii,,,,,,,,,,,unambiguous_accepted,cites_pdf,"{""accepted_genus"": ""Vanda"", ""page"": 397, ""y"": 514.9}"
Vanda lamellata var. boxallii,cites_pdf,0,,,Vanda lamellata var. boxallii Rchb.f.,Rchb.f.,Orchidaceae,Vanda,boxallii,,,,,,,,,,,unambiguous_accepted,cites_pdf,"{""page"": 506, ""y"": 156.2}"
Vanda lamellata var. lamellata,cites_pdf,3,"Vanda lamellata f. alba, Vanda lamellata var. calayana, Vanda nasughuana","Vanda lamellata f. alba [Unknown; cites_pdf], Vanda lamellata var. calayana [Unknown; cites_pdf], Vanda nasughuana [Unknown; cites_pdf]",Vanda lamellata var. lamellata,,Orchidaceae,Vanda,amiensis,,,,,,,,,,,unambiguous_accepted,cites_pdf,"{""page"": 505, ""y"": 598.5}"
Vanda tricolor var. suavis,cites_pdf,0,,,Vanda tricolor var. suavis (Lindl.) Rchb.f.,(Lindl.) Rchb.f.,Orchidaceae,Vanda,suavis,,,,,,,,,,,unambiguous_accepted,cites_pdf,"{""page"": 509, ""y"": 550.7}"
Vanda tricolor var. tricolor,cites_pdf,5,"Vanda tricolor f. patersonii, Vanda tricolor f. planilabris, Vanda tricolor var. patersonii, Vanda tricolor var. planilabris, Vanda tricolor var. purpurea","Vanda tricolor f. patersonii [Unknown; cites_pdf], Vanda tricolor f. planilabris [Unknown; cites_pdf], Vanda tricolor var. patersonii [Unknown; cites_pdf], Vanda tricolor var. planilabris [Unknown; cites_pdf], Vanda tricolor var. purpurea [Unknown; cites_pdf]",Vanda tricolor var. tricolor,,Orchidaceae,Limodorum,suaveolens,,,,,,,,,,,unambiguous_accepted,cites_pdf,"{""accepted_genus"": ""Vanda"", ""page"": 397, ""y"": 311.6}"
Vanda x,cites_pdf,1,Vanda coerulescens var. boxallii,Vanda coerulescens var. boxallii [Unknown; cites_pdf],Vanda x confusa Rolfe,confusa Rolfe,Orchidaceae,Vanda,coerulescens,,,,,,,,,,,unambiguous_accepted,cites_pdf,"{""page"": 506, ""y"": 395.3}"
Vanda ﬂabellata (Rolfe ex Downie) Christenson,cites_pdf,1,Aerides ﬂabellata Rolfe ex Downie,Aerides ﬂabellata Rolfe ex Downie [Unknown; cites_pdf],Vanda ﬂabellata (Rolfe ex Downie) Christenson,,Orchidaceae,Aerides,ﬂabellata,,,,,,,,,,,unambiguous_accepted,cites_pdf,"{""accepted_genus"": ""Vanda"", ""page"": 17, ""y"": 180.1}"
Vandaenopsis bultelii,wcvp,0,,,× Vandaenopsis bultelii Guillaumin,Guillaumin,Orchidaceae,Vandaenopsis,bultelii,Species,,,211581,661104-1,,<NA>,(1935),Arch. Mus. Natl. Hist. Nat.,,unambiguous_accepted,wcvp,"{""hybrid"": true, ""volume_and_page"": "", sér. 6, 12: 607""}"
Vandaenopsis ferrierensis,wcvp,1,Vandopsis ferrierensis,Vandopsis ferrierensis [Homotypic; wcvp],× Vandaenopsis ferrierensis (Anon.) Guillaumin,(Anon.) Guillaumin,Orchidaceae,Vandopsis,ferrierensis,Species,,,211605,77248469-1,,<NA>,(1931),Bull. Soc. Natl. Hort. France,,unambiguous_accepted,wcvp,"{""hybrid"": true, ""volume_and_page"": "", sér. 5, 4: 412""}"
Vanilla atsinananensis,wcvp,0,,,Vanilla atsinananensis C.F.Andriam. & Pailler,C.F.Andriam. & Pailler,Orchidaceae,Vanilla,atsinananensis,Species,,,3309801,77321851-1,,<NA>,(2022),J. Syst. Evol.,Madagascar,unambiguous_accepted,wcvp,"{""climate_description"": ""wet tropical"", ""volume_and_page"": ""61: 92""}"
Vanilla calamitosa,wcvp,0,,,"Vanilla calamitosa D.N.Carvalho, Meneguzzo & Van den Berg","D.N.Carvalho, Meneguzzo & Van den Berg",Orchidaceae,Vanilla,calamitosa,Species,,,3309638,77318378-1,,<NA>,(2023),Kew Bull.,Brazil (Bahia),unambiguous_accepted,wcvp,"{""climate_description"": ""wet tropical"", ""volume_and_page"": ""78: 310""}"
Vanilla cameroniana,wcvp,0,,,Vanilla cameroniana Damian,Damian,Orchidaceae,Vanilla,cameroniana,Species,,,3309724,77325908-1,,<NA>,(2023),Phytotaxa,French Guiana,unambiguous_accepted,wcvp,"{""climate_description"": ""wet tropical"", ""volume_and_page"": ""609: 223""}"
Vanilla karen-christianae,wcvp,0,,,Vanilla karen-christianae Karremans & P.Lehm.,Karremans & P.Lehm.,Orchidaceae,Vanilla,uncinata,Species,,,211994,661291-1,,<NA>,(1937),Arch. Inst. Biol. (São Paulo),"Nicaragua to Costa Rica, Peru to N. Brazil",unambiguous_accepted,wcvp,"{""climate_description"": ""wet tropical"", ""lifeform_description"": ""climber"", ""nomenclatural_remarks"": "", not validly publ."", ""volume_and_page"": ""8: 269""}"
Vanilla karenchristianae,wfo,0,,,Vanilla karenchristianae Karremans & P.Lehm.,Karremans & P.Lehm.,Orchidaceae,Vanilla,uncinata,species,,,,,wfo-0000331575,,Arch. Inst. Biol. (São Paulo) 8: 269 (1937),,,unambiguous_accepted,wfo,"{""majorGroup"": ""A"", ""references"": ""https://powo.science.kew.org/taxon/urn:lsid:ipni.org:names:661291-1"", ""source"": ""World Checklist of Vascular Plants. Facilitated by the Royal Botanic Gardens, Kew."", ""taxonRemarks"": ""Source in seed data: wcs Update namepublishedIn from Arch. Inst. Biol. (Sao Paulo) viii. 269 (1937); Hoehne, Fl. Bras., Fasc. 8,xii. II. 13 (1945), sine descr. lat. to Arch. Inst. Biol. (São Paulo) 8: 269 (1937), information provided by Alan E. on email"", ""tplId"": ""kew-211994"", ""wfo_nomenclatural_status"": ""Invalid""}"
Vanilla marmoreisense,wcvp,0,,,"Vanilla marmoreisense Soto Calvo, Esperon & Sauleda","Soto Calvo, Esperon & Sauleda",Orchidaceae,Vanilla,marmoreisense,Species,,,536203,77202303-1,,<NA>,(2019),New World Orchid. Nomencl. Notes,Cuba,unambiguous_accepted,wcvp,"{""climate_description"": ""wet tropical"", ""volume_and_page"": ""56: 2""}"
Vanilla marmoreisensis,wfo,0,,,"Vanilla marmoreisensis Soto Calvo, Esperon & Sauleda","Soto Calvo, Esperon & Sauleda",Orchidaceae,Vanilla,marmoreisensis,species,,,,,wfo-1000034879,,New World Orchid. Nomencl. Notes 56: 2 (2019),,,unambiguous_accepted,wfo,"{""majorGroup"": ""A"", ""references"": ""https://powo.science.kew.org/taxon/urn:lsid:ipni.org:names:77202303-1"", ""source"": ""World Checklist of Vascular Plants. Facilitated by the Royal Botanic Gardens, Kew."", ""wfo_nomenclatural_status"": ""Valid""}"
Vanilla rupicola,wcvp,0,,,Vanilla rupicola Pansarin & E.L.F.Menezes,Pansarin & E.L.F.Menezes,Orchidaceae,Vanilla,rupicola,Species,,,3309825,77320774-1,,<NA>,(2023),PhytoKeys,Brazil (Minas Gerais),unambiguous_accepted,wcvp,"{""climate_description"": ""wet tropical"", ""volume_and_page"": ""227: 154""}"
Vanilla somai,wfo,1,Miguelia somai,Miguelia somai [Unknown; wfo],Vanilla somai Hayata,Hayata,Orchidaceae,Vanilla,griffithii,variety,,,,,wfo-0000331469,,Icon. Pl. Japon. 1: 1 (1911),,,unambiguous_accepted,wfo,"{""majorGroup"": ""A"", ""references"": ""https://powo.science.kew.org/taxon/urn:lsid:ipni.org:names:77294386-1"", ""source"": ""World Checklist of Vascular Plants. Facilitated by the Royal Botanic Gardens, Kew."", ""taxonRemarks"": ""Source in seed data: wcs More details could be found in <a href=http://www.theplantlist.org/tpl1.1/record/kew-211898 >The Plant List v.1.1.</a> Originally in <a href=http://www.theplantlist.org/tpl/record/kew-211898 >The Plant List v.1.0</a>"", ""tplId"": ""kew-211898"", ""wfo_nomenclatural_status"": ""Valid""}"
Vanilla tahitensis,wcvp,2,"Vanilla hirsuta, Vanilla tiarei","Vanilla hirsuta [Heterotypic; wcvp], Vanilla tiarei [Nomenclatural; wcvp]",Vanilla × tahitensis J.W.Moore,J.W.Moore,Orchidaceae,Vanilla,tahitensis,Species,,,211988,661286-1,,<NA>,(1933),Bull. Bernice P. Bishop Mus.,,unambiguous_accepted,wcvp,"{""hybrid"": true, ""volume_and_page"": ""102: 25""}"
Vanilla walkeriae,cites_csv,0,,,"Vanilla walkeriae Wight, 1845","Wight, 1845",Orchidaceae,Vanilla,walkeriae,SPECIES,II,,,,,,,,"India,Sri Lanka",unambiguous_accepted,cites_csv,"{""All_DistributionISOCodes"": ""IN,LK"", ""NativeDistributionFullNames"": ""India,Sri Lanka""}"
Vanilla wightiana,cites_csv,0,,,Vanilla wightiana Lindley ex Hook.f.,Lindley ex Hook.f.,Orchidaceae,Vanilla,wightiana,SPECIES,II,,,,,,,,India,unambiguous_accepted,cites_csv,"{""All_DistributionISOCodes"": ""IN"", ""NativeDistributionFullNames"": ""India""}"
Vitekorchis excavatus,wfo,0,,,Vitekorchis excavatus (Lindl.) Romowicz & Szlach.,(Lindl.) Romowicz & Szlach.,Orchidaceae,Oncidium,aurosum,species,,,,,wfo-0000255690,,Bonplandia (Hannover) 2: 108 (1854),,,unambiguous_accepted,wfo,"{""majorGroup"": ""A"", ""references"": ""https://powo.science.kew.org/taxon/urn:lsid:ipni.org:names:646860-1"", ""source"": ""World Checklist of Vascular Plants. Facilitated by the Royal Botanic Gardens, Kew."", ""taxonRemarks"": ""Source in seed data: wcs Update namepublishedIn from Bonplandia (Hannover) 2: 108 1854 to Bonplandia (Hannover) 2: 108 (1854), information provided by Alan E. on email Jun. 07 2021 More details could be found in <a href=http://www.theplantlist.org/tpl1.1"", ""tplId"": ""kew-139153"", ""wfo_nomenclatural_status"": ""Valid""}"
Vitekorchis lucasianus,wfo,0,,,Vitekorchis lucasianus (Rolfe) Romowicz & Szlach.,(Rolfe) Romowicz & Szlach.,Orchidaceae,Oncidium,lucasianum,species,,,,,wfo-0000256203,,Bull. Misc. Inform. Kew 1894: 185 (1894),,,unambiguous_accepted,wfo,"{""majorGroup"": ""A"", ""references"": ""https://powo.science.kew.org/taxon/urn:lsid:ipni.org:names:174138-2"", ""source"": ""World Checklist of Vascular Plants. Facilitated by the Royal Botanic Gardens, Kew."", ""taxonRemarks"": ""Source in seed data: wcs Update namepublishedIn from Bull. Misc. Inform. Kew 1894: 185 1894 to Bull. Misc. Inform. Kew 1894: 185 (1894), information provided by Alan E. on email Jun. 07 2021 More details could be found in <a href=http://www.theplantlist."", ""tplId"": ""kew-139618"", ""wfo_nomenclatural_status"": ""Valid""}"
Vrydagzynea nova-guineensis,wfo,0,,,Vrydagzynea nova-guineensis J.J.Sm.,J.J.Sm.,Orchidaceae,Vrydagzynea,chalmersii,species,,,,,wfo-0000333727,,Repert. Spec. Nov. Regni Veg. 16: 106 (1919),,,unambiguous_accepted,wfo,"{""majorGroup"": ""A"", ""references"": ""https://powo.science.kew.org/taxon/urn:lsid:ipni.org:names:661336-1"", ""source"": ""World Checklist of Vascular Plants. Facilitated by the Royal Botanic Gardens, Kew."", ""taxonRemarks"": ""Source in seed data: wcs Update namepublishedIn from Repert. Spec. Nov. Regni Veg. 16: 106. 1919 to Repert. Spec. Nov. Regni Veg. 16: 106 (1919), information provided by Alan E. on email Jun. 07 2021 More details could be found in <a href=http://www.thep"", ""tplId"": ""kew-214062"", ""wfo_nomenclatural_status"": ""Valid""}"
Warscewiczella marginata,wfo,0,,,Warscewiczella marginata Rchb.f.,Rchb.f.,Orchidaceae,Warscewiczella,marginata,species,,,,,wfo-0001263616,,Bot. Zeitung (Berlin) 636 1852,,,unambiguous_accepted,wfo,"{""majorGroup"": ""A"", ""source"": ""World Checklist of Vascular Plants. Facilitated by the Royal Botanic Gardens, Kew."", ""taxonRemarks"": ""Source in seed data: tro More details could be found in <a href=http://www.theplantlist.org/tpl1.1/record/tro-50209362 >The Plant List v.1.1.</a> Originally in <a href=http://www.theplantlist.org/tpl/record/tro-50209362 >The Plant List v.1.0</a>"", ""tplId"": ""tro-50209362"", ""wfo_nomenclatural_status"": ""Valid""}"
Xylobium ravetiorum,wcvp,0,,,Xylobium ravetiorum Sambin & Aucourd,Sambin & Aucourd,Orchidaceae,Xylobium,ravetiorum,Species,,,3320152,77347567-1,,<NA>,(2024),"Richardiana, N.S.",French Guiana,unambiguous_accepted,wcvp,"{""climate_description"": ""wet tropical"", ""lifeform_description"": ""pseudobulbous epiphyte"", ""volume_and_page"": ""8(Special Issue): 39""}"
Ypsilopus zimbabweensis,wcvp,0,,,Ypsilopus zimbabweensis Farminhão & P.J.Cribb,Farminhão & P.J.Cribb,Orchidaceae,Ypsilopus,zimbabweensis,Species,,,3309965,77328944-1,,<NA>,(2023),Pl. Ecol. Evol.,Zimbabwe,unambiguous_accepted,wcvp,"{""climate_description"": ""seasonally dry tropical"", ""lifeform_description"": ""epiphytic subshrub"", ""volume_and_page"": ""156: 376""}"
Zeuxine lalashanensis,wcvp,0,,,Zeuxine lalashanensis S.S.Ying,S.S.Ying,Orchidaceae,Zeuxine,lalashanensis,Species,,,3310004,77331977-1,,<NA>,(2023),New Taxa New Names,Taiwan,unambiguous_accepted,wcvp,"{""climate_description"": ""subtropical"", ""lifeform_description"": ""rhizomatous geophyte"", ""volume_and_page"": ""6: 531""}"
Zeuxine mamiefoglianiae,wcvp,0,,,Zeuxine mamiefoglianiae M.Pignal,M.Pignal,Orchidaceae,Zeuxine,mamiefoglianiae,Species,,,3310047,77307796-1,,<NA>,(2023),Adansonia,N. New Caledonia,unambiguous_accepted,wcvp,"{""climate_description"": ""wet tropical"", ""lifeform_description"": ""rhizomatous geophyte"", ""volume_and_page"": "", sér. 3, 45: 320""}"
Zeuxine niijimai,wfo,0,,,Zeuxine niijimai Tatew. & Masam.,Tatew. & Masam.,Orchidaceae,Zeuxine,niijimai,species,,,,,wfo-0000335343,,Bot. Mag. (Tokyo) 46: 772 (1932),,,unambiguous_accepted,wfo,"{""majorGroup"": ""A"", ""references"": ""https://powo.science.kew.org/taxon/urn:lsid:ipni.org:names:661592-1"", ""source"": ""World Checklist of Vascular Plants. Facilitated by the Royal Botanic Gardens, Kew."", ""taxonRemarks"": ""Source in seed data: wcs Update namepublishedIn from Bot. Mag. (Tokyo) 46: 772. 1932 to Bot. Mag. (Tokyo) 46: 772 (1932), information provided by Alan E. on email Jun. 07 2021 More details could be found in <a href=http://www.theplantlist.org/tpl1.1/reco"", ""tplId"": ""kew-215715"", ""wfo_nomenclatural_status"": ""Valid""}"
Zeuxine rolfiana,wfo,0,,,Zeuxine rolfiana King & Pantl.,King & Pantl.,Orchidaceae,Zeuxine,rolfiana,species,,,,,wfo-0000335369,,"J. Asiat. Soc. Bengal, Pt. 2, Nat. Hist. 66: 599 (1897)",,,unambiguous_accepted,wfo,"{""majorGroup"": ""A"", ""references"": ""https://powo.science.kew.org/taxon/urn:lsid:ipni.org:names:661615-1"", ""source"": ""World Checklist of Vascular Plants. Facilitated by the Royal Botanic Gardens, Kew."", ""taxonRemarks"": ""Source in seed data: wcs Update namepublishedIn from J. Asiat. Soc. Bengal, Pt. 2, Nat. Hist. 66: 599. 1897 [1898 publ. 1897] to J. Asiat. Soc. Bengal, Pt. 2, Nat. Hist. 66: 599 (1897), information provided by Alan E. on email Jun. 07 2021 More details c"", ""tplId"": ""kew-215739"", ""wfo_nomenclatural_status"": ""Valid""}"
Zeuxine zollingeri,wcvp,0,,,Zeuxine zollingeri (Rchb.f.) Ormerod & Juswara,(Rchb.f.) Ormerod & Juswara,Orchidaceae,Monochilus,zollingeri,Species,,,129474,644892-1,,<NA>,(1856),Xenia Orchid.,Jawa,unambiguous_accepted,wcvp,"{""volume_and_page"": ""1: 215""}"
Zootrophion anas-rostellum,wcvp,0,,,Zootrophion anas-rostellum Vierling,Vierling,Orchidaceae,Zootrophion,anas-rostellum,Species,,,3320198,77351692-1,,<NA>,(2024),OrchideenJ.,Trop. America (?),unambiguous_accepted,wcvp,"{""climate_description"": ""wet tropical"", ""lifeform_description"": ""epiphyte"", ""volume_and_page"": ""11(1)-e: 3""}"
Zootrophion fasciferum,wcvp,0,,,Zootrophion fasciferum Vierling,Vierling,Orchidaceae,Zootrophion,fasciferum,Species,,,3320213,77351693-1,,<NA>,(2024),OrchideenJ.,Trop. America (?),unambiguous_accepted,wcvp,"{""climate_description"": ""wet tropical"", ""lifeform_description"": ""epiphyte"", ""volume_and_page"": ""11(1)-e: 5""}"
Zootrophion geometrizans,wcvp,0,,,Zootrophion geometrizans Vierling,Vierling,Orchidaceae,Zootrophion,geometrizans,Species,,,3320194,77351694-1,,<NA>,(2024),OrchideenJ.,Trop. America (?),unambiguous_accepted,wcvp,"{""climate_description"": ""wet tropical"", ""lifeform_description"": ""epiphyte"", ""volume_and_page"": ""11(1)-e: 7""}"
Zootrophion lilacinum,wcvp,0,,,Zootrophion lilacinum Vierling,Vierling,Orchidaceae,Zootrophion,lilacinum,Species,,,3320223,77351695-1,,<NA>,(2024),OrchideenJ.,Trop. America (?),unambiguous_accepted,wcvp,"{""climate_description"": ""wet tropical"", ""lifeform_description"": ""epiphyte"", ""volume_and_page"": ""11(1)-e: 10""}"
Zootrophion metornianum,wcvp,0,,,Zootrophion metornianum Vierling,Vierling,Orchidaceae,Zootrophion,metornianum,Species,,,3320226,77351696-1,,<NA>,(2024),OrchideenJ.,Trop. America (?),unambiguous_accepted,wcvp,"{""climate_description"": ""wet tropical"", ""lifeform_description"": ""epiphyte"", ""volume_and_page"": ""11(1)-e: 11""}"
Zootrophion rostrum,wcvp,0,,,Zootrophion rostrum Vierling,Vierling,Orchidaceae,Zootrophion,rostrum,Species,,,3320205,77351697-1,,<NA>,(2024),OrchideenJ.,Trop. America (?),unambiguous_accepted,wcvp,"{""climate_description"": ""wet tropical"", ""lifeform_description"": ""epiphyte"", ""volume_and_page"": ""11(1)-e: 13""}"
Zootrophion stenanthum,wcvp,0,,,Zootrophion stenanthum Pupulin & Rojas-Alv.,Pupulin & Rojas-Alv.,Orchidaceae,Zootrophion,stenanthum,Species,,,3309982,77312931-1,,<NA>,(2022),"Vanishing Beauty, Native Costa Rican Orchids",Costa Rica,unambiguous_accepted,wcvp,"{""climate_description"": ""wet tropical"", ""lifeform_description"": ""epiphyte"", ""volume_and_page"": ""3: 1388""}"
Zootrophion stigianum,wcvp,0,,,Zootrophion stigianum Vierling,Vierling,Orchidaceae,Zootrophion,stigianum,Species,,,3320203,77351698-1,,<NA>,(2024),OrchideenJ.,Trop. America (?),unambiguous_accepted,wcvp,"{""climate_description"": ""wet tropical"", ""lifeform_description"": ""epiphyte"", ""volume_and_page"": ""11(1)-e: 15""}"
Zygocolax leopardinum,wcvp,1,Zygopetalum leopardinum,Zygopetalum leopardinum [Homotypic; wcvp],× Zygocolax leopardinum (Veitch ex Rchb.f.) Rolfe,(Veitch ex Rchb.f.) Rolfe,Orchidaceae,Zygopetalum,leopardinum,Species,,,216081,661735-1,,<NA>,(1886),Gard. Chron.,,unambiguous_accepted,wcvp,"{""hybrid"": true, ""volume_and_page"": "", n.s., 26: 199""}"
Zygopabstia veitchii,wcvp,2,"Zygocolax veitchii, Zygopetalum veitchii","Zygocolax veitchii [Homotypic; wcvp], Zygopetalum veitchii [Homotypic; wcvp]",× Zygopabstia veitchii (J.H.Veitch ex Rolfe) Dress,(J.H.Veitch ex Rolfe) Dress,Orchidaceae,Zygopetalum,veitchii,Species,,,216144,661794-1,,<NA>,(1887),Gard. Chron.,,unambiguous_accepted,wcvp,"{""hybrid"": true, ""volume_and_page"": "", ser. 3, 1: 425""}"
Zygopetalum perrenoudii,wcvp,1,Zygopetalum gottianum,Zygopetalum gottianum [Heterotypic; wcvp],Zygopetalum × perrenoudii Meunier ex Bois,Meunier ex Bois,Orchidaceae,Zygopetalum,perrenoudii,Species,,,216113,661767-1,,<NA>,(1894),Rev. Hort. (Paris),,unambiguous_accepted,wcvp,"{""hybrid"": true, ""volume_and_page"": ""66: 191""}"
Zygostates castellensis,wcvp,0,,,"Zygostates castellensis (Brade) C.Royer, Toscano & E.C.Smidt","(Brade) C.Royer, Toscano & E.C.Smidt",Orchidaceae,Centroglossa,castellensis,Species,,,36290,51435-2,,<NA>,(1949),Arch. Jard. Bot. Rio de Janeiro,Brazil (Espírito Santo),unambiguous_accepted,wcvp,"{""climate_description"": ""seasonally dry tropical"", ""lifeform_description"": ""epiphytic perennial or subshrub"", ""volume_and_page"": ""9: 12""}"
Zygostates huannae,wcvp,0,,,Zygostates huannae Campacci & D.A.Rodrigues,Campacci & D.A.Rodrigues,Orchidaceae,Zygostates,huannae,Species,,,3320187,77334678-1,,<NA>,(2023),Colet. Orquídeas Brasil.,Brazil (Bahia),unambiguous_accepted,wcvp,"{""climate_description"": ""wet tropical"", ""lifeform_description"": ""epiphyte"", ""volume_and_page"": ""19: 806""}"
Zygostates nunes-limae,wcvp,0,,,"Zygostates nunes-limae (Porto & Brade) C.Royer, Toscano & E.C.Smidt","(Porto & Brade) C.Royer, Toscano & E.C.Smidt",Orchidaceae,Zygostates,nunes-limae,Species,,,3310010,77314311-1,,36295,(2022),Syst. Bot.,"Brazil (Minas Gerais, Espírito Santo)",unambiguous_accepted,wcvp,"{""climate_description"": ""wet tropical"", ""lifeform_description"": ""epiphyte"", ""volume_and_page"": ""47: 933""}"
Zygostates tripollinica,wcvp,0,,,"Zygostates tripollinica (Barb.Rodr.) C.Royer, Toscano & E.C.Smidt","(Barb.Rodr.) C.Royer, Toscano & E.C.Smidt",Orchidaceae,Centroglossa,tripollinica,Species,,,36297,622324-1,,144164,(1882),Gen. Spec. Orchid.,SE. Brazil,unambiguous_accepted,wcvp,"{""climate_description"": ""seasonally dry tropical"", ""lifeform_description"": ""epiphytic perennial or subshrub"", ""volume_and_page"": ""2: 235""}"
